StepWise synthetic software-test fixture
SYNTHETIC DATA - NOT CLINICAL OR HUMAN-SUBJECT DATA
Generated deterministically for parser, segmentation, API, and demo testing.
Fields: Sample SystemTime P1 P2 P3 P4 AccX AccY AccZ GyrX GyrY GyrZ Pitch Roll Yaw
--------------------------------------------------------------------------------
1 12:00:00.000 0.000000 77.732121 0.630043 0.140488 -0.023618 0.413696 9.876633 0.000000 0.000000 0.000000 0.000000 0.000000 0.000000
2 12:00:00.000 0.000000 90.977714 2.001441 0.000000 0.035773 0.382623 9.863639 0.026168 0.015701 0.007850 0.062803 0.000000 0.010467
3 12:00:00.010 1.528967 107.128955 1.832190 0.000000 0.104407 0.374289 9.858160 0.052264 0.031359 0.015679 0.125434 0.000000 0.020906
4 12:00:00.010 0.915499 123.167217 2.150470 0.000000 0.151834 0.392703 9.932263 0.078217 0.046930 0.023465 0.187721 0.000000 0.031287
5 12:00:00.020 0.126225 140.724381 2.459507 0.082699 0.153814 0.363896 9.941487 0.103956 0.062374 0.031187 0.249494 0.000000 0.041582
6 12:00:00.020 0.194608 156.101695 3.069690 0.000000 0.209675 0.397733 9.960843 0.129410 0.077646 0.038823 0.310583 0.000000 0.051764
7 12:00:00.030 0.000000 172.105604 4.803599 0.000000 0.216626 0.375049 10.078428 0.154508 0.092705 0.046353 0.370820 0.000000 0.061803
8 12:00:00.030 0.334206 186.144352 4.407123 1.915125 0.292180 0.399662 10.043859 0.179184 0.107510 0.053755 0.430042 0.000000 0.071674
9 12:00:00.040 0.323191 197.752357 8.445878 0.612729 0.320598 0.340334 10.102495 0.203368 0.122021 0.061010 0.488084 0.000000 0.081347
10 12:00:00.040 0.000000 201.538902 9.119843 0.732660 0.385889 0.375754 10.133833 0.226995 0.136197 0.068099 0.544789 0.000000 0.090798
11 12:00:00.050 0.671613 206.638485 9.883063 1.181053 0.387602 0.362977 10.174064 0.250000 0.150000 0.075000 0.600000 0.000000 0.100000
12 12:00:00.050 0.000000 209.480197 13.988940 0.220686 0.426713 0.362763 10.161294 0.272320 0.163392 0.081696 0.653567 0.000000 0.108928
13 12:00:00.060 0.871573 208.400838 14.482057 0.753036 0.453123 0.257600 10.183031 0.293893 0.176336 0.088168 0.705342 0.000000 0.117557
14 12:00:00.060 2.265477 200.765084 17.869577 0.878700 0.502014 0.319043 10.198852 0.314660 0.188796 0.094398 0.755184 0.000000 0.125864
15 12:00:00.070 1.902560 195.134638 21.234420 0.297668 0.591825 0.289474 10.283126 0.334565 0.200739 0.100370 0.802957 0.000000 0.133826
16 12:00:00.070 0.000000 182.381235 24.659375 0.000000 0.547028 0.250939 10.229511 0.353553 0.212132 0.106066 0.848528 0.000000 0.141421
17 12:00:00.080 1.427423 171.031244 28.633560 0.615694 0.618070 0.252912 10.302684 0.371572 0.222943 0.111472 0.891774 0.000000 0.148629
18 12:00:00.080 0.326087 153.695198 30.393898 1.220921 0.607712 0.230030 10.364744 0.388573 0.233144 0.116572 0.932575 0.000000 0.155429
19 12:00:00.090 0.903586 139.777171 36.616916 0.042949 0.619346 0.231045 10.356988 0.404508 0.242705 0.121353 0.970820 0.000000 0.161803
20 12:00:00.090 1.796455 122.831027 40.429064 0.729916 0.647959 0.254508 10.396215 0.419335 0.251601 0.125801 1.006405 0.000000 0.167734
21 12:00:00.100 3.363496 106.866125 44.173082 3.105354 0.701583 0.200208 10.442814 0.433013 0.259808 0.129904 1.039230 0.000000 0.173205
22 12:00:00.100 1.804369 91.630658 48.874891 2.610618 0.723280 0.188897 10.455332 0.445503 0.267302 0.133651 1.069208 0.000000 0.178201
23 12:00:00.110 3.268405 77.682151 54.639859 2.120195 0.734611 0.167168 10.432795 0.456773 0.274064 0.137032 1.096255 0.000000 0.182709
24 12:00:00.110 4.065658 62.683929 57.100323 5.654669 0.763630 0.176736 10.451026 0.466790 0.280074 0.140037 1.120297 0.000000 0.186716
25 12:00:00.120 5.626953 52.738686 63.891720 7.300119 0.753235 0.126326 10.445641 0.475528 0.285317 0.142658 1.141268 0.000000 0.190211
26 12:00:00.120 6.958290 41.568248 63.541028 9.999099 0.771792 0.132935 10.554052 0.482963 0.289778 0.144889 1.159111 0.000000 0.193185
27 12:00:00.130 9.504834 32.182796 68.539567 9.354440 0.787177 0.096368 10.467955 0.489074 0.293444 0.146722 1.173777 0.000000 0.195630
28 12:00:00.130 10.740274 26.753082 68.778312 12.427119 0.814058 0.062557 10.520390 0.493844 0.296307 0.148153 1.185226 0.000000 0.197538
29 12:00:00.140 14.399815 18.362929 73.186078 14.602471 0.764946 0.066413 10.486567 0.497261 0.298357 0.149178 1.193426 0.000000 0.198904
30 12:00:00.140 16.155504 13.224951 73.944262 18.951303 0.799433 0.010059 10.505115 0.499315 0.299589 0.149794 1.198355 0.000000 0.199726
31 12:00:00.150 18.787160 10.646125 76.097750 22.513494 0.784533 0.011198 10.512746 0.500000 0.300000 0.150000 1.200000 0.000000 0.200000
32 12:00:00.150 24.935034 6.395278 77.199904 27.755123 0.779662 -0.020765 10.511118 0.499315 0.299589 0.149794 1.198355 0.000000 0.199726
33 12:00:00.160 28.366296 5.607084 75.832700 33.273506 0.818762 -0.028454 10.441615 0.497261 0.298357 0.149178 1.193426 0.000000 0.198904
34 12:00:00.160 33.460994 3.396775 72.433270 38.548684 0.809219 -0.041111 10.509572 0.493844 0.296307 0.148153 1.185226 0.000000 0.197538
35 12:00:00.170 38.783698 2.523294 70.886814 43.704494 0.808301 -0.067623 10.511886 0.489074 0.293444 0.146722 1.173777 0.000000 0.195630
36 12:00:00.170 44.084089 1.594027 67.275948 47.351580 0.767615 -0.104159 10.473093 0.482963 0.289778 0.144889 1.159111 0.000000 0.193185
37 12:00:00.180 48.468594 2.143140 65.194851 54.424725 0.726024 -0.147554 10.397941 0.475528 0.285317 0.142658 1.141268 0.000000 0.190211
38 12:00:00.180 55.169168 1.680183 60.935410 60.483725 0.759289 -0.150501 10.455120 0.466790 0.280074 0.140037 1.120297 0.000000 0.186716
39 12:00:00.190 60.295350 0.000000 58.474468 70.042410 0.725744 -0.127470 10.462860 0.456773 0.274064 0.137032 1.096255 0.000000 0.182709
40 12:00:00.190 65.458151 0.238308 53.784024 75.383923 0.700196 -0.177271 10.433723 0.445503 0.267302 0.133651 1.069208 0.000000 0.178201
41 12:00:00.200 71.641534 2.304030 48.276879 80.015471 0.696583 -0.184194 10.442769 0.433013 0.259808 0.129904 1.039230 0.000000 0.173205
42 12:00:00.200 76.710214 0.000000 44.907470 85.071201 0.668291 -0.237296 10.384953 0.419335 0.251601 0.125801 1.006405 0.000000 0.167734
43 12:00:00.210 79.252126 1.607020 40.897104 90.781440 0.638415 -0.238709 10.335218 0.404508 0.242705 0.121353 0.970820 0.000000 0.161803
44 12:00:00.210 84.718138 0.000000 34.588800 93.964333 0.654092 -0.226720 10.326448 0.388573 0.233144 0.116572 0.932575 0.000000 0.155429
45 12:00:00.220 86.199627 1.493943 30.910588 98.575609 0.562418 -0.250767 10.337455 0.371572 0.222943 0.111472 0.891774 0.000000 0.148629
46 12:00:00.220 88.692264 0.000000 28.386564 98.127654 0.577898 -0.269996 10.346430 0.353553 0.212132 0.106066 0.848528 0.000000 0.141421
47 12:00:00.230 90.988693 0.000000 25.498295 100.148203 0.533984 -0.310680 10.333184 0.334565 0.200739 0.100370 0.802957 0.000000 0.133826
48 12:00:00.230 89.898734 0.000000 20.327037 100.185426 0.479440 -0.322767 10.276123 0.314660 0.188796 0.094398 0.755184 0.000000 0.125864
49 12:00:00.240 88.331222 0.000000 17.253386 98.459193 0.464558 -0.326244 10.202814 0.293893 0.176336 0.088168 0.705342 0.000000 0.117557
50 12:00:00.240 85.624616 0.161001 15.731538 96.902743 0.416477 -0.316725 10.202478 0.272320 0.163392 0.081696 0.653567 0.000000 0.108928
51 12:00:00.250 82.026631 0.451536 13.906948 92.881654 0.406774 -0.330824 10.115942 0.250000 0.150000 0.075000 0.600000 0.000000 0.100000
52 12:00:00.250 80.164567 0.000000 8.793619 87.996477 0.387175 -0.363682 10.141557 0.226995 0.136197 0.068099 0.544789 0.000000 0.090798
53 12:00:00.260 74.013622 1.795600 9.257258 83.478285 0.340132 -0.378374 10.091209 0.203368 0.122021 0.061010 0.488084 0.000000 0.081347
54 12:00:00.260 69.234761 0.000000 8.081480 77.094577 0.263981 -0.350541 10.049924 0.179184 0.107510 0.053755 0.430042 0.000000 0.071674
55 12:00:00.270 65.534204 0.479033 7.386206 72.927038 0.243386 -0.344625 10.018471 0.154508 0.092705 0.046353 0.370820 0.000000 0.061803
56 12:00:00.270 58.597951 0.000000 5.125401 68.084611 0.227516 -0.414054 9.948267 0.129410 0.077646 0.038823 0.310583 0.000000 0.051764
57 12:00:00.280 53.399963 0.269160 4.216715 60.514813 0.173871 -0.402955 9.947320 0.103956 0.062374 0.031187 0.249494 0.000000 0.041582
58 12:00:00.280 47.358926 1.120456 2.643227 53.510173 0.103913 -0.383730 9.898739 0.078217 0.046930 0.023465 0.187721 0.000000 0.031287
59 12:00:00.290 42.222726 0.843033 1.955902 47.508466 0.073925 -0.394122 9.861295 0.052264 0.031359 0.015679 0.125434 0.000000 0.020906
60 12:00:00.290 37.017531 0.000000 1.433834 40.512049 0.023365 -0.390219 9.847319 0.026168 0.015701 0.007850 0.062803 0.000000 0.010467
61 12:00:00.300 32.270553 0.729305 0.000000 34.976871 -0.001492 -0.429903 9.830855 0.000000 0.000000 0.000000 0.000000 0.000000 0.000000
62 12:00:00.300 26.350122 0.000000 0.749568 29.665407 -0.032459 -0.404431 9.780122 -0.026168 -0.015701 -0.007850 -0.062803 0.000000 -0.010467
63 12:00:00.310 0.000000 0.000000 0.000000 0.000000 -0.078430 -0.435478 9.783836 -0.052264 -0.031359 -0.015679 -0.125434 0.000000 -0.020906
64 12:00:00.310 0.000000 0.000000 0.000000 0.000000 -0.136583 -0.365403 9.697318 -0.078217 -0.046930 -0.023465 -0.187721 0.000000 -0.031287
65 12:00:00.320 0.000000 0.000000 0.000000 0.000000 -0.174107 -0.390424 9.612244 -0.103956 -0.062374 -0.031187 -0.249494 0.000000 -0.041582
66 12:00:00.320 0.000000 0.000000 0.000000 0.000000 -0.163305 -0.354948 9.615644 -0.129410 -0.077646 -0.038823 -0.310583 0.000000 -0.051764
67 12:00:00.330 0.000000 0.000000 0.000000 0.000000 -0.234728 -0.375511 9.610458 -0.154508 -0.092705 -0.046353 -0.370820 0.000000 -0.061803
68 12:00:00.330 0.000000 0.000000 0.000000 0.000000 -0.302300 -0.363547 9.493008 -0.179184 -0.107510 -0.053755 -0.430042 0.000000 -0.071674
69 12:00:00.340 0.000000 0.000000 0.000000 0.000000 -0.338372 -0.357696 9.483908 -0.203368 -0.122021 -0.061010 -0.488084 0.000000 -0.081347
70 12:00:00.340 0.000000 0.000000 0.000000 0.000000 -0.397437 -0.363201 9.469889 -0.226995 -0.136197 -0.068099 -0.544789 0.000000 -0.090798
71 12:00:00.350 0.000000 0.000000 0.000000 0.000000 -0.431778 -0.349674 9.441742 -0.250000 -0.150000 -0.075000 -0.600000 0.000000 -0.100000
72 12:00:00.350 0.000000 0.000000 0.000000 0.000000 -0.444331 -0.306736 9.411380 -0.272320 -0.163392 -0.081696 -0.653567 0.000000 -0.108928
73 12:00:00.360 0.000000 0.000000 0.000000 0.000000 -0.449988 -0.296961 9.459551 -0.293893 -0.176336 -0.088168 -0.705342 0.000000 -0.117557
74 12:00:00.360 0.000000 0.000000 0.000000 0.000000 -0.473397 -0.286760 9.334417 -0.314660 -0.188796 -0.094398 -0.755184 0.000000 -0.125864
75 12:00:00.370 0.000000 0.000000 0.000000 0.000000 -0.544066 -0.284042 9.351986 -0.334565 -0.200739 -0.100370 -0.802957 0.000000 -0.133826
76 12:00:00.370 0.000000 0.000000 0.000000 0.000000 -0.576063 -0.262927 9.277526 -0.353553 -0.212132 -0.106066 -0.848528 0.000000 -0.141421
77 12:00:00.380 0.000000 0.000000 0.000000 0.000000 -0.613054 -0.252846 9.267578 -0.371572 -0.222943 -0.111472 -0.891774 0.000000 -0.148629
78 12:00:00.380 0.000000 0.000000 0.000000 0.000000 -0.647884 -0.271463 9.270524 -0.388573 -0.233144 -0.116572 -0.932575 0.000000 -0.155429
79 12:00:00.390 0.000000 0.000000 0.000000 0.000000 -0.630921 -0.213031 9.244437 -0.404508 -0.242705 -0.121353 -0.970820 0.000000 -0.161803
80 12:00:00.390 0.000000 0.000000 0.000000 0.000000 -0.654120 -0.193270 9.180340 -0.419335 -0.251601 -0.125801 -1.006405 0.000000 -0.167734
81 12:00:00.400 0.000000 0.000000 0.000000 0.000000 -0.675248 -0.238251 9.206082 -0.433013 -0.259808 -0.129904 -1.039230 0.000000 -0.173205
82 12:00:00.400 0.000000 0.000000 0.000000 0.000000 -0.698063 -0.158889 9.193946 -0.445503 -0.267302 -0.133651 -1.069208 0.000000 -0.178201
83 12:00:00.410 0.000000 0.000000 0.000000 0.000000 -0.699030 -0.181076 9.143201 -0.456773 -0.274064 -0.137032 -1.096255 0.000000 -0.182709
84 12:00:00.410 0.000000 0.000000 0.000000 0.000000 -0.728922 -0.166131 9.165676 -0.466790 -0.280074 -0.140037 -1.120297 0.000000 -0.186716
85 12:00:00.420 0.000000 0.000000 0.000000 0.000000 -0.757060 -0.115762 9.154387 -0.475528 -0.285317 -0.142658 -1.141268 0.000000 -0.190211
86 12:00:00.420 0.000000 0.000000 0.000000 0.000000 -0.765637 -0.107103 9.090962 -0.482963 -0.289778 -0.144889 -1.159111 0.000000 -0.193185
87 12:00:00.430 0.000000 0.000000 0.000000 0.000000 -0.763821 -0.110365 9.110947 -0.489074 -0.293444 -0.146722 -1.173777 0.000000 -0.195630
88 12:00:00.430 0.000000 0.000000 0.000000 0.000000 -0.809024 -0.069252 9.083945 -0.493844 -0.296307 -0.148153 -1.185226 0.000000 -0.197538
89 12:00:00.440 0.000000 0.000000 0.000000 0.000000 -0.798444 -0.020189 9.037076 -0.497261 -0.298357 -0.149178 -1.193426 0.000000 -0.198904
90 12:00:00.440 0.000000 0.000000 0.000000 0.000000 -0.847946 -0.017078 9.107172 -0.499315 -0.299589 -0.149794 -1.198355 0.000000 -0.199726
91 12:00:00.450 0.000000 0.000000 0.000000 0.000000 -0.796638 -0.032509 9.125423 -0.500000 -0.300000 -0.150000 -1.200000 0.000000 -0.200000
92 12:00:00.450 0.000000 0.000000 0.000000 0.000000 -0.779566 0.025800 9.145471 -0.499315 -0.299589 -0.149794 -1.198355 0.000000 -0.199726
93 12:00:00.460 0.000000 0.000000 0.000000 0.000000 -0.799254 0.041722 9.130638 -0.497261 -0.298357 -0.149178 -1.193426 0.000000 -0.198904
94 12:00:00.460 0.000000 0.000000 0.000000 0.000000 -0.798558 0.069363 9.135894 -0.493844 -0.296307 -0.148153 -1.185226 0.000000 -0.197538
95 12:00:00.470 0.000000 0.000000 0.000000 0.000000 -0.778267 0.109102 9.113888 -0.489074 -0.293444 -0.146722 -1.173777 0.000000 -0.195630
96 12:00:00.470 0.000000 0.000000 0.000000 0.000000 -0.786591 0.103732 9.120264 -0.482963 -0.289778 -0.144889 -1.159111 0.000000 -0.193185
97 12:00:00.480 0.000000 0.000000 0.000000 0.000000 -0.756999 0.133104 9.086992 -0.475528 -0.285317 -0.142658 -1.141268 0.000000 -0.190211
98 12:00:00.480 0.000000 0.000000 0.000000 0.000000 -0.738151 0.129638 9.173189 -0.466790 -0.280074 -0.140037 -1.120297 0.000000 -0.186716
99 12:00:00.490 0.000000 0.000000 0.000000 0.000000 -0.721895 0.144265 9.193291 -0.456773 -0.274064 -0.137032 -1.096255 0.000000 -0.182709
100 12:00:00.490 0.000000 0.000000 0.000000 0.000000 -0.717908 0.185981 9.232667 -0.445503 -0.267302 -0.133651 -1.069208 0.000000 -0.178201
101 12:00:00.500 0.000000 0.000000 0.000000 0.000000 -0.709944 0.141275 9.200435 -0.433013 -0.259808 -0.129904 -1.039230 0.000000 -0.173205
102 12:00:00.500 0.000000 0.000000 0.000000 0.000000 -0.644370 0.237716 9.230889 -0.419335 -0.251601 -0.125801 -1.006405 0.000000 -0.167734
103 12:00:00.510 0.000000 0.000000 0.000000 0.000000 -0.637916 0.230959 9.230408 -0.404508 -0.242705 -0.121353 -0.970820 0.000000 -0.161803
104 12:00:00.510 0.000000 0.000000 0.000000 0.000000 -0.592460 0.253157 9.254010 -0.388573 -0.233144 -0.116572 -0.932575 0.000000 -0.155429
105 12:00:00.520 0.000000 0.000000 0.000000 0.000000 -0.594422 0.253248 9.251088 -0.371572 -0.222943 -0.111472 -0.891774 0.000000 -0.148629
106 12:00:00.520 0.000000 0.000000 0.000000 0.000000 -0.569086 0.312029 9.369724 -0.353553 -0.212132 -0.106066 -0.848528 0.000000 -0.141421
107 12:00:00.530 0.000000 0.000000 0.000000 0.000000 -0.526185 0.289918 9.353635 -0.334565 -0.200739 -0.100370 -0.802957 0.000000 -0.133826
108 12:00:00.530 0.000000 0.000000 0.000000 0.000000 -0.505289 0.315726 9.373124 -0.314660 -0.188796 -0.094398 -0.755184 0.000000 -0.125864
109 12:00:00.540 0.000000 0.000000 0.000000 0.000000 -0.468050 0.359060 9.401043 -0.293893 -0.176336 -0.088168 -0.705342 0.000000 -0.117557
110 12:00:00.540 0.000000 0.000000 0.000000 0.000000 -0.408689 0.364955 9.442797 -0.272320 -0.163392 -0.081696 -0.653567 0.000000 -0.108928
111 12:00:00.550 0.000000 0.000000 0.000000 0.000000 -0.375114 0.338843 9.478140 -0.250000 -0.150000 -0.075000 -0.600000 0.000000 -0.100000
112 12:00:00.550 0.000000 0.000000 0.000000 0.000000 -0.357791 0.366474 9.503346 -0.226995 -0.136197 -0.068099 -0.544789 0.000000 -0.090798
113 12:00:00.560 0.000000 0.000000 0.000000 0.000000 -0.333986 0.387644 9.526650 -0.203368 -0.122021 -0.061010 -0.488084 0.000000 -0.081347
114 12:00:00.560 0.000000 0.000000 0.000000 0.000000 -0.262543 0.378269 9.589674 -0.179184 -0.107510 -0.053755 -0.430042 0.000000 -0.071674
115 12:00:00.570 0.000000 0.000000 0.000000 0.000000 -0.247877 0.374188 9.601756 -0.154508 -0.092705 -0.046353 -0.370820 0.000000 -0.061803
116 12:00:00.570 0.000000 0.000000 0.000000 0.000000 -0.233579 0.368803 9.634993 -0.129410 -0.077646 -0.038823 -0.310583 0.000000 -0.051764
117 12:00:00.580 0.000000 0.000000 0.000000 0.000000 -0.165325 0.404692 9.662993 -0.103956 -0.062374 -0.031187 -0.249494 0.000000 -0.041582
118 12:00:00.580 0.000000 0.000000 0.000000 0.000000 -0.152363 0.399862 9.705793 -0.078217 -0.046930 -0.023465 -0.187721 0.000000 -0.031287
119 12:00:00.590 0.000000 0.000000 0.000000 0.000000 -0.105006 0.396498 9.766386 -0.052264 -0.031359 -0.015679 -0.125434 0.000000 -0.020906
120 12:00:00.590 0.000000 0.000000 0.000000 0.000000 -0.089510 0.443375 9.780233 -0.026168 -0.015701 -0.007850 -0.062803 0.000000 -0.010467
121 12:00:00.600 0.000000 77.416118 1.546245 0.388215 -0.021064 0.409898 9.818713 0.000000 0.000000 0.000000 0.000000 0.000000 0.000000
122 12:00:00.600 0.136427 93.132651 1.949639 0.676721 0.056128 0.395346 9.847294 0.026168 0.015701 0.007850 0.062803 0.000000 0.010467
123 12:00:00.610 0.000000 107.545042 0.852127 0.573510 0.112538 0.440734 9.911226 0.052264 0.031359 0.015679 0.125434 0.000000 0.020906
124 12:00:00.610 0.000000 123.676631 1.694596 0.042342 0.108879 0.393611 9.917720 0.078217 0.046930 0.023465 0.187721 0.000000 0.031287
125 12:00:00.620 0.890743 138.749770 4.145438 0.728756 0.186231 0.380551 9.907120 0.103956 0.062374 0.031187 0.249494 0.000000 0.041582
126 12:00:00.620 2.861768 156.117785 3.079735 0.584858 0.192714 0.366641 9.969542 0.129410 0.077646 0.038823 0.310583 0.000000 0.051764
127 12:00:00.630 0.797043 170.837685 3.699132 0.575511 0.286047 0.360292 9.994518 0.154508 0.092705 0.046353 0.370820 0.000000 0.061803
128 12:00:00.630 0.000000 184.279292 6.248091 0.000000 0.270862 0.378740 10.094384 0.179184 0.107510 0.053755 0.430042 0.000000 0.071674
129 12:00:00.640 0.000000 195.712833 7.951049 0.000000 0.355711 0.360292 10.041924 0.203368 0.122021 0.061010 0.488084 0.000000 0.081347
130 12:00:00.640 0.000000 202.840712 9.276714 0.000000 0.391358 0.325416 10.136120 0.226995 0.136197 0.068099 0.544789 0.000000 0.090798
131 12:00:00.650 0.940766 209.184959 10.282434 0.498042 0.421958 0.367791 10.090148 0.250000 0.150000 0.075000 0.600000 0.000000 0.100000
132 12:00:00.650 0.000000 208.875519 12.156214 0.000000 0.408998 0.359385 10.204694 0.272320 0.163392 0.081696 0.653567 0.000000 0.108928
133 12:00:00.660 0.000000 208.750280 15.405123 0.000000 0.497582 0.305640 10.261533 0.293893 0.176336 0.088168 0.705342 0.000000 0.117557
134 12:00:00.660 1.303514 202.128641 17.861683 0.000000 0.488791 0.299877 10.205699 0.314660 0.188796 0.094398 0.755184 0.000000 0.125864
135 12:00:00.670 0.355098 193.591966 20.886197 1.412036 0.536206 0.288838 10.258161 0.334565 0.200739 0.100370 0.802957 0.000000 0.133826
136 12:00:00.670 2.306179 183.584912 23.759446 0.451229 0.553729 0.321633 10.334760 0.353553 0.212132 0.106066 0.848528 0.000000 0.141421
137 12:00:00.680 0.000000 169.874177 28.667081 1.852224 0.564040 0.274178 10.325669 0.371572 0.222943 0.111472 0.891774 0.000000 0.148629
138 12:00:00.680 1.219320 155.865190 31.592080 2.112130 0.638340 0.232642 10.363026 0.388573 0.233144 0.116572 0.932575 0.000000 0.155429
139 12:00:00.690 2.053756 140.482294 36.280999 2.953978 0.660891 0.242674 10.386650 0.404508 0.242705 0.121353 0.970820 0.000000 0.161803
140 12:00:00.690 0.499584 122.688216 40.708634 1.599270 0.681026 0.248286 10.395288 0.419335 0.251601 0.125801 1.006405 0.000000 0.167734
141 12:00:00.700 2.482016 105.411018 43.465620 2.379139 0.658942 0.173136 10.402374 0.433013 0.259808 0.129904 1.039230 0.000000 0.173205
142 12:00:00.700 1.339585 92.451849 49.093484 1.282967 0.726046 0.179823 10.464172 0.445503 0.267302 0.133651 1.069208 0.000000 0.178201
143 12:00:00.710 3.241619 78.607623 52.583078 2.118311 0.747190 0.168540 10.522543 0.456773 0.274064 0.137032 1.096255 0.000000 0.182709
144 12:00:00.710 4.291115 61.788488 57.517273 3.446324 0.724082 0.160702 10.471707 0.466790 0.280074 0.140037 1.120297 0.000000 0.186716
145 12:00:00.720 5.618395 51.020261 61.869656 4.983236 0.743953 0.124598 10.485436 0.475528 0.285317 0.142658 1.141268 0.000000 0.190211
146 12:00:00.720 5.288241 42.415433 65.393036 7.972862 0.768567 0.122665 10.465506 0.482963 0.289778 0.144889 1.159111 0.000000 0.193185
147 12:00:00.730 7.247002 31.653333 69.652076 9.930813 0.775484 0.091670 10.486354 0.489074 0.293444 0.146722 1.173777 0.000000 0.195630
148 12:00:00.730 11.813103 25.251013 70.401866 11.291152 0.773769 0.067587 10.539809 0.493844 0.296307 0.148153 1.185226 0.000000 0.197538
149 12:00:00.740 12.773929 19.437883 71.929721 15.600508 0.804004 0.056760 10.477790 0.497261 0.298357 0.149178 1.193426 0.000000 0.198904
150 12:00:00.740 16.142608 15.438174 72.944856 18.612112 0.787347 0.007519 10.538356 0.499315 0.299589 0.149794 1.198355 0.000000 0.199726
151 12:00:00.750 21.088459 10.143621 76.448986 21.103472 0.835814 -0.006329 10.508705 0.500000 0.300000 0.150000 1.200000 0.000000 0.200000
152 12:00:00.750 23.870178 7.827007 74.601272 27.419397 0.780605 -0.048192 10.483219 0.499315 0.299589 0.149794 1.198355 0.000000 0.199726
153 12:00:00.760 29.157170 6.703375 73.856298 32.604829 0.808952 -0.017190 10.521689 0.497261 0.298357 0.149178 1.193426 0.000000 0.198904
154 12:00:00.760 33.495247 3.999178 72.704029 36.796169 0.772158 -0.085926 10.494126 0.493844 0.296307 0.148153 1.185226 0.000000 0.197538
155 12:00:00.770 40.647015 1.938897 71.831414 43.252951 0.777937 -0.112311 10.509301 0.489074 0.293444 0.146722 1.173777 0.000000 0.195630
156 12:00:00.770 43.473977 2.649093 68.226315 48.520698 0.777844 -0.093769 10.478488 0.482963 0.289778 0.144889 1.159111 0.000000 0.193185
157 12:00:00.780 49.060815 0.432050 64.881234 53.317102 0.745464 -0.121482 10.487456 0.475528 0.285317 0.142658 1.141268 0.000000 0.190211
158 12:00:00.780 56.022107 1.178495 60.304751 60.989572 0.755486 -0.150762 10.454772 0.466790 0.280074 0.140037 1.120297 0.000000 0.186716
159 12:00:00.790 61.935676 0.000000 56.146739 68.203878 0.720109 -0.154249 10.474968 0.456773 0.274064 0.137032 1.096255 0.000000 0.182709
160 12:00:00.790 63.969477 0.000000 53.372605 75.243104 0.716915 -0.148865 10.437001 0.445503 0.267302 0.133651 1.069208 0.000000 0.178201
161 12:00:00.800 72.661715 0.379216 50.134219 81.359782 0.706651 -0.213113 10.400893 0.433013 0.259808 0.129904 1.039230 0.000000 0.173205
162 12:00:00.800 75.484605 0.000000 45.718031 84.330532 0.683773 -0.206259 10.445778 0.419335 0.251601 0.125801 1.006405 0.000000 0.167734
163 12:00:00.810 80.116166 0.051557 40.342553 90.606710 0.657979 -0.228973 10.340681 0.404508 0.242705 0.121353 0.970820 0.000000 0.161803
164 12:00:00.810 83.868512 0.857568 37.038814 94.185484 0.640024 -0.258170 10.382258 0.388573 0.233144 0.116572 0.932575 0.000000 0.155429
165 12:00:00.820 86.157788 0.698213 33.953591 96.375738 0.610506 -0.286399 10.345680 0.371572 0.222943 0.111472 0.891774 0.000000 0.148629
166 12:00:00.820 87.398460 1.256591 28.556850 98.279967 0.547585 -0.271488 10.311658 0.353553 0.212132 0.106066 0.848528 0.000000 0.141421
167 12:00:00.830 88.562333 0.000000 24.488975 101.091491 0.564040 -0.309932 10.299943 0.334565 0.200739 0.100370 0.802957 0.000000 0.133826
168 12:00:00.830 88.823535 1.067822 21.653552 100.576546 0.501174 -0.300013 10.209497 0.314660 0.188796 0.094398 0.755184 0.000000 0.125864
169 12:00:00.840 86.846408 0.000000 19.144478 98.795698 0.488854 -0.318442 10.237701 0.293893 0.176336 0.088168 0.705342 0.000000 0.117557
170 12:00:00.840 87.170261 0.000000 13.986256 98.515849 0.461022 -0.353409 10.211119 0.272320 0.163392 0.081696 0.653567 0.000000 0.108928
171 12:00:00.850 82.547140 0.000000 12.991792 94.030042 0.344420 -0.327530 10.120801 0.250000 0.150000 0.075000 0.600000 0.000000 0.100000
172 12:00:00.850 80.666128 0.806289 10.164370 91.063733 0.395672 -0.342229 10.174966 0.226995 0.136197 0.068099 0.544789 0.000000 0.090798
173 12:00:00.860 74.406914 0.000000 9.078199 84.837927 0.350625 -0.346754 10.090481 0.203368 0.122021 0.061010 0.488084 0.000000 0.081347
174 12:00:00.860 69.748940 0.000000 7.789591 79.590494 0.302916 -0.381143 10.040527 0.179184 0.107510 0.053755 0.430042 0.000000 0.071674
175 12:00:00.870 64.722074 0.000000 3.929113 72.931536 0.222959 -0.415811 10.044080 0.154508 0.092705 0.046353 0.370820 0.000000 0.061803
176 12:00:00.870 58.950896 0.000000 4.952605 67.963213 0.202830 -0.410192 10.008374 0.129410 0.077646 0.038823 0.310583 0.000000 0.051764
177 12:00:00.880 53.984430 0.000000 5.563216 61.872489 0.166270 -0.373866 9.976409 0.103956 0.062374 0.031187 0.249494 0.000000 0.041582
178 12:00:00.880 48.303654 0.000000 1.540433 52.443394 0.128796 -0.391577 9.952160 0.078217 0.046930 0.023465 0.187721 0.000000 0.031287
179 12:00:00.890 43.315098 0.000000 3.374883 47.310399 0.059583 -0.370871 9.889288 0.052264 0.031359 0.015679 0.125434 0.000000 0.020906
180 12:00:00.890 35.251839 0.634949 1.218707 39.147368 0.038217 -0.398185 9.886611 0.026168 0.015701 0.007850 0.062803 0.000000 0.010467
181 12:00:00.900 32.337458 0.823380 0.256573 35.078352 0.019953 -0.391220 9.807268 0.000000 0.000000 0.000000 0.000000 0.000000 0.000000
182 12:00:00.900 27.136010 0.000000 0.000000 29.900102 -0.028782 -0.411650 9.724468 -0.026168 -0.015701 -0.007850 -0.062803 0.000000 -0.010467
183 12:00:00.910 0.000000 0.000000 0.000000 0.000000 -0.066642 -0.396825 9.733081 -0.052264 -0.031359 -0.015679 -0.125434 0.000000 -0.020906
184 12:00:00.910 0.000000 0.000000 0.000000 0.000000 -0.135844 -0.395945 9.747961 -0.078217 -0.046930 -0.023465 -0.187721 0.000000 -0.031287
185 12:00:00.920 0.000000 0.000000 0.000000 0.000000 -0.180308 -0.398428 9.644721 -0.103956 -0.062374 -0.031187 -0.249494 0.000000 -0.041582
186 12:00:00.920 0.000000 0.000000 0.000000 0.000000 -0.218489 -0.415610 9.658573 -0.129410 -0.077646 -0.038823 -0.310583 0.000000 -0.051764
187 12:00:00.930 0.000000 0.000000 0.000000 0.000000 -0.250324 -0.371085 9.606143 -0.154508 -0.092705 -0.046353 -0.370820 0.000000 -0.061803
188 12:00:00.930 0.000000 0.000000 0.000000 0.000000 -0.272753 -0.349489 9.579626 -0.179184 -0.107510 -0.053755 -0.430042 0.000000 -0.071674
189 12:00:00.940 0.000000 0.000000 0.000000 0.000000 -0.336666 -0.349157 9.529742 -0.203368 -0.122021 -0.061010 -0.488084 0.000000 -0.081347
190 12:00:00.940 0.000000 0.000000 0.000000 0.000000 -0.362520 -0.346490 9.514997 -0.226995 -0.136197 -0.068099 -0.544789 0.000000 -0.090798
191 12:00:00.950 0.000000 0.000000 0.000000 0.000000 -0.380391 -0.370678 9.472290 -0.250000 -0.150000 -0.075000 -0.600000 0.000000 -0.100000
192 12:00:00.950 0.000000 0.000000 0.000000 0.000000 -0.441972 -0.323754 9.387655 -0.272320 -0.163392 -0.081696 -0.653567 0.000000 -0.108928
193 12:00:00.960 0.000000 0.000000 0.000000 0.000000 -0.443475 -0.330365 9.371914 -0.293893 -0.176336 -0.088168 -0.705342 0.000000 -0.117557
194 12:00:00.960 0.000000 0.000000 0.000000 0.000000 -0.495141 -0.284167 9.370925 -0.314660 -0.188796 -0.094398 -0.755184 0.000000 -0.125864
195 12:00:00.970 0.000000 0.000000 0.000000 0.000000 -0.530270 -0.287617 9.270410 -0.334565 -0.200739 -0.100370 -0.802957 0.000000 -0.133826
196 12:00:00.970 0.000000 0.000000 0.000000 0.000000 -0.539524 -0.259084 9.373929 -0.353553 -0.212132 -0.106066 -0.848528 0.000000 -0.141421
197 12:00:00.980 0.000000 0.000000 0.000000 0.000000 -0.607521 -0.295957 9.298518 -0.371572 -0.222943 -0.111472 -0.891774 0.000000 -0.148629
198 12:00:00.980 0.000000 0.000000 0.000000 0.000000 -0.649502 -0.269804 9.293293 -0.388573 -0.233144 -0.116572 -0.932575 0.000000 -0.155429
199 12:00:00.990 0.000000 0.000000 0.000000 0.000000 -0.639195 -0.212927 9.203312 -0.404508 -0.242705 -0.121353 -0.970820 0.000000 -0.161803
200 12:00:00.990 0.000000 0.000000 0.000000 0.000000 -0.687215 -0.244844 9.193631 -0.419335 -0.251601 -0.125801 -1.006405 0.000000 -0.167734
201 12:00:01.000 0.000000 0.000000 0.000000 0.000000 -0.659497 -0.191778 9.224755 -0.433013 -0.259808 -0.129904 -1.039230 0.000000 -0.173205
202 12:00:01.000 0.000000 0.000000 0.000000 0.000000 -0.707371 -0.187664 9.203827 -0.445503 -0.267302 -0.133651 -1.069208 0.000000 -0.178201
203 12:00:01.010 0.000000 0.000000 0.000000 0.000000 -0.726950 -0.184929 9.116160 -0.456773 -0.274064 -0.137032 -1.096255 0.000000 -0.182709
204 12:00:01.010 0.000000 0.000000 0.000000 0.000000 -0.726512 -0.142888 9.214981 -0.466790 -0.280074 -0.140037 -1.120297 0.000000 -0.186716
205 12:00:01.020 0.000000 0.000000 0.000000 0.000000 -0.771739 -0.134925 9.135866 -0.475528 -0.285317 -0.142658 -1.141268 0.000000 -0.190211
206 12:00:01.020 0.000000 0.000000 0.000000 0.000000 -0.810009 -0.109558 9.130014 -0.482963 -0.289778 -0.144889 -1.159111 0.000000 -0.193185
207 12:00:01.030 0.000000 0.000000 0.000000 0.000000 -0.777382 -0.087805 9.131944 -0.489074 -0.293444 -0.146722 -1.173777 0.000000 -0.195630
208 12:00:01.030 0.000000 0.000000 0.000000 0.000000 -0.792233 -0.035317 9.090248 -0.493844 -0.296307 -0.148153 -1.185226 0.000000 -0.197538
209 12:00:01.040 0.000000 0.000000 0.000000 0.000000 -0.775164 -0.053646 9.167203 -0.497261 -0.298357 -0.149178 -1.193426 0.000000 -0.198904
210 12:00:01.040 0.000000 0.000000 0.000000 0.000000 -0.789787 -0.067754 9.092128 -0.499315 -0.299589 -0.149794 -1.198355 0.000000 -0.199726
211 12:00:01.050 0.000000 0.000000 0.000000 0.000000 -0.795384 -0.016946 9.096225 -0.500000 -0.300000 -0.150000 -1.200000 0.000000 -0.200000
212 12:00:01.050 0.000000 0.000000 0.000000 0.000000 -0.777366 0.006019 9.074751 -0.499315 -0.299589 -0.149794 -1.198355 0.000000 -0.199726
213 12:00:01.060 0.000000 0.000000 0.000000 0.000000 -0.770083 0.056474 9.092150 -0.497261 -0.298357 -0.149178 -1.193426 0.000000 -0.198904
214 12:00:01.060 0.000000 0.000000 0.000000 0.000000 -0.782763 0.062025 9.060143 -0.493844 -0.296307 -0.148153 -1.185226 0.000000 -0.197538
215 12:00:01.070 0.000000 0.000000 0.000000 0.000000 -0.763213 0.099540 9.165372 -0.489074 -0.293444 -0.146722 -1.173777 0.000000 -0.195630
216 12:00:01.070 0.000000 0.000000 0.000000 0.000000 -0.757385 0.104308 9.149871 -0.482963 -0.289778 -0.144889 -1.159111 0.000000 -0.193185
217 12:00:01.080 0.000000 0.000000 0.000000 0.000000 -0.765703 0.112986 9.179638 -0.475528 -0.285317 -0.142658 -1.141268 0.000000 -0.190211
218 12:00:01.080 0.000000 0.000000 0.000000 0.000000 -0.790489 0.165481 9.166787 -0.466790 -0.280074 -0.140037 -1.120297 0.000000 -0.186716
219 12:00:01.090 0.000000 0.000000 0.000000 0.000000 -0.726106 0.152864 9.185295 -0.456773 -0.274064 -0.137032 -1.096255 0.000000 -0.182709
220 12:00:01.090 0.000000 0.000000 0.000000 0.000000 -0.721102 0.207048 9.180815 -0.445503 -0.267302 -0.133651 -1.069208 0.000000 -0.178201
221 12:00:01.100 0.000000 0.000000 0.000000 0.000000 -0.724165 0.179047 9.257395 -0.433013 -0.259808 -0.129904 -1.039230 0.000000 -0.173205
222 12:00:01.100 0.000000 0.000000 0.000000 0.000000 -0.654642 0.242509 9.248114 -0.419335 -0.251601 -0.125801 -1.006405 0.000000 -0.167734
223 12:00:01.110 0.000000 0.000000 0.000000 0.000000 -0.663471 0.236506 9.235998 -0.404508 -0.242705 -0.121353 -0.970820 0.000000 -0.161803
224 12:00:01.110 0.000000 0.000000 0.000000 0.000000 -0.618107 0.246670 9.289482 -0.388573 -0.233144 -0.116572 -0.932575 0.000000 -0.155429
225 12:00:01.120 0.000000 0.000000 0.000000 0.000000 -0.609622 0.278056 9.312634 -0.371572 -0.222943 -0.111472 -0.891774 0.000000 -0.148629
226 12:00:01.120 0.000000 0.000000 0.000000 0.000000 -0.554971 0.287861 9.286791 -0.353553 -0.212132 -0.106066 -0.848528 0.000000 -0.141421
227 12:00:01.130 0.000000 0.000000 0.000000 0.000000 -0.514691 0.303281 9.333845 -0.334565 -0.200739 -0.100370 -0.802957 0.000000 -0.133826
228 12:00:01.130 0.000000 0.000000 0.000000 0.000000 -0.478215 0.311918 9.380650 -0.314660 -0.188796 -0.094398 -0.755184 0.000000 -0.125864
229 12:00:01.140 0.000000 0.000000 0.000000 0.000000 -0.455890 0.295808 9.421135 -0.293893 -0.176336 -0.088168 -0.705342 0.000000 -0.117557
230 12:00:01.140 0.000000 0.000000 0.000000 0.000000 -0.471631 0.304217 9.441807 -0.272320 -0.163392 -0.081696 -0.653567 0.000000 -0.108928
231 12:00:01.150 0.000000 0.000000 0.000000 0.000000 -0.428831 0.344010 9.471708 -0.250000 -0.150000 -0.075000 -0.600000 0.000000 -0.100000
232 12:00:01.150 0.000000 0.000000 0.000000 0.000000 -0.368733 0.366304 9.531878 -0.226995 -0.136197 -0.068099 -0.544789 0.000000 -0.090798
233 12:00:01.160 0.000000 0.000000 0.000000 0.000000 -0.340367 0.370635 9.521912 -0.203368 -0.122021 -0.061010 -0.488084 0.000000 -0.081347
234 12:00:01.160 0.000000 0.000000 0.000000 0.000000 -0.303743 0.348553 9.519671 -0.179184 -0.107510 -0.053755 -0.430042 0.000000 -0.071674
235 12:00:01.170 0.000000 0.000000 0.000000 0.000000 -0.277239 0.385986 9.554594 -0.154508 -0.092705 -0.046353 -0.370820 0.000000 -0.061803
236 12:00:01.170 0.000000 0.000000 0.000000 0.000000 -0.227264 0.413580 9.635460 -0.129410 -0.077646 -0.038823 -0.310583 0.000000 -0.051764
237 12:00:01.180 0.000000 0.000000 0.000000 0.000000 -0.202507 0.383872 9.697429 -0.103956 -0.062374 -0.031187 -0.249494 0.000000 -0.041582
238 12:00:01.180 0.000000 0.000000 0.000000 0.000000 -0.140163 0.407996 9.706351 -0.078217 -0.046930 -0.023465 -0.187721 0.000000 -0.031287
239 12:00:01.190 0.000000 0.000000 0.000000 0.000000 -0.073237 0.383785 9.793308 -0.052264 -0.031359 -0.015679 -0.125434 0.000000 -0.020906
240 12:00:01.190 0.000000 0.000000 0.000000 0.000000 -0.052640 0.413881 9.743314 -0.026168 -0.015701 -0.007850 -0.062803 0.000000 -0.010467
241 12:00:01.200 1.025590 77.035704 0.425712 0.000000 -0.007611 0.404598 9.785675 0.000000 0.000000 0.000000 0.000000 0.000000 0.000000
242 12:00:01.200 1.340079 92.398889 1.086346 0.183925 0.031188 0.383717 9.875604 0.026168 0.015701 0.007850 0.062803 0.000000 0.010467
243 12:00:01.210 0.000000 107.530501 1.883933 1.211985 0.084394 0.444591 9.965252 0.052264 0.031359 0.015679 0.125434 0.000000 0.020906
244 12:00:01.210 0.000000 123.468219 3.816470 2.190639 0.107725 0.369139 9.918978 0.078217 0.046930 0.023465 0.187721 0.000000 0.031287
245 12:00:01.220 1.532349 139.522417 1.716844 0.100320 0.152257 0.402064 10.004630 0.103956 0.062374 0.031187 0.249494 0.000000 0.041582
246 12:00:01.220 0.000000 153.251347 4.120494 0.000000 0.173378 0.430015 9.999421 0.129410 0.077646 0.038823 0.310583 0.000000 0.051764
247 12:00:01.230 0.000000 172.255047 4.143753 0.129040 0.246139 0.388288 10.048623 0.154508 0.092705 0.046353 0.370820 0.000000 0.061803
248 12:00:01.230 0.423004 181.901772 5.244284 1.276256 0.316748 0.370584 10.123544 0.179184 0.107510 0.053755 0.430042 0.000000 0.071674
249 12:00:01.240 1.129074 194.772966 7.698173 0.000000 0.311611 0.351146 10.111217 0.203368 0.122021 0.061010 0.488084 0.000000 0.081347
250 12:00:01.240 1.452322 203.168957 8.483257 2.057978 0.381510 0.320102 10.156979 0.226995 0.136197 0.068099 0.544789 0.000000 0.090798
251 12:00:01.250 0.391995 207.208133 12.929712 0.000000 0.435175 0.321144 10.175729 0.250000 0.150000 0.075000 0.600000 0.000000 0.100000
252 12:00:01.250 0.000000 208.649377 12.288111 0.000000 0.425119 0.346915 10.158910 0.272320 0.163392 0.081696 0.653567 0.000000 0.108928
253 12:00:01.260 0.000000 207.537105 15.210245 0.378610 0.479831 0.311345 10.243975 0.293893 0.176336 0.088168 0.705342 0.000000 0.117557
254 12:00:01.260 0.000000 203.806044 17.798703 0.000000 0.515522 0.310254 10.244245 0.314660 0.188796 0.094398 0.755184 0.000000 0.125864
255 12:00:01.270 0.000000 195.964280 22.094522 0.000000 0.550761 0.299090 10.244335 0.334565 0.200739 0.100370 0.802957 0.000000 0.133826
256 12:00:01.270 0.520003 182.510251 24.136098 0.000000 0.590802 0.302024 10.266221 0.353553 0.212132 0.106066 0.848528 0.000000 0.141421
257 12:00:01.280 0.000000 171.835431 26.925344 0.000000 0.578961 0.278730 10.333487 0.371572 0.222943 0.111472 0.891774 0.000000 0.148629
258 12:00:01.280 1.087112 154.077224 31.813534 1.725262 0.622826 0.264460 10.356581 0.388573 0.233144 0.116572 0.932575 0.000000 0.155429
259 12:00:01.290 1.684526 140.980438 36.618820 1.310020 0.644744 0.222887 10.421753 0.404508 0.242705 0.121353 0.970820 0.000000 0.161803
260 12:00:01.290 2.297631 123.458959 40.675916 2.352687 0.686594 0.218884 10.399440 0.419335 0.251601 0.125801 1.006405 0.000000 0.167734
261 12:00:01.300 1.486288 104.701157 44.986484 3.016964 0.691086 0.189944 10.388042 0.433013 0.259808 0.129904 1.039230 0.000000 0.173205
262 12:00:01.300 2.824768 89.292862 48.706226 4.205927 0.724712 0.158556 10.493216 0.445503 0.267302 0.133651 1.069208 0.000000 0.178201
263 12:00:01.310 2.071155 77.083843 53.540197 4.589957 0.714789 0.165684 10.421133 0.456773 0.274064 0.137032 1.096255 0.000000 0.182709
264 12:00:01.310 4.951495 62.265871 58.094566 2.926880 0.735907 0.167491 10.450957 0.466790 0.280074 0.140037 1.120297 0.000000 0.186716
265 12:00:01.320 4.497880 52.957837 61.121794 5.622379 0.736785 0.115063 10.531750 0.475528 0.285317 0.142658 1.141268 0.000000 0.190211
266 12:00:01.320 6.018315 40.393852 65.750237 9.526072 0.765252 0.109519 10.459597 0.482963 0.289778 0.144889 1.159111 0.000000 0.193185
267 12:00:01.330 7.903190 32.124613 68.193322 9.422091 0.737553 0.106407 10.468174 0.489074 0.293444 0.146722 1.173777 0.000000 0.195630
268 12:00:01.330 12.156477 24.658826 69.986802 13.016066 0.847059 0.022790 10.512146 0.493844 0.296307 0.148153 1.185226 0.000000 0.197538
269 12:00:01.340 14.340274 18.645675 69.721826 15.192671 0.785862 0.050447 10.502079 0.497261 0.298357 0.149178 1.193426 0.000000 0.198904
270 12:00:01.340 16.258120 13.598486 75.326180 19.382504 0.808920 0.001567 10.487325 0.499315 0.299589 0.149794 1.198355 0.000000 0.199726
271 12:00:01.350 17.977242 11.519888 75.029275 21.866426 0.819834 -0.006210 10.473746 0.500000 0.300000 0.150000 1.200000 0.000000 0.200000
272 12:00:01.350 25.384387 8.438155 74.476847 26.473967 0.815335 -0.015537 10.554408 0.499315 0.299589 0.149794 1.198355 0.000000 0.199726
273 12:00:01.360 27.248759 6.271427 75.278669 32.983093 0.789359 -0.069537 10.558809 0.497261 0.298357 0.149178 1.193426 0.000000 0.198904
274 12:00:01.360 33.020879 4.697911 74.674649 36.895939 0.812750 -0.073547 10.467105 0.493844 0.296307 0.148153 1.185226 0.000000 0.197538
275 12:00:01.370 38.867705 3.910638 72.603103 42.747913 0.779761 -0.018058 10.490636 0.489074 0.293444 0.146722 1.173777 0.000000 0.195630
276 12:00:01.370 42.954987 2.182871 69.105310 49.542292 0.824916 -0.101981 10.472267 0.482963 0.289778 0.144889 1.159111 0.000000 0.193185
277 12:00:01.380 47.961943 0.114051 64.508641 56.956165 0.786359 -0.148591 10.492339 0.475528 0.285317 0.142658 1.141268 0.000000 0.190211
278 12:00:01.380 54.634690 0.000000 60.690225 63.287251 0.779427 -0.151917 10.413410 0.466790 0.280074 0.140037 1.120297 0.000000 0.186716
279 12:00:01.390 62.289237 0.000000 57.304169 66.921976 0.704184 -0.148863 10.401133 0.456773 0.274064 0.137032 1.096255 0.000000 0.182709
280 12:00:01.390 67.054366 1.431589 54.041931 73.491776 0.669933 -0.168644 10.452867 0.445503 0.267302 0.133651 1.069208 0.000000 0.178201
281 12:00:01.400 71.274649 1.767103 49.671582 82.704136 0.702746 -0.181130 10.443351 0.433013 0.259808 0.129904 1.039230 0.000000 0.173205
282 12:00:01.400 75.882196 1.861542 45.607846 86.698703 0.693412 -0.198493 10.426922 0.419335 0.251601 0.125801 1.006405 0.000000 0.167734
283 12:00:01.410 80.489931 0.000000 40.966896 89.819921 0.631979 -0.189834 10.377103 0.404508 0.242705 0.121353 0.970820 0.000000 0.161803
284 12:00:01.410 84.888045 0.000000 35.533241 94.095471 0.621596 -0.284920 10.344922 0.388573 0.233144 0.116572 0.932575 0.000000 0.155429
285 12:00:01.420 86.935737 0.238902 31.765339 97.489161 0.599574 -0.241057 10.366246 0.371572 0.222943 0.111472 0.891774 0.000000 0.148629
286 12:00:01.420 88.105228 0.000000 26.889734 99.482664 0.534794 -0.294548 10.325136 0.353553 0.212132 0.106066 0.848528 0.000000 0.141421
287 12:00:01.430 88.478249 0.472039 22.347449 100.891169 0.544590 -0.292206 10.272239 0.334565 0.200739 0.100370 0.802957 0.000000 0.133826
288 12:00:01.430 89.697705 0.000000 19.831045 99.924797 0.508910 -0.314273 10.219807 0.314660 0.188796 0.094398 0.755184 0.000000 0.125864
289 12:00:01.440 89.221987 0.017733 18.299352 99.147366 0.516426 -0.294330 10.196328 0.293893 0.176336 0.088168 0.705342 0.000000 0.117557
290 12:00:01.440 85.891946 0.530366 14.634056 99.147151 0.426280 -0.342418 10.217766 0.272320 0.163392 0.081696 0.653567 0.000000 0.108928
291 12:00:01.450 82.938207 0.000000 12.646610 95.032009 0.373645 -0.371746 10.156896 0.250000 0.150000 0.075000 0.600000 0.000000 0.100000
292 12:00:01.450 78.910126 1.276243 11.637293 89.983792 0.372816 -0.383034 10.096036 0.226995 0.136197 0.068099 0.544789 0.000000 0.090798
293 12:00:01.460 73.341081 1.557860 9.116256 83.952066 0.290057 -0.382568 10.081903 0.203368 0.122021 0.061010 0.488084 0.000000 0.081347
294 12:00:01.460 70.338511 0.000000 6.571615 81.255118 0.287030 -0.359595 10.039539 0.179184 0.107510 0.053755 0.430042 0.000000 0.071674
295 12:00:01.470 63.180591 0.000000 6.441208 73.308432 0.250053 -0.356023 10.035426 0.154508 0.092705 0.046353 0.370820 0.000000 0.061803
296 12:00:01.470 59.807469 0.658086 4.101160 68.339441 0.244303 -0.380236 9.986141 0.129410 0.077646 0.038823 0.310583 0.000000 0.051764
297 12:00:01.480 52.959039 0.000000 4.287955 59.285788 0.180495 -0.391717 9.963146 0.103956 0.062374 0.031187 0.249494 0.000000 0.041582
298 12:00:01.480 48.452594 0.000000 2.903282 52.819164 0.108823 -0.383336 9.907184 0.078217 0.046930 0.023465 0.187721 0.000000 0.031287
299 12:00:01.490 41.587401 0.346659 0.694773 48.738145 0.047225 -0.396222 9.870603 0.052264 0.031359 0.015679 0.125434 0.000000 0.020906
300 12:00:01.490 35.897915 0.674215 0.806545 41.370802 0.070822 -0.402012 9.851384 0.026168 0.015701 0.007850 0.062803 0.000000 0.010467
301 12:00:01.500 30.814607 0.000000 1.882825 36.499652 -0.023607 -0.408747 9.795509 0.000000 0.000000 0.000000 0.000000 0.000000 0.000000
302 12:00:01.500 26.981897 0.000000 1.038057 30.256497 -0.023410 -0.399564 9.786750 -0.026168 -0.015701 -0.007850 -0.062803 0.000000 -0.010467
303 12:00:01.510 0.000000 0.000000 0.000000 0.000000 -0.070877 -0.394344 9.716403 -0.052264 -0.031359 -0.015679 -0.125434 0.000000 -0.020906
304 12:00:01.510 0.000000 0.000000 0.000000 0.000000 -0.159495 -0.383188 9.642601 -0.078217 -0.046930 -0.023465 -0.187721 0.000000 -0.031287
305 12:00:01.520 0.000000 0.000000 0.000000 0.000000 -0.137158 -0.393242 9.653574 -0.103956 -0.062374 -0.031187 -0.249494 0.000000 -0.041582
306 12:00:01.520 0.000000 0.000000 0.000000 0.000000 -0.226022 -0.380766 9.643899 -0.129410 -0.077646 -0.038823 -0.310583 0.000000 -0.051764
307 12:00:01.530 0.000000 0.000000 0.000000 0.000000 -0.247972 -0.364760 9.606588 -0.154508 -0.092705 -0.046353 -0.370820 0.000000 -0.061803
308 12:00:01.530 0.000000 0.000000 0.000000 0.000000 -0.288967 -0.390961 9.566506 -0.179184 -0.107510 -0.053755 -0.430042 0.000000 -0.071674
309 12:00:01.540 0.000000 0.000000 0.000000 0.000000 -0.311826 -0.378043 9.535417 -0.203368 -0.122021 -0.061010 -0.488084 0.000000 -0.081347
310 12:00:01.540 0.000000 0.000000 0.000000 0.000000 -0.349364 -0.334046 9.455541 -0.226995 -0.136197 -0.068099 -0.544789 0.000000 -0.090798
311 12:00:01.550 0.000000 0.000000 0.000000 0.000000 -0.393800 -0.357894 9.399554 -0.250000 -0.150000 -0.075000 -0.600000 0.000000 -0.100000
312 12:00:01.550 0.000000 0.000000 0.000000 0.000000 -0.437294 -0.350745 9.435830 -0.272320 -0.163392 -0.081696 -0.653567 0.000000 -0.108928
313 12:00:01.560 0.000000 0.000000 0.000000 0.000000 -0.517111 -0.323312 9.429146 -0.293893 -0.176336 -0.088168 -0.705342 0.000000 -0.117557
314 12:00:01.560 0.000000 0.000000 0.000000 0.000000 -0.512415 -0.302239 9.393841 -0.314660 -0.188796 -0.094398 -0.755184 0.000000 -0.125864
315 12:00:01.570 0.000000 0.000000 0.000000 0.000000 -0.542762 -0.268145 9.308538 -0.334565 -0.200739 -0.100370 -0.802957 0.000000 -0.133826
316 12:00:01.570 0.000000 0.000000 0.000000 0.000000 -0.594880 -0.290731 9.318095 -0.353553 -0.212132 -0.106066 -0.848528 0.000000 -0.141421
317 12:00:01.580 0.000000 0.000000 0.000000 0.000000 -0.614204 -0.288908 9.280800 -0.371572 -0.222943 -0.111472 -0.891774 0.000000 -0.148629
318 12:00:01.580 0.000000 0.000000 0.000000 0.000000 -0.614867 -0.253615 9.250924 -0.388573 -0.233144 -0.116572 -0.932575 0.000000 -0.155429
319 12:00:01.590 0.000000 0.000000 0.000000 0.000000 -0.655422 -0.224534 9.250480 -0.404508 -0.242705 -0.121353 -0.970820 0.000000 -0.161803
320 12:00:01.590 0.000000 0.000000 0.000000 0.000000 -0.673027 -0.206067 9.222257 -0.419335 -0.251601 -0.125801 -1.006405 0.000000 -0.167734
321 12:00:01.600 0.000000 0.000000 0.000000 0.000000 -0.690217 -0.177473 9.244389 -0.433013 -0.259808 -0.129904 -1.039230 0.000000 -0.173205
322 12:00:01.600 0.000000 0.000000 0.000000 0.000000 -0.737534 -0.169007 9.134223 -0.445503 -0.267302 -0.133651 -1.069208 0.000000 -0.178201
323 12:00:01.610 0.000000 0.000000 0.000000 0.000000 -0.726215 -0.158553 9.165321 -0.456773 -0.274064 -0.137032 -1.096255 0.000000 -0.182709
324 12:00:01.610 0.000000 0.000000 0.000000 0.000000 -0.760730 -0.142588 9.192276 -0.466790 -0.280074 -0.140037 -1.120297 0.000000 -0.186716
325 12:00:01.620 0.000000 0.000000 0.000000 0.000000 -0.762859 -0.107898 9.148574 -0.475528 -0.285317 -0.142658 -1.141268 0.000000 -0.190211
326 12:00:01.620 0.000000 0.000000 0.000000 0.000000 -0.755343 -0.115469 9.126756 -0.482963 -0.289778 -0.144889 -1.159111 0.000000 -0.193185
327 12:00:01.630 0.000000 0.000000 0.000000 0.000000 -0.798637 -0.064681 9.142521 -0.489074 -0.293444 -0.146722 -1.173777 0.000000 -0.195630
328 12:00:01.630 0.000000 0.000000 0.000000 0.000000 -0.817608 -0.060289 9.168514 -0.493844 -0.296307 -0.148153 -1.185226 0.000000 -0.197538
329 12:00:01.640 0.000000 0.000000 0.000000 0.000000 -0.768904 -0.047345 9.112183 -0.497261 -0.298357 -0.149178 -1.193426 0.000000 -0.198904
330 12:00:01.640 0.000000 0.000000 0.000000 0.000000 -0.776945 -0.020290 9.126872 -0.499315 -0.299589 -0.149794 -1.198355 0.000000 -0.199726
331 12:00:01.650 0.000000 0.000000 0.000000 0.000000 -0.777965 0.023548 9.095313 -0.500000 -0.300000 -0.150000 -1.200000 0.000000 -0.200000
332 12:00:01.650 0.000000 0.000000 0.000000 0.000000 -0.794624 0.020775 9.064616 -0.499315 -0.299589 -0.149794 -1.198355 0.000000 -0.199726
333 12:00:01.660 0.000000 0.000000 0.000000 0.000000 -0.809176 0.027118 9.084886 -0.497261 -0.298357 -0.149178 -1.193426 0.000000 -0.198904
334 12:00:01.660 0.000000 0.000000 0.000000 0.000000 -0.781896 0.077287 9.082035 -0.493844 -0.296307 -0.148153 -1.185226 0.000000 -0.197538
335 12:00:01.670 0.000000 0.000000 0.000000 0.000000 -0.806931 0.081211 9.144422 -0.489074 -0.293444 -0.146722 -1.173777 0.000000 -0.195630
336 12:00:01.670 0.000000 0.000000 0.000000 0.000000 -0.782285 0.104277 9.215359 -0.482963 -0.289778 -0.144889 -1.159111 0.000000 -0.193185
337 12:00:01.680 0.000000 0.000000 0.000000 0.000000 -0.759253 0.127927 9.155150 -0.475528 -0.285317 -0.142658 -1.141268 0.000000 -0.190211
338 12:00:01.680 0.000000 0.000000 0.000000 0.000000 -0.741053 0.134845 9.124743 -0.466790 -0.280074 -0.140037 -1.120297 0.000000 -0.186716
339 12:00:01.690 0.000000 0.000000 0.000000 0.000000 -0.706784 0.155735 9.175090 -0.456773 -0.274064 -0.137032 -1.096255 0.000000 -0.182709
340 12:00:01.690 0.000000 0.000000 0.000000 0.000000 -0.716053 0.186658 9.177590 -0.445503 -0.267302 -0.133651 -1.069208 0.000000 -0.178201
341 12:00:01.700 0.000000 0.000000 0.000000 0.000000 -0.664291 0.196621 9.220828 -0.433013 -0.259808 -0.129904 -1.039230 0.000000 -0.173205
342 12:00:01.700 0.000000 0.000000 0.000000 0.000000 -0.695574 0.194879 9.200232 -0.419335 -0.251601 -0.125801 -1.006405 0.000000 -0.167734
343 12:00:01.710 0.000000 0.000000 0.000000 0.000000 -0.627712 0.257185 9.247705 -0.404508 -0.242705 -0.121353 -0.970820 0.000000 -0.161803
344 12:00:01.710 0.000000 0.000000 0.000000 0.000000 -0.585341 0.234221 9.300190 -0.388573 -0.233144 -0.116572 -0.932575 0.000000 -0.155429
345 12:00:01.720 0.000000 0.000000 0.000000 0.000000 -0.627394 0.273805 9.293199 -0.371572 -0.222943 -0.111472 -0.891774 0.000000 -0.148629
346 12:00:01.720 0.000000 0.000000 0.000000 0.000000 -0.537394 0.297597 9.311222 -0.353553 -0.212132 -0.106066 -0.848528 0.000000 -0.141421
347 12:00:01.730 0.000000 0.000000 0.000000 0.000000 -0.531221 0.314111 9.352289 -0.334565 -0.200739 -0.100370 -0.802957 0.000000 -0.133826
348 12:00:01.730 0.000000 0.000000 0.000000 0.000000 -0.484889 0.302886 9.352315 -0.314660 -0.188796 -0.094398 -0.755184 0.000000 -0.125864
349 12:00:01.740 0.000000 0.000000 0.000000 0.000000 -0.454107 0.272930 9.407992 -0.293893 -0.176336 -0.088168 -0.705342 0.000000 -0.117557
350 12:00:01.740 0.000000 0.000000 0.000000 0.000000 -0.458159 0.312523 9.475265 -0.272320 -0.163392 -0.081696 -0.653567 0.000000 -0.108928
351 12:00:01.750 0.000000 0.000000 0.000000 0.000000 -0.421308 0.360075 9.425471 -0.250000 -0.150000 -0.075000 -0.600000 0.000000 -0.100000
352 12:00:01.750 0.000000 0.000000 0.000000 0.000000 -0.338509 0.345861 9.532028 -0.226995 -0.136197 -0.068099 -0.544789 0.000000 -0.090798
353 12:00:01.760 0.000000 0.000000 0.000000 0.000000 -0.315074 0.366547 9.537501 -0.203368 -0.122021 -0.061010 -0.488084 0.000000 -0.081347
354 12:00:01.760 0.000000 0.000000 0.000000 0.000000 -0.309049 0.400147 9.576390 -0.179184 -0.107510 -0.053755 -0.430042 0.000000 -0.071674
355 12:00:01.770 0.000000 0.000000 0.000000 0.000000 -0.251007 0.364132 9.596935 -0.154508 -0.092705 -0.046353 -0.370820 0.000000 -0.061803
356 12:00:01.770 0.000000 0.000000 0.000000 0.000000 -0.189057 0.408492 9.646823 -0.129410 -0.077646 -0.038823 -0.310583 0.000000 -0.051764
357 12:00:01.780 0.000000 0.000000 0.000000 0.000000 -0.195418 0.397324 9.677780 -0.103956 -0.062374 -0.031187 -0.249494 0.000000 -0.041582
358 12:00:01.780 0.000000 0.000000 0.000000 0.000000 -0.134370 0.381711 9.725515 -0.078217 -0.046930 -0.023465 -0.187721 0.000000 -0.031287
359 12:00:01.790 0.000000 0.000000 0.000000 0.000000 -0.071660 0.366948 9.714009 -0.052264 -0.031359 -0.015679 -0.125434 0.000000 -0.020906
360 12:00:01.790 0.000000 0.000000 0.000000 0.000000 -0.062449 0.387417 9.714573 -0.026168 -0.015701 -0.007850 -0.062803 0.000000 -0.010467
361 12:00:01.800 0.000000 76.512042 0.000000 0.720858 0.021262 0.410135 9.834700 0.000000 0.000000 0.000000 0.000000 0.000000 0.000000
362 12:00:01.800 0.000000 92.548664 1.761427 0.361534 0.047006 0.410823 9.795975 0.026168 0.015701 0.007850 0.062803 0.000000 0.010467
363 12:00:01.810 0.927415 107.256926 0.591135 0.838583 0.074495 0.391197 9.890203 0.052264 0.031359 0.015679 0.125434 0.000000 0.020906
364 12:00:01.810 0.000000 122.220237 1.554444 0.000000 0.116307 0.409487 9.961582 0.078217 0.046930 0.023465 0.187721 0.000000 0.031287
365 12:00:01.820 0.287284 141.915686 2.148340 0.871661 0.149113 0.392732 9.992399 0.103956 0.062374 0.031187 0.249494 0.000000 0.041582
366 12:00:01.820 0.000000 157.527401 3.037024 0.389657 0.220135 0.369335 9.974016 0.129410 0.077646 0.038823 0.310583 0.000000 0.051764
367 12:00:01.830 0.144300 169.390203 5.924958 2.003375 0.269609 0.331243 9.998986 0.154508 0.092705 0.046353 0.370820 0.000000 0.061803
368 12:00:01.830 1.110519 183.764697 3.811731 0.000000 0.270005 0.362571 10.059929 0.179184 0.107510 0.053755 0.430042 0.000000 0.071674
369 12:00:01.840 0.801404 195.065759 5.377729 0.000000 0.309589 0.363093 10.101692 0.203368 0.122021 0.061010 0.488084 0.000000 0.081347
370 12:00:01.840 0.000000 203.028379 7.283935 0.000000 0.332674 0.341567 10.101188 0.226995 0.136197 0.068099 0.544789 0.000000 0.090798
371 12:00:01.850 0.000000 207.336456 8.594936 1.232458 0.361316 0.348180 10.135166 0.250000 0.150000 0.075000 0.600000 0.000000 0.100000
372 12:00:01.850 0.000000 210.848911 14.318713 0.000000 0.441613 0.356725 10.160216 0.272320 0.163392 0.081696 0.653567 0.000000 0.108928
373 12:00:01.860 0.000000 209.112396 15.469165 1.362279 0.494655 0.336580 10.233776 0.293893 0.176336 0.088168 0.705342 0.000000 0.117557
374 12:00:01.860 0.380014 202.570868 18.860062 0.000000 0.522700 0.319433 10.233074 0.314660 0.188796 0.094398 0.755184 0.000000 0.125864
375 12:00:01.870 1.509570 195.284482 21.152115 2.035100 0.510995 0.311878 10.276224 0.334565 0.200739 0.100370 0.802957 0.000000 0.133826
376 12:00:01.870 0.484189 185.359517 25.138834 0.000000 0.584187 0.309958 10.317715 0.353553 0.212132 0.106066 0.848528 0.000000 0.141421
377 12:00:01.880 0.000000 171.811689 27.645926 1.643660 0.588767 0.272693 10.335145 0.371572 0.222943 0.111472 0.891774 0.000000 0.148629
378 12:00:01.880 2.160931 155.803213 30.473350 1.558514 0.624444 0.280668 10.330401 0.388573 0.233144 0.116572 0.932575 0.000000 0.155429
379 12:00:01.890 0.514620 141.268586 36.631936 0.000000 0.643703 0.199294 10.383104 0.404508 0.242705 0.121353 0.970820 0.000000 0.161803
380 12:00:01.890 0.774442 122.654367 39.010353 1.589598 0.651961 0.195219 10.379060 0.419335 0.251601 0.125801 1.006405 0.000000 0.167734
381 12:00:01.900 0.913340 107.323787 43.454965 0.756589 0.684228 0.193248 10.383111 0.433013 0.259808 0.129904 1.039230 0.000000 0.173205
382 12:00:01.900 1.406607 90.537368 49.697893 3.272804 0.722471 0.192198 10.427063 0.445503 0.267302 0.133651 1.069208 0.000000 0.178201
383 12:00:01.910 4.307293 77.516532 52.571279 4.532441 0.774121 0.132430 10.460728 0.456773 0.274064 0.137032 1.096255 0.000000 0.182709
384 12:00:01.910 4.165493 63.656863 58.300858 4.590910 0.763814 0.175925 10.498665 0.466790 0.280074 0.140037 1.120297 0.000000 0.186716
385 12:00:01.920 7.290567 51.815184 61.968696 7.221737 0.734416 0.106954 10.452345 0.475528 0.285317 0.142658 1.141268 0.000000 0.190211
386 12:00:01.920 7.098308 40.064973 65.910188 9.698341 0.775004 0.110274 10.485281 0.482963 0.289778 0.144889 1.159111 0.000000 0.193185
387 12:00:01.930 9.484486 29.981158 67.433626 9.619978 0.797364 0.100367 10.453204 0.489074 0.293444 0.146722 1.173777 0.000000 0.195630
388 12:00:01.930 9.749903 24.462157 69.835305 12.605777 0.782343 0.031858 10.508005 0.493844 0.296307 0.148153 1.185226 0.000000 0.197538
389 12:00:01.940 12.818123 18.910288 74.107147 14.774058 0.826242 0.037866 10.512967 0.497261 0.298357 0.149178 1.193426 0.000000 0.198904
390 12:00:01.940 16.950261 15.098671 75.447514 20.281656 0.772804 0.002606 10.532279 0.499315 0.299589 0.149794 1.198355 0.000000 0.199726
391 12:00:01.950 19.661871 9.732580 74.635276 23.561259 0.829260 0.026313 10.490465 0.500000 0.300000 0.150000 1.200000 0.000000 0.200000
392 12:00:01.950 24.540272 7.393880 75.311069 26.110743 0.767166 0.004430 10.503964 0.499315 0.299589 0.149794 1.198355 0.000000 0.199726
393 12:00:01.960 28.389079 4.261500 75.495201 32.207198 0.773192 -0.051544 10.502784 0.497261 0.298357 0.149178 1.193426 0.000000 0.198904
394 12:00:01.960 34.872452 3.840508 72.665621 36.543692 0.810423 -0.093604 10.521731 0.493844 0.296307 0.148153 1.185226 0.000000 0.197538
395 12:00:01.970 37.519610 2.380819 69.978156 43.352737 0.762967 -0.039436 10.489902 0.489074 0.293444 0.146722 1.173777 0.000000 0.195630
396 12:00:01.970 44.460367 0.441752 66.550743 47.350029 0.797288 -0.100069 10.499362 0.482963 0.289778 0.144889 1.159111 0.000000 0.193185
397 12:00:01.980 49.315312 0.226824 66.192776 56.526091 0.783991 -0.097075 10.469904 0.475528 0.285317 0.142658 1.141268 0.000000 0.190211
398 12:00:01.980 55.522261 0.000000 61.477674 63.427257 0.713854 -0.101691 10.441511 0.466790 0.280074 0.140037 1.120297 0.000000 0.186716
399 12:00:01.990 60.779997 1.137365 56.702568 68.738061 0.740062 -0.157460 10.389595 0.456773 0.274064 0.137032 1.096255 0.000000 0.182709
400 12:00:01.990 64.703218 1.109697 54.175606 74.768689 0.736858 -0.217411 10.383360 0.445503 0.267302 0.133651 1.069208 0.000000 0.178201
401 12:00:02.000 71.395051 0.000000 47.450182 81.808279 0.700661 -0.178256 10.373110 0.433013 0.259808 0.129904 1.039230 0.000000 0.173205
402 12:00:02.000 76.021612 0.667621 43.724360 84.691251 0.661209 -0.209468 10.393100 0.419335 0.251601 0.125801 1.006405 0.000000 0.167734
403 12:00:02.010 80.855732 0.000000 40.961746 90.539152 0.646471 -0.215201 10.351680 0.404508 0.242705 0.121353 0.970820 0.000000 0.161803
404 12:00:02.010 82.366604 0.000000 38.239212 94.708521 0.642270 -0.267465 10.344806 0.388573 0.233144 0.116572 0.932575 0.000000 0.155429
405 12:00:02.020 86.135754 2.515636 31.450332 99.008292 0.573194 -0.261583 10.318961 0.371572 0.222943 0.111472 0.891774 0.000000 0.148629
406 12:00:02.020 89.512439 0.000000 28.117488 99.423352 0.556274 -0.277804 10.283551 0.353553 0.212132 0.106066 0.848528 0.000000 0.141421
407 12:00:02.030 87.890266 0.000000 25.385608 101.351992 0.556843 -0.302181 10.254732 0.334565 0.200739 0.100370 0.802957 0.000000 0.133826
408 12:00:02.030 89.545667 0.000000 19.829214 99.251428 0.525015 -0.325093 10.305359 0.314660 0.188796 0.094398 0.755184 0.000000 0.125864
409 12:00:02.040 88.317837 1.156995 15.677062 99.363546 0.465737 -0.316490 10.262854 0.293893 0.176336 0.088168 0.705342 0.000000 0.117557
410 12:00:02.040 87.620818 0.000000 16.118752 96.702009 0.439626 -0.324784 10.200383 0.272320 0.163392 0.081696 0.653567 0.000000 0.108928
411 12:00:02.050 82.284869 0.085898 13.205996 94.645267 0.410399 -0.347540 10.141461 0.250000 0.150000 0.075000 0.600000 0.000000 0.100000
412 12:00:02.050 81.683759 1.090195 11.187831 90.591649 0.374490 -0.357211 10.117889 0.226995 0.136197 0.068099 0.544789 0.000000 0.090798
413 12:00:02.060 73.452962 0.350235 8.504641 85.374252 0.355796 -0.366005 10.102802 0.203368 0.122021 0.061010 0.488084 0.000000 0.081347
414 12:00:02.060 70.252025 1.041159 7.390248 80.987992 0.298862 -0.377014 10.103956 0.179184 0.107510 0.053755 0.430042 0.000000 0.071674
415 12:00:02.070 64.916988 0.407803 5.981389 72.888188 0.277027 -0.404490 10.000292 0.154508 0.092705 0.046353 0.370820 0.000000 0.061803
416 12:00:02.070 58.840208 0.000000 2.344949 66.768821 0.210802 -0.364048 9.950972 0.129410 0.077646 0.038823 0.310583 0.000000 0.051764
417 12:00:02.080 51.817401 0.175172 2.614818 61.736656 0.166974 -0.418279 9.985776 0.103956 0.062374 0.031187 0.249494 0.000000 0.041582
418 12:00:02.080 46.726242 0.819495 3.647247 55.002675 0.141200 -0.382308 9.871034 0.078217 0.046930 0.023465 0.187721 0.000000 0.031287
419 12:00:02.090 41.344965 0.707153 4.075057 47.439252 0.073618 -0.390163 9.856614 0.052264 0.031359 0.015679 0.125434 0.000000 0.020906
420 12:00:02.090 36.035846 0.944526 1.538293 42.399700 0.045237 -0.400257 9.814772 0.026168 0.015701 0.007850 0.062803 0.000000 0.010467
421 12:00:02.100 30.340590 0.732898 1.215493 35.157055 0.010140 -0.393415 9.792670 0.000000 0.000000 0.000000 0.000000 0.000000 0.000000
422 12:00:02.100 27.828655 0.000000 1.672765 32.017529 -0.045893 -0.383105 9.836794 -0.026168 -0.015701 -0.007850 -0.062803 0.000000 -0.010467
423 12:00:02.110 0.000000 0.000000 0.000000 0.000000 -0.080674 -0.401830 9.751367 -0.052264 -0.031359 -0.015679 -0.125434 0.000000 -0.020906
424 12:00:02.110 0.000000 0.000000 0.000000 0.000000 -0.128297 -0.382660 9.674050 -0.078217 -0.046930 -0.023465 -0.187721 0.000000 -0.031287
425 12:00:02.120 0.000000 0.000000 0.000000 0.000000 -0.193091 -0.400875 9.687092 -0.103956 -0.062374 -0.031187 -0.249494 0.000000 -0.041582
426 12:00:02.120 0.000000 0.000000 0.000000 0.000000 -0.211569 -0.335752 9.634664 -0.129410 -0.077646 -0.038823 -0.310583 0.000000 -0.051764
427 12:00:02.130 0.000000 0.000000 0.000000 0.000000 -0.273358 -0.356755 9.659591 -0.154508 -0.092705 -0.046353 -0.370820 0.000000 -0.061803
428 12:00:02.130 0.000000 0.000000 0.000000 0.000000 -0.278781 -0.366252 9.612230 -0.179184 -0.107510 -0.053755 -0.430042 0.000000 -0.071674
429 12:00:02.140 0.000000 0.000000 0.000000 0.000000 -0.329561 -0.359569 9.515013 -0.203368 -0.122021 -0.061010 -0.488084 0.000000 -0.081347
430 12:00:02.140 0.000000 0.000000 0.000000 0.000000 -0.380723 -0.359167 9.482781 -0.226995 -0.136197 -0.068099 -0.544789 0.000000 -0.090798
431 12:00:02.150 0.000000 0.000000 0.000000 0.000000 -0.433828 -0.357022 9.485692 -0.250000 -0.150000 -0.075000 -0.600000 0.000000 -0.100000
432 12:00:02.150 0.000000 0.000000 0.000000 0.000000 -0.386400 -0.370674 9.424072 -0.272320 -0.163392 -0.081696 -0.653567 0.000000 -0.108928
433 12:00:02.160 0.000000 0.000000 0.000000 0.000000 -0.498014 -0.327147 9.425786 -0.293893 -0.176336 -0.088168 -0.705342 0.000000 -0.117557
434 12:00:02.160 0.000000 0.000000 0.000000 0.000000 -0.485603 -0.323851 9.401795 -0.314660 -0.188796 -0.094398 -0.755184 0.000000 -0.125864
435 12:00:02.170 0.000000 0.000000 0.000000 0.000000 -0.563775 -0.307940 9.376695 -0.334565 -0.200739 -0.100370 -0.802957 0.000000 -0.133826
436 12:00:02.170 0.000000 0.000000 0.000000 0.000000 -0.546557 -0.290978 9.321958 -0.353553 -0.212132 -0.106066 -0.848528 0.000000 -0.141421
437 12:00:02.180 0.000000 0.000000 0.000000 0.000000 -0.600322 -0.266130 9.263572 -0.371572 -0.222943 -0.111472 -0.891774 0.000000 -0.148629
438 12:00:02.180 0.000000 0.000000 0.000000 0.000000 -0.624355 -0.237619 9.273312 -0.388573 -0.233144 -0.116572 -0.932575 0.000000 -0.155429
439 12:00:02.190 0.000000 0.000000 0.000000 0.000000 -0.620910 -0.262206 9.220282 -0.404508 -0.242705 -0.121353 -0.970820 0.000000 -0.161803
440 12:00:02.190 0.000000 0.000000 0.000000 0.000000 -0.679196 -0.238397 9.236648 -0.419335 -0.251601 -0.125801 -1.006405 0.000000 -0.167734
441 12:00:02.200 0.000000 0.000000 0.000000 0.000000 -0.696881 -0.206305 9.201928 -0.433013 -0.259808 -0.129904 -1.039230 0.000000 -0.173205
442 12:00:02.200 0.000000 0.000000 0.000000 0.000000 -0.726343 -0.179907 9.220616 -0.445503 -0.267302 -0.133651 -1.069208 0.000000 -0.178201
443 12:00:02.210 0.000000 0.000000 0.000000 0.000000 -0.722506 -0.187451 9.135475 -0.456773 -0.274064 -0.137032 -1.096255 0.000000 -0.182709
444 12:00:02.210 0.000000 0.000000 0.000000 0.000000 -0.764415 -0.162476 9.183684 -0.466790 -0.280074 -0.140037 -1.120297 0.000000 -0.186716
445 12:00:02.220 0.000000 0.000000 0.000000 0.000000 -0.772501 -0.139460 9.158913 -0.475528 -0.285317 -0.142658 -1.141268 0.000000 -0.190211
446 12:00:02.220 0.000000 0.000000 0.000000 0.000000 -0.769985 -0.137074 9.212210 -0.482963 -0.289778 -0.144889 -1.159111 0.000000 -0.193185
447 12:00:02.230 0.000000 0.000000 0.000000 0.000000 -0.745098 -0.103823 9.164902 -0.489074 -0.293444 -0.146722 -1.173777 0.000000 -0.195630
448 12:00:02.230 0.000000 0.000000 0.000000 0.000000 -0.815752 -0.070027 9.159211 -0.493844 -0.296307 -0.148153 -1.185226 0.000000 -0.197538
449 12:00:02.240 0.000000 0.000000 0.000000 0.000000 -0.806736 -0.016016 9.114713 -0.497261 -0.298357 -0.149178 -1.193426 0.000000 -0.198904
450 12:00:02.240 0.000000 0.000000 0.000000 0.000000 -0.790729 -0.028316 9.082019 -0.499315 -0.299589 -0.149794 -1.198355 0.000000 -0.199726
451 12:00:02.250 0.000000 0.000000 0.000000 0.000000 -0.812355 -0.016961 9.204358 -0.500000 -0.300000 -0.150000 -1.200000 0.000000 -0.200000
452 12:00:02.250 0.000000 0.000000 0.000000 0.000000 -0.838841 0.009624 9.061158 -0.499315 -0.299589 -0.149794 -1.198355 0.000000 -0.199726
453 12:00:02.260 0.000000 0.000000 0.000000 0.000000 -0.832464 0.050758 9.152327 -0.497261 -0.298357 -0.149178 -1.193426 0.000000 -0.198904
454 12:00:02.260 0.000000 0.000000 0.000000 0.000000 -0.775592 0.051398 9.116474 -0.493844 -0.296307 -0.148153 -1.185226 0.000000 -0.197538
455 12:00:02.270 0.000000 0.000000 0.000000 0.000000 -0.758511 0.083758 9.166223 -0.489074 -0.293444 -0.146722 -1.173777 0.000000 -0.195630
456 12:00:02.270 0.000000 0.000000 0.000000 0.000000 -0.794965 0.104804 9.141888 -0.482963 -0.289778 -0.144889 -1.159111 0.000000 -0.193185
457 12:00:02.280 0.000000 0.000000 0.000000 0.000000 -0.737872 0.129304 9.141408 -0.475528 -0.285317 -0.142658 -1.141268 0.000000 -0.190211
458 12:00:02.280 0.000000 0.000000 0.000000 0.000000 -0.737442 0.112351 9.176211 -0.466790 -0.280074 -0.140037 -1.120297 0.000000 -0.186716
459 12:00:02.290 0.000000 0.000000 0.000000 0.000000 -0.719184 0.183571 9.197694 -0.456773 -0.274064 -0.137032 -1.096255 0.000000 -0.182709
460 12:00:02.290 0.000000 0.000000 0.000000 0.000000 -0.689654 0.179068 9.198830 -0.445503 -0.267302 -0.133651 -1.069208 0.000000 -0.178201
461 12:00:02.300 0.000000 0.000000 0.000000 0.000000 -0.690290 0.184318 9.284184 -0.433013 -0.259808 -0.129904 -1.039230 0.000000 -0.173205
462 12:00:02.300 0.000000 0.000000 0.000000 0.000000 -0.699468 0.214075 9.217595 -0.419335 -0.251601 -0.125801 -1.006405 0.000000 -0.167734
463 12:00:02.310 0.000000 0.000000 0.000000 0.000000 -0.667442 0.188172 9.194282 -0.404508 -0.242705 -0.121353 -0.970820 0.000000 -0.161803
464 12:00:02.310 0.000000 0.000000 0.000000 0.000000 -0.622291 0.241580 9.240549 -0.388573 -0.233144 -0.116572 -0.932575 0.000000 -0.155429
465 12:00:02.320 0.000000 0.000000 0.000000 0.000000 -0.568053 0.255781 9.334918 -0.371572 -0.222943 -0.111472 -0.891774 0.000000 -0.148629
466 12:00:02.320 0.000000 0.000000 0.000000 0.000000 -0.538742 0.302223 9.320524 -0.353553 -0.212132 -0.106066 -0.848528 0.000000 -0.141421
467 12:00:02.330 0.000000 0.000000 0.000000 0.000000 -0.536865 0.285589 9.309622 -0.334565 -0.200739 -0.100370 -0.802957 0.000000 -0.133826
468 12:00:02.330 0.000000 0.000000 0.000000 0.000000 -0.507441 0.306567 9.394295 -0.314660 -0.188796 -0.094398 -0.755184 0.000000 -0.125864
469 12:00:02.340 0.000000 0.000000 0.000000 0.000000 -0.473144 0.322046 9.355711 -0.293893 -0.176336 -0.088168 -0.705342 0.000000 -0.117557
470 12:00:02.340 0.000000 0.000000 0.000000 0.000000 -0.442323 0.332208 9.498246 -0.272320 -0.163392 -0.081696 -0.653567 0.000000 -0.108928
471 12:00:02.350 0.000000 0.000000 0.000000 0.000000 -0.403480 0.365102 9.471246 -0.250000 -0.150000 -0.075000 -0.600000 0.000000 -0.100000
472 12:00:02.350 0.000000 0.000000 0.000000 0.000000 -0.385895 0.395142 9.480364 -0.226995 -0.136197 -0.068099 -0.544789 0.000000 -0.090798
473 12:00:02.360 0.000000 0.000000 0.000000 0.000000 -0.313041 0.336369 9.474492 -0.203368 -0.122021 -0.061010 -0.488084 0.000000 -0.081347
474 12:00:02.360 0.000000 0.000000 0.000000 0.000000 -0.270396 0.394618 9.562941 -0.179184 -0.107510 -0.053755 -0.430042 0.000000 -0.071674
475 12:00:02.370 0.000000 0.000000 0.000000 0.000000 -0.258104 0.418936 9.577893 -0.154508 -0.092705 -0.046353 -0.370820 0.000000 -0.061803
476 12:00:02.370 0.000000 0.000000 0.000000 0.000000 -0.203570 0.380520 9.543713 -0.129410 -0.077646 -0.038823 -0.310583 0.000000 -0.051764
477 12:00:02.380 0.000000 0.000000 0.000000 0.000000 -0.188804 0.391324 9.673928 -0.103956 -0.062374 -0.031187 -0.249494 0.000000 -0.041582
478 12:00:02.380 0.000000 0.000000 0.000000 0.000000 -0.120505 0.393412 9.752736 -0.078217 -0.046930 -0.023465 -0.187721 0.000000 -0.031287
479 12:00:02.390 0.000000 0.000000 0.000000 0.000000 -0.053647 0.379853 9.764934 -0.052264 -0.031359 -0.015679 -0.125434 0.000000 -0.020906
480 12:00:02.390 0.000000 0.000000 0.000000 0.000000 -0.062226 0.395289 9.794476 -0.026168 -0.015701 -0.007850 -0.062803 0.000000 -0.010467
481 12:00:02.400 0.000000 75.887621 0.810114 1.497844 -0.001413 0.450131 9.811971 0.000000 0.000000 0.000000 0.000000 0.000000 0.000000
482 12:00:02.400 0.000000 92.622685 1.381655 0.000000 0.053788 0.405028 9.819643 0.026168 0.015701 0.007850 0.062803 0.000000 0.010467
483 12:00:02.410 0.265054 107.016528 0.583054 0.000000 0.095919 0.409934 9.886927 0.052264 0.031359 0.015679 0.125434 0.000000 0.020906
484 12:00:02.410 1.674962 123.502797 2.984025 0.000000 0.122354 0.402360 9.870768 0.078217 0.046930 0.023465 0.187721 0.000000 0.031287
485 12:00:02.420 0.000000 138.336578 1.139480 1.000730 0.165931 0.386188 9.995815 0.103956 0.062374 0.031187 0.249494 0.000000 0.041582
486 12:00:02.420 0.273151 156.544989 1.912576 0.000000 0.214915 0.357905 10.002804 0.129410 0.077646 0.038823 0.310583 0.000000 0.051764
487 12:00:02.430 1.702278 171.302386 5.207390 0.673504 0.262388 0.377158 10.029240 0.154508 0.092705 0.046353 0.370820 0.000000 0.061803
488 12:00:02.430 0.218617 183.878314 5.068339 0.109637 0.286187 0.364332 10.067190 0.179184 0.107510 0.053755 0.430042 0.000000 0.071674
489 12:00:02.440 1.342647 195.559095 6.633356 0.000000 0.319584 0.361001 10.124469 0.203368 0.122021 0.061010 0.488084 0.000000 0.081347
490 12:00:02.440 0.096694 201.566232 10.124689 0.000000 0.339540 0.333187 10.138431 0.226995 0.136197 0.068099 0.544789 0.000000 0.090798
491 12:00:02.450 0.050436 206.842470 11.065397 1.541212 0.399104 0.355770 10.177869 0.250000 0.150000 0.075000 0.600000 0.000000 0.100000
492 12:00:02.450 0.000000 209.599054 12.317918 0.885784 0.430234 0.315590 10.179460 0.272320 0.163392 0.081696 0.653567 0.000000 0.108928
493 12:00:02.460 0.000000 208.401469 16.890771 0.000000 0.473500 0.304802 10.257332 0.293893 0.176336 0.088168 0.705342 0.000000 0.117557
494 12:00:02.460 0.000000 203.337590 18.512888 0.000000 0.537933 0.324585 10.257371 0.314660 0.188796 0.094398 0.755184 0.000000 0.125864
495 12:00:02.470 0.000000 192.445348 20.358288 0.053758 0.527721 0.294826 10.234793 0.334565 0.200739 0.100370 0.802957 0.000000 0.133826
496 12:00:02.470 0.521405 184.064613 24.203373 0.411118 0.555747 0.299368 10.333881 0.353553 0.212132 0.106066 0.848528 0.000000 0.141421
497 12:00:02.480 1.171627 170.498479 28.173013 0.000000 0.612257 0.313128 10.312321 0.371572 0.222943 0.111472 0.891774 0.000000 0.148629
498 12:00:02.480 0.000000 157.007962 31.912796 1.066157 0.601191 0.215327 10.330327 0.388573 0.233144 0.116572 0.932575 0.000000 0.155429
499 12:00:02.490 1.602961 138.490124 37.769023 0.000000 0.637138 0.219449 10.430092 0.404508 0.242705 0.121353 0.970820 0.000000 0.161803
500 12:00:02.490 0.735827 122.410344 40.167237 2.379615 0.674386 0.221142 10.426742 0.419335 0.251601 0.125801 1.006405 0.000000 0.167734
501 12:00:02.500 2.508909 106.886810 44.969927 2.740883 0.680567 0.235090 10.413418 0.433013 0.259808 0.129904 1.039230 0.000000 0.173205
502 12:00:02.500 2.764996 91.155853 49.889816 3.882636 0.718916 0.164921 10.463009 0.445503 0.267302 0.133651 1.069208 0.000000 0.178201
503 12:00:02.510 1.764259 76.747238 54.195267 5.852187 0.716647 0.128189 10.394653 0.456773 0.274064 0.137032 1.096255 0.000000 0.182709
504 12:00:02.510 2.262542 63.380428 57.954285 4.062322 0.732815 0.154300 10.486424 0.466790 0.280074 0.140037 1.120297 0.000000 0.186716
505 12:00:02.520 6.198340 51.395505 62.840518 5.154661 0.770330 0.121997 10.492644 0.475528 0.285317 0.142658 1.141268 0.000000 0.190211
506 12:00:02.520 8.130581 40.709933 65.748340 10.228835 0.770972 0.117090 10.474429 0.482963 0.289778 0.144889 1.159111 0.000000 0.193185
507 12:00:02.530 8.985761 33.264773 69.909400 9.884310 0.752010 0.090942 10.552200 0.489074 0.293444 0.146722 1.173777 0.000000 0.195630
508 12:00:02.530 12.090046 26.155075 72.566820 13.701511 0.791992 0.025243 10.482787 0.493844 0.296307 0.148153 1.185226 0.000000 0.197538
509 12:00:02.540 14.695575 16.988416 72.046236 14.196776 0.793060 0.036777 10.498340 0.497261 0.298357 0.149178 1.193426 0.000000 0.198904
510 12:00:02.540 16.469251 14.844640 75.559339 19.654101 0.748235 -0.002423 10.485352 0.499315 0.299589 0.149794 1.198355 0.000000 0.199726
511 12:00:02.550 18.343874 10.931333 75.965434 23.282534 0.792797 0.024903 10.529919 0.500000 0.300000 0.150000 1.200000 0.000000 0.200000
512 12:00:02.550 24.669627 5.601345 75.975313 29.243654 0.801517 -0.061558 10.485911 0.499315 0.299589 0.149794 1.198355 0.000000 0.199726
513 12:00:02.560 31.030322 4.106998 73.809757 30.129219 0.819560 -0.045588 10.492572 0.497261 0.298357 0.149178 1.193426 0.000000 0.198904
514 12:00:02.560 34.702152 3.653771 72.366739 35.761533 0.796285 -0.051773 10.471030 0.493844 0.296307 0.148153 1.185226 0.000000 0.197538
515 12:00:02.570 40.757976 1.032654 71.518256 43.619527 0.741563 -0.102735 10.488189 0.489074 0.293444 0.146722 1.173777 0.000000 0.195630
516 12:00:02.570 42.629760 2.770507 66.832839 49.203227 0.761235 -0.076533 10.411048 0.482963 0.289778 0.144889 1.159111 0.000000 0.193185
517 12:00:02.580 48.874648 2.275359 66.461299 56.256848 0.739659 -0.112427 10.434808 0.475528 0.285317 0.142658 1.141268 0.000000 0.190211
518 12:00:02.580 55.422102 0.000000 61.846945 63.345169 0.758518 -0.124435 10.437609 0.466790 0.280074 0.140037 1.120297 0.000000 0.186716
519 12:00:02.590 60.460790 0.812142 57.589330 69.110962 0.735991 -0.188434 10.490852 0.456773 0.274064 0.137032 1.096255 0.000000 0.182709
520 12:00:02.590 67.486399 0.000000 53.593579 73.171028 0.700127 -0.180086 10.435323 0.445503 0.267302 0.133651 1.069208 0.000000 0.178201
521 12:00:02.600 70.769712 0.004691 49.244076 81.001714 0.649613 -0.178475 10.393901 0.433013 0.259808 0.129904 1.039230 0.000000 0.173205
522 12:00:02.600 76.858371 0.670889 45.870681 86.710724 0.680362 -0.188517 10.413466 0.419335 0.251601 0.125801 1.006405 0.000000 0.167734
523 12:00:02.610 81.159528 0.557870 39.995978 91.954991 0.647204 -0.254030 10.401504 0.404508 0.242705 0.121353 0.970820 0.000000 0.161803
524 12:00:02.610 84.940476 0.153893 35.737887 94.520809 0.645342 -0.242797 10.326570 0.388573 0.233144 0.116572 0.932575 0.000000 0.155429
525 12:00:02.620 84.242855 0.121141 31.646781 96.949055 0.570195 -0.239390 10.355305 0.371572 0.222943 0.111472 0.891774 0.000000 0.148629
526 12:00:02.620 87.128619 0.000000 28.412272 101.169735 0.554504 -0.299884 10.296112 0.353553 0.212132 0.106066 0.848528 0.000000 0.141421
527 12:00:02.630 88.075958 0.000000 23.379978 101.338240 0.527094 -0.288312 10.242231 0.334565 0.200739 0.100370 0.802957 0.000000 0.133826
528 12:00:02.630 89.506307 0.000000 20.842089 100.131211 0.499477 -0.331069 10.265218 0.314660 0.188796 0.094398 0.755184 0.000000 0.125864
529 12:00:02.640 87.028696 0.000000 19.909081 99.831376 0.515853 -0.282541 10.220916 0.293893 0.176336 0.088168 0.705342 0.000000 0.117557
530 12:00:02.640 86.289539 0.000000 14.942684 96.008426 0.447914 -0.330502 10.116195 0.272320 0.163392 0.081696 0.653567 0.000000 0.108928
531 12:00:02.650 82.143016 0.757827 9.640760 92.371566 0.353615 -0.323683 10.185646 0.250000 0.150000 0.075000 0.600000 0.000000 0.100000
532 12:00:02.650 79.676078 0.000000 12.134910 90.820320 0.376350 -0.341628 10.130205 0.226995 0.136197 0.068099 0.544789 0.000000 0.090798
533 12:00:02.660 74.347539 1.212992 8.166162 82.449988 0.327571 -0.362731 10.067463 0.203368 0.122021 0.061010 0.488084 0.000000 0.081347
534 12:00:02.660 69.587803 0.095798 6.704666 79.179432 0.289749 -0.383972 10.056011 0.179184 0.107510 0.053755 0.430042 0.000000 0.071674
535 12:00:02.670 64.223661 0.638695 5.648970 72.155227 0.259880 -0.405282 10.092459 0.154508 0.092705 0.046353 0.370820 0.000000 0.061803
536 12:00:02.670 57.935542 0.930396 3.722633 67.929052 0.203700 -0.392614 9.991607 0.129410 0.077646 0.038823 0.310583 0.000000 0.051764
537 12:00:02.680 52.415331 0.582979 3.323425 58.614372 0.150391 -0.422070 9.917271 0.103956 0.062374 0.031187 0.249494 0.000000 0.041582
538 12:00:02.680 48.938871 0.119459 2.688957 55.974757 0.135800 -0.383976 9.886958 0.078217 0.046930 0.023465 0.187721 0.000000 0.031287
539 12:00:02.690 43.226374 0.000000 1.632842 46.365918 0.074426 -0.403067 9.923938 0.052264 0.031359 0.015679 0.125434 0.000000 0.020906
540 12:00:02.690 37.975611 0.841557 0.046530 39.667014 0.044676 -0.399718 9.800196 0.026168 0.015701 0.007850 0.062803 0.000000 0.010467
541 12:00:02.700 30.807273 0.000000 1.225617 35.713330 -0.043273 -0.450357 9.783821 0.000000 0.000000 0.000000 0.000000 0.000000 0.000000
542 12:00:02.700 27.118607 0.000000 0.197785 30.699886 -0.047731 -0.412794 9.774095 -0.026168 -0.015701 -0.007850 -0.062803 0.000000 -0.010467
543 12:00:02.710 0.000000 0.000000 0.000000 0.000000 -0.090068 -0.392472 9.746833 -0.052264 -0.031359 -0.015679 -0.125434 0.000000 -0.020906
544 12:00:02.710 0.000000 0.000000 0.000000 0.000000 -0.088206 -0.416065 9.724424 -0.078217 -0.046930 -0.023465 -0.187721 0.000000 -0.031287
545 12:00:02.720 0.000000 0.000000 0.000000 0.000000 -0.172508 -0.387302 9.667580 -0.103956 -0.062374 -0.031187 -0.249494 0.000000 -0.041582
546 12:00:02.720 0.000000 0.000000 0.000000 0.000000 -0.211424 -0.383291 9.613101 -0.129410 -0.077646 -0.038823 -0.310583 0.000000 -0.051764
547 12:00:02.730 0.000000 0.000000 0.000000 0.000000 -0.244406 -0.371265 9.603507 -0.154508 -0.092705 -0.046353 -0.370820 0.000000 -0.061803
548 12:00:02.730 0.000000 0.000000 0.000000 0.000000 -0.309916 -0.369811 9.553071 -0.179184 -0.107510 -0.053755 -0.430042 0.000000 -0.071674
549 12:00:02.740 0.000000 0.000000 0.000000 0.000000 -0.349646 -0.349819 9.563708 -0.203368 -0.122021 -0.061010 -0.488084 0.000000 -0.081347
550 12:00:02.740 0.000000 0.000000 0.000000 0.000000 -0.349326 -0.366507 9.478402 -0.226995 -0.136197 -0.068099 -0.544789 0.000000 -0.090798
551 12:00:02.750 0.000000 0.000000 0.000000 0.000000 -0.427938 -0.308814 9.513889 -0.250000 -0.150000 -0.075000 -0.600000 0.000000 -0.100000
552 12:00:02.750 0.000000 0.000000 0.000000 0.000000 -0.415794 -0.334293 9.386248 -0.272320 -0.163392 -0.081696 -0.653567 0.000000 -0.108928
553 12:00:02.760 0.000000 0.000000 0.000000 0.000000 -0.461450 -0.296962 9.396966 -0.293893 -0.176336 -0.088168 -0.705342 0.000000 -0.117557
554 12:00:02.760 0.000000 0.000000 0.000000 0.000000 -0.504240 -0.305436 9.353067 -0.314660 -0.188796 -0.094398 -0.755184 0.000000 -0.125864
555 12:00:02.770 0.000000 0.000000 0.000000 0.000000 -0.498071 -0.309704 9.365392 -0.334565 -0.200739 -0.100370 -0.802957 0.000000 -0.133826
556 12:00:02.770 0.000000 0.000000 0.000000 0.000000 -0.552758 -0.291807 9.306801 -0.353553 -0.212132 -0.106066 -0.848528 0.000000 -0.141421
557 12:00:02.780 0.000000 0.000000 0.000000 0.000000 -0.582931 -0.282183 9.281740 -0.371572 -0.222943 -0.111472 -0.891774 0.000000 -0.148629
558 12:00:02.780 0.000000 0.000000 0.000000 0.000000 -0.610790 -0.254064 9.253837 -0.388573 -0.233144 -0.116572 -0.932575 0.000000 -0.155429
559 12:00:02.790 0.000000 0.000000 0.000000 0.000000 -0.634371 -0.217090 9.194528 -0.404508 -0.242705 -0.121353 -0.970820 0.000000 -0.161803
560 12:00:02.790 0.000000 0.000000 0.000000 0.000000 -0.694370 -0.217629 9.224565 -0.419335 -0.251601 -0.125801 -1.006405 0.000000 -0.167734
561 12:00:02.800 0.000000 0.000000 0.000000 0.000000 -0.691262 -0.192198 9.235725 -0.433013 -0.259808 -0.129904 -1.039230 0.000000 -0.173205
562 12:00:02.800 0.000000 0.000000 0.000000 0.000000 -0.705299 -0.178459 9.188831 -0.445503 -0.267302 -0.133651 -1.069208 0.000000 -0.178201
563 12:00:02.810 0.000000 0.000000 0.000000 0.000000 -0.708641 -0.175613 9.234125 -0.456773 -0.274064 -0.137032 -1.096255 0.000000 -0.182709
564 12:00:02.810 0.000000 0.000000 0.000000 0.000000 -0.770275 -0.145147 9.125319 -0.466790 -0.280074 -0.140037 -1.120297 0.000000 -0.186716
565 12:00:02.820 0.000000 0.000000 0.000000 0.000000 -0.766289 -0.127984 9.119735 -0.475528 -0.285317 -0.142658 -1.141268 0.000000 -0.190211
566 12:00:02.820 0.000000 0.000000 0.000000 0.000000 -0.764531 -0.109568 9.151614 -0.482963 -0.289778 -0.144889 -1.159111 0.000000 -0.193185
567 12:00:02.830 0.000000 0.000000 0.000000 0.000000 -0.751489 -0.065325 9.141397 -0.489074 -0.293444 -0.146722 -1.173777 0.000000 -0.195630
568 12:00:02.830 0.000000 0.000000 0.000000 0.000000 -0.821983 -0.043736 9.130287 -0.493844 -0.296307 -0.148153 -1.185226 0.000000 -0.197538
569 12:00:02.840 0.000000 0.000000 0.000000 0.000000 -0.806420 -0.059454 9.052595 -0.497261 -0.298357 -0.149178 -1.193426 0.000000 -0.198904
570 12:00:02.840 0.000000 0.000000 0.000000 0.000000 -0.807176 -0.006479 9.129766 -0.499315 -0.299589 -0.149794 -1.198355 0.000000 -0.199726
571 12:00:02.850 0.000000 0.000000 0.000000 0.000000 -0.791682 0.018162 9.087640 -0.500000 -0.300000 -0.150000 -1.200000 0.000000 -0.200000
572 12:00:02.850 0.000000 0.000000 0.000000 0.000000 -0.782187 0.052083 9.099389 -0.499315 -0.299589 -0.149794 -1.198355 0.000000 -0.199726
573 12:00:02.860 0.000000 0.000000 0.000000 0.000000 -0.802598 0.044502 9.125827 -0.497261 -0.298357 -0.149178 -1.193426 0.000000 -0.198904
574 12:00:02.860 0.000000 0.000000 0.000000 0.000000 -0.837157 0.043427 9.120428 -0.493844 -0.296307 -0.148153 -1.185226 0.000000 -0.197538
575 12:00:02.870 0.000000 0.000000 0.000000 0.000000 -0.777753 0.094963 9.137874 -0.489074 -0.293444 -0.146722 -1.173777 0.000000 -0.195630
576 12:00:02.870 0.000000 0.000000 0.000000 0.000000 -0.796706 0.097538 9.116700 -0.482963 -0.289778 -0.144889 -1.159111 0.000000 -0.193185
577 12:00:02.880 0.000000 0.000000 0.000000 0.000000 -0.789520 0.135815 9.137191 -0.475528 -0.285317 -0.142658 -1.141268 0.000000 -0.190211
578 12:00:02.880 0.000000 0.000000 0.000000 0.000000 -0.748870 0.147896 9.172363 -0.466790 -0.280074 -0.140037 -1.120297 0.000000 -0.186716
579 12:00:02.890 0.000000 0.000000 0.000000 0.000000 -0.740662 0.130658 9.164145 -0.456773 -0.274064 -0.137032 -1.096255 0.000000 -0.182709
580 12:00:02.890 0.000000 0.000000 0.000000 0.000000 -0.696842 0.161305 9.159946 -0.445503 -0.267302 -0.133651 -1.069208 0.000000 -0.178201
581 12:00:02.900 0.000000 0.000000 0.000000 0.000000 -0.708656 0.179663 9.248332 -0.433013 -0.259808 -0.129904 -1.039230 0.000000 -0.173205
582 12:00:02.900 0.000000 0.000000 0.000000 0.000000 -0.688254 0.219150 9.228072 -0.419335 -0.251601 -0.125801 -1.006405 0.000000 -0.167734
583 12:00:02.910 0.000000 0.000000 0.000000 0.000000 -0.634612 0.264904 9.251568 -0.404508 -0.242705 -0.121353 -0.970820 0.000000 -0.161803
584 12:00:02.910 0.000000 0.000000 0.000000 0.000000 -0.645581 0.249406 9.238760 -0.388573 -0.233144 -0.116572 -0.932575 0.000000 -0.155429
585 12:00:02.920 0.000000 0.000000 0.000000 0.000000 -0.599934 0.257299 9.318031 -0.371572 -0.222943 -0.111472 -0.891774 0.000000 -0.148629
586 12:00:02.920 0.000000 0.000000 0.000000 0.000000 -0.546833 0.273856 9.318405 -0.353553 -0.212132 -0.106066 -0.848528 0.000000 -0.141421
587 12:00:02.930 0.000000 0.000000 0.000000 0.000000 -0.550663 0.292376 9.359857 -0.334565 -0.200739 -0.100370 -0.802957 0.000000 -0.133826
588 12:00:02.930 0.000000 0.000000 0.000000 0.000000 -0.500399 0.318144 9.367473 -0.314660 -0.188796 -0.094398 -0.755184 0.000000 -0.125864
589 12:00:02.940 0.000000 0.000000 0.000000 0.000000 -0.481371 0.337457 9.388634 -0.293893 -0.176336 -0.088168 -0.705342 0.000000 -0.117557
590 12:00:02.940 0.000000 0.000000 0.000000 0.000000 -0.438332 0.341889 9.475671 -0.272320 -0.163392 -0.081696 -0.653567 0.000000 -0.108928
591 12:00:02.950 0.000000 0.000000 0.000000 0.000000 -0.394025 0.339442 9.438017 -0.250000 -0.150000 -0.075000 -0.600000 0.000000 -0.100000
592 12:00:02.950 0.000000 0.000000 0.000000 0.000000 -0.316198 0.374424 9.516893 -0.226995 -0.136197 -0.068099 -0.544789 0.000000 -0.090798
593 12:00:02.960 0.000000 0.000000 0.000000 0.000000 -0.313833 0.333818 9.487463 -0.203368 -0.122021 -0.061010 -0.488084 0.000000 -0.081347
594 12:00:02.960 0.000000 0.000000 0.000000 0.000000 -0.277716 0.356528 9.525203 -0.179184 -0.107510 -0.053755 -0.430042 0.000000 -0.071674
595 12:00:02.970 0.000000 0.000000 0.000000 0.000000 -0.233935 0.386647 9.606421 -0.154508 -0.092705 -0.046353 -0.370820 0.000000 -0.061803
596 12:00:02.970 0.000000 0.000000 0.000000 0.000000 -0.160760 0.413916 9.648854 -0.129410 -0.077646 -0.038823 -0.310583 0.000000 -0.051764
597 12:00:02.980 0.000000 0.000000 0.000000 0.000000 -0.161078 0.439411 9.710857 -0.103956 -0.062374 -0.031187 -0.249494 0.000000 -0.041582
598 12:00:02.980 0.000000 0.000000 0.000000 0.000000 -0.124336 0.393312 9.701069 -0.078217 -0.046930 -0.023465 -0.187721 0.000000 -0.031287
599 12:00:02.990 0.000000 0.000000 0.000000 0.000000 -0.047221 0.356672 9.709717 -0.052264 -0.031359 -0.015679 -0.125434 0.000000 -0.020906
600 12:00:02.990 0.000000 0.000000 0.000000 0.000000 -0.042260 0.394191 9.742780 -0.026168 -0.015701 -0.007850 -0.062803 0.000000 -0.010467
601 12:00:03.000 0.000000 76.616057 3.768150 0.000000 0.023360 0.382889 9.789943 0.000000 0.000000 0.000000 0.000000 0.000000 0.000000
602 12:00:03.000 2.496755 90.913838 1.059853 0.982824 0.046599 0.365991 9.849949 0.026168 0.015701 0.007850 0.062803 0.000000 0.010467
603 12:00:03.010 0.003615 107.566440 1.789775 1.596239 0.068085 0.412292 9.907627 0.052264 0.031359 0.015679 0.125434 0.000000 0.020906
604 12:00:03.010 0.000000 123.532326 2.377257 2.404174 0.119590 0.383598 9.875929 0.078217 0.046930 0.023465 0.187721 0.000000 0.031287
605 12:00:03.020 0.000000 140.531818 3.589872 0.000000 0.129898 0.392884 9.924095 0.103956 0.062374 0.031187 0.249494 0.000000 0.041582
606 12:00:03.020 1.588422 155.011684 4.982016 0.000000 0.215873 0.408527 9.988238 0.129410 0.077646 0.038823 0.310583 0.000000 0.051764
607 12:00:03.030 0.000000 170.062958 6.625642 0.000000 0.224588 0.412013 10.006098 0.154508 0.092705 0.046353 0.370820 0.000000 0.061803
608 12:00:03.030 0.130756 182.662056 5.149264 0.000000 0.268379 0.365164 10.068068 0.179184 0.107510 0.053755 0.430042 0.000000 0.071674
609 12:00:03.040 0.000000 195.506375 5.900297 0.000000 0.337574 0.391498 10.130149 0.203368 0.122021 0.061010 0.488084 0.000000 0.081347
610 12:00:03.040 1.203846 201.957556 9.423881 1.581796 0.373814 0.362586 10.129839 0.226995 0.136197 0.068099 0.544789 0.000000 0.090798
611 12:00:03.050 0.000000 207.308594 9.721544 0.287552 0.385844 0.372953 10.169511 0.250000 0.150000 0.075000 0.600000 0.000000 0.100000
612 12:00:03.050 1.400615 208.862496 14.634950 0.000000 0.405221 0.368608 10.146791 0.272320 0.163392 0.081696 0.653567 0.000000 0.108928
613 12:00:03.060 1.037566 207.528360 13.424244 0.741430 0.483817 0.313083 10.210095 0.293893 0.176336 0.088168 0.705342 0.000000 0.117557
614 12:00:03.060 0.000000 203.064950 18.605298 0.159032 0.530070 0.313664 10.212603 0.314660 0.188796 0.094398 0.755184 0.000000 0.125864
615 12:00:03.070 2.569759 193.772382 21.662699 1.072964 0.586332 0.231971 10.286513 0.334565 0.200739 0.100370 0.802957 0.000000 0.133826
616 12:00:03.070 0.128055 183.913882 24.171908 1.200010 0.612060 0.274059 10.318129 0.353553 0.212132 0.106066 0.848528 0.000000 0.141421
617 12:00:03.080 0.410485 171.895418 28.606643 0.600688 0.557527 0.300275 10.309852 0.371572 0.222943 0.111472 0.891774 0.000000 0.148629
618 12:00:03.080 2.893123 154.696969 31.923983 0.287365 0.650392 0.261924 10.404758 0.388573 0.233144 0.116572 0.932575 0.000000 0.155429
619 12:00:03.090 0.000000 141.296892 36.125353 1.033640 0.622589 0.213684 10.370469 0.404508 0.242705 0.121353 0.970820 0.000000 0.161803
620 12:00:03.090 0.000000 124.001270 40.082618 2.618138 0.702611 0.208267 10.389679 0.419335 0.251601 0.125801 1.006405 0.000000 0.167734
621 12:00:03.100 2.957846 107.854072 45.101356 2.927259 0.658601 0.194166 10.389673 0.433013 0.259808 0.129904 1.039230 0.000000 0.173205
622 12:00:03.100 2.088838 92.339109 50.647429 1.875488 0.703639 0.214209 10.367500 0.445503 0.267302 0.133651 1.069208 0.000000 0.178201
623 12:00:03.110 3.447036 76.668157 51.948282 3.499676 0.660574 0.150630 10.404791 0.456773 0.274064 0.137032 1.096255 0.000000 0.182709
624 12:00:03.110 3.598566 62.854086 57.871259 5.040267 0.755263 0.160386 10.480852 0.466790 0.280074 0.140037 1.120297 0.000000 0.186716
625 12:00:03.120 4.379869 50.867378 60.684083 5.685178 0.738933 0.091073 10.459335 0.475528 0.285317 0.142658 1.141268 0.000000 0.190211
626 12:00:03.120 6.081299 38.809145 63.764813 9.257075 0.766750 0.103874 10.479812 0.482963 0.289778 0.144889 1.159111 0.000000 0.193185
627 12:00:03.130 8.366360 33.152412 70.887481 10.965584 0.787363 0.076835 10.472540 0.489074 0.293444 0.146722 1.173777 0.000000 0.195630
628 12:00:03.130 9.791676 24.217679 69.303288 13.145067 0.798116 0.049787 10.484302 0.493844 0.296307 0.148153 1.185226 0.000000 0.197538
629 12:00:03.140 13.803224 18.685011 72.332163 16.830569 0.784550 0.017059 10.546317 0.497261 0.298357 0.149178 1.193426 0.000000 0.198904
630 12:00:03.140 17.586841 15.130617 73.480056 20.918619 0.776037 0.020048 10.502139 0.499315 0.299589 0.149794 1.198355 0.000000 0.199726
631 12:00:03.150 19.305192 11.633974 75.296753 21.961075 0.772048 -0.004954 10.474651 0.500000 0.300000 0.150000 1.200000 0.000000 0.200000
632 12:00:03.150 24.872790 8.863634 73.838615 25.618879 0.783773 -0.019659 10.497724 0.499315 0.299589 0.149794 1.198355 0.000000 0.199726
633 12:00:03.160 29.031434 7.132817 74.260236 33.264618 0.805780 -0.048298 10.467999 0.497261 0.298357 0.149178 1.193426 0.000000 0.198904
634 12:00:03.160 33.136447 3.059607 72.580377 39.966184 0.758207 -0.058867 10.573181 0.493844 0.296307 0.148153 1.185226 0.000000 0.197538
635 12:00:03.170 37.801858 1.709406 71.837568 43.345088 0.761478 -0.103352 10.475505 0.489074 0.293444 0.146722 1.173777 0.000000 0.195630
636 12:00:03.170 45.676694 2.139944 68.575519 47.382788 0.777100 -0.088067 10.527902 0.482963 0.289778 0.144889 1.159111 0.000000 0.193185
637 12:00:03.180 51.203053 0.075711 65.703146 54.254060 0.766616 -0.113873 10.502070 0.475528 0.285317 0.142658 1.141268 0.000000 0.190211
638 12:00:03.180 52.697550 0.907755 62.377015 61.242781 0.775718 -0.158568 10.458518 0.466790 0.280074 0.140037 1.120297 0.000000 0.186716
639 12:00:03.190 58.747257 1.359323 56.818178 68.061835 0.718304 -0.151391 10.457955 0.456773 0.274064 0.137032 1.096255 0.000000 0.182709
640 12:00:03.190 65.532362 1.814571 53.731464 74.657894 0.708028 -0.191994 10.498427 0.445503 0.267302 0.133651 1.069208 0.000000 0.178201
641 12:00:03.200 70.574491 1.860114 49.743187 81.042149 0.664448 -0.217972 10.398297 0.433013 0.259808 0.129904 1.039230 0.000000 0.173205
642 12:00:03.200 74.669014 2.616902 44.947654 85.213541 0.695402 -0.186126 10.368222 0.419335 0.251601 0.125801 1.006405 0.000000 0.167734
643 12:00:03.210 78.380408 0.623162 40.815255 89.448297 0.658831 -0.216067 10.411432 0.404508 0.242705 0.121353 0.970820 0.000000 0.161803
644 12:00:03.210 84.341005 0.439081 34.568718 94.627349 0.640663 -0.244886 10.321075 0.388573 0.233144 0.116572 0.932575 0.000000 0.155429
645 12:00:03.220 86.353668 2.003467 32.930924 97.831481 0.576056 -0.255195 10.294551 0.371572 0.222943 0.111472 0.891774 0.000000 0.148629
646 12:00:03.220 88.188253 0.694483 29.003161 100.690955 0.554620 -0.282642 10.296217 0.353553 0.212132 0.106066 0.848528 0.000000 0.141421
647 12:00:03.230 88.978221 0.000000 22.280697 101.300689 0.565198 -0.269566 10.319496 0.334565 0.200739 0.100370 0.802957 0.000000 0.133826
648 12:00:03.230 88.848129 0.000000 20.950360 100.685770 0.495998 -0.301929 10.297853 0.314660 0.188796 0.094398 0.755184 0.000000 0.125864
649 12:00:03.240 89.468639 1.390499 18.815541 97.351306 0.487818 -0.321377 10.208130 0.293893 0.176336 0.088168 0.705342 0.000000 0.117557
650 12:00:03.240 85.095987 0.126059 16.865003 96.779460 0.451626 -0.346494 10.198187 0.272320 0.163392 0.081696 0.653567 0.000000 0.108928
651 12:00:03.250 83.717951 0.000000 12.302014 95.088956 0.414593 -0.325913 10.165659 0.250000 0.150000 0.075000 0.600000 0.000000 0.100000
652 12:00:03.250 80.231344 0.089131 11.315652 88.131590 0.377639 -0.369567 10.116511 0.226995 0.136197 0.068099 0.544789 0.000000 0.090798
653 12:00:03.260 74.213615 0.000000 8.582274 86.662603 0.293578 -0.384429 10.118197 0.203368 0.122021 0.061010 0.488084 0.000000 0.081347
654 12:00:03.260 72.373832 0.384344 6.075256 79.058843 0.304474 -0.380679 10.021368 0.179184 0.107510 0.053755 0.430042 0.000000 0.071674
655 12:00:03.270 65.089947 1.083595 5.876084 72.592118 0.255105 -0.341850 10.014632 0.154508 0.092705 0.046353 0.370820 0.000000 0.061803
656 12:00:03.270 56.802922 0.000000 5.719031 67.643863 0.205163 -0.411538 9.984786 0.129410 0.077646 0.038823 0.310583 0.000000 0.051764
657 12:00:03.280 50.714141 0.932164 2.031702 59.612958 0.186390 -0.369119 9.950236 0.103956 0.062374 0.031187 0.249494 0.000000 0.041582
658 12:00:03.280 47.368451 0.000000 2.037560 53.122523 0.108901 -0.377989 9.880791 0.078217 0.046930 0.023465 0.187721 0.000000 0.031287
659 12:00:03.290 41.641252 0.000000 3.998386 45.492183 0.085265 -0.390443 9.880937 0.052264 0.031359 0.015679 0.125434 0.000000 0.020906
660 12:00:03.290 38.024547 1.828556 1.758940 40.685337 0.055413 -0.365827 9.793305 0.026168 0.015701 0.007850 0.062803 0.000000 0.010467
661 12:00:03.300 29.629026 0.974374 2.018819 36.964228 -0.028661 -0.376357 9.758463 0.000000 0.000000 0.000000 0.000000 0.000000 0.000000
662 12:00:03.300 26.973308 1.404411 0.000000 30.795536 -0.064773 -0.413075 9.778129 -0.026168 -0.015701 -0.007850 -0.062803 0.000000 -0.010467
663 12:00:03.310 0.000000 0.000000 0.000000 0.000000 -0.043133 -0.408265 9.745458 -0.052264 -0.031359 -0.015679 -0.125434 0.000000 -0.020906
664 12:00:03.310 0.000000 0.000000 0.000000 0.000000 -0.132089 -0.394663 9.739920 -0.078217 -0.046930 -0.023465 -0.187721 0.000000 -0.031287
665 12:00:03.320 0.000000 0.000000 0.000000 0.000000 -0.124207 -0.374602 9.681754 -0.103956 -0.062374 -0.031187 -0.249494 0.000000 -0.041582
666 12:00:03.320 0.000000 0.000000 0.000000 0.000000 -0.236341 -0.370174 9.592943 -0.129410 -0.077646 -0.038823 -0.310583 0.000000 -0.051764
667 12:00:03.330 0.000000 0.000000 0.000000 0.000000 -0.255332 -0.386944 9.590193 -0.154508 -0.092705 -0.046353 -0.370820 0.000000 -0.061803
668 12:00:03.330 0.000000 0.000000 0.000000 0.000000 -0.284767 -0.373994 9.568513 -0.179184 -0.107510 -0.053755 -0.430042 0.000000 -0.071674
669 12:00:03.340 0.000000 0.000000 0.000000 0.000000 -0.314719 -0.331088 9.560905 -0.203368 -0.122021 -0.061010 -0.488084 0.000000 -0.081347
670 12:00:03.340 0.000000 0.000000 0.000000 0.000000 -0.380875 -0.358083 9.498001 -0.226995 -0.136197 -0.068099 -0.544789 0.000000 -0.090798
671 12:00:03.350 0.000000 0.000000 0.000000 0.000000 -0.405430 -0.334776 9.478154 -0.250000 -0.150000 -0.075000 -0.600000 0.000000 -0.100000
672 12:00:03.350 0.000000 0.000000 0.000000 0.000000 -0.425170 -0.325976 9.494119 -0.272320 -0.163392 -0.081696 -0.653567 0.000000 -0.108928
673 12:00:03.360 0.000000 0.000000 0.000000 0.000000 -0.447344 -0.359909 9.395622 -0.293893 -0.176336 -0.088168 -0.705342 0.000000 -0.117557
674 12:00:03.360 0.000000 0.000000 0.000000 0.000000 -0.457559 -0.315915 9.391009 -0.314660 -0.188796 -0.094398 -0.755184 0.000000 -0.125864
675 12:00:03.370 0.000000 0.000000 0.000000 0.000000 -0.568297 -0.281723 9.323804 -0.334565 -0.200739 -0.100370 -0.802957 0.000000 -0.133826
676 12:00:03.370 0.000000 0.000000 0.000000 0.000000 -0.566475 -0.287660 9.329811 -0.353553 -0.212132 -0.106066 -0.848528 0.000000 -0.141421
677 12:00:03.380 0.000000 0.000000 0.000000 0.000000 -0.590605 -0.254868 9.298513 -0.371572 -0.222943 -0.111472 -0.891774 0.000000 -0.148629
678 12:00:03.380 0.000000 0.000000 0.000000 0.000000 -0.650724 -0.264856 9.288532 -0.388573 -0.233144 -0.116572 -0.932575 0.000000 -0.155429
679 12:00:03.390 0.000000 0.000000 0.000000 0.000000 -0.667172 -0.283169 9.277816 -0.404508 -0.242705 -0.121353 -0.970820 0.000000 -0.161803
680 12:00:03.390 0.000000 0.000000 0.000000 0.000000 -0.670554 -0.205811 9.250068 -0.419335 -0.251601 -0.125801 -1.006405 0.000000 -0.167734
681 12:00:03.400 0.000000 0.000000 0.000000 0.000000 -0.693390 -0.176918 9.214904 -0.433013 -0.259808 -0.129904 -1.039230 0.000000 -0.173205
682 12:00:03.400 0.000000 0.000000 0.000000 0.000000 -0.720458 -0.198981 9.153437 -0.445503 -0.267302 -0.133651 -1.069208 0.000000 -0.178201
683 12:00:03.410 0.000000 0.000000 0.000000 0.000000 -0.743925 -0.182621 9.174943 -0.456773 -0.274064 -0.137032 -1.096255 0.000000 -0.182709
684 12:00:03.410 0.000000 0.000000 0.000000 0.000000 -0.745245 -0.134170 9.186731 -0.466790 -0.280074 -0.140037 -1.120297 0.000000 -0.186716
685 12:00:03.420 0.000000 0.000000 0.000000 0.000000 -0.760572 -0.122458 9.172353 -0.475528 -0.285317 -0.142658 -1.141268 0.000000 -0.190211
686 12:00:03.420 0.000000 0.000000 0.000000 0.000000 -0.755462 -0.092761 9.105572 -0.482963 -0.289778 -0.144889 -1.159111 0.000000 -0.193185
687 12:00:03.430 0.000000 0.000000 0.000000 0.000000 -0.792848 -0.094278 9.068561 -0.489074 -0.293444 -0.146722 -1.173777 0.000000 -0.195630
688 12:00:03.430 0.000000 0.000000 0.000000 0.000000 -0.783150 -0.074108 9.094930 -0.493844 -0.296307 -0.148153 -1.185226 0.000000 -0.197538
689 12:00:03.440 0.000000 0.000000 0.000000 0.000000 -0.813630 -0.021589 9.099400 -0.497261 -0.298357 -0.149178 -1.193426 0.000000 -0.198904
690 12:00:03.440 0.000000 0.000000 0.000000 0.000000 -0.822243 -0.012183 9.066664 -0.499315 -0.299589 -0.149794 -1.198355 0.000000 -0.199726
691 12:00:03.450 0.000000 0.000000 0.000000 0.000000 -0.777603 0.014799 9.106633 -0.500000 -0.300000 -0.150000 -1.200000 0.000000 -0.200000
692 12:00:03.450 0.000000 0.000000 0.000000 0.000000 -0.834271 -0.025635 9.065449 -0.499315 -0.299589 -0.149794 -1.198355 0.000000 -0.199726
693 12:00:03.460 0.000000 0.000000 0.000000 0.000000 -0.791140 0.081512 9.111438 -0.497261 -0.298357 -0.149178 -1.193426 0.000000 -0.198904
694 12:00:03.460 0.000000 0.000000 0.000000 0.000000 -0.786947 0.063373 9.083623 -0.493844 -0.296307 -0.148153 -1.185226 0.000000 -0.197538
695 12:00:03.470 0.000000 0.000000 0.000000 0.000000 -0.806592 0.046477 9.117782 -0.489074 -0.293444 -0.146722 -1.173777 0.000000 -0.195630
696 12:00:03.470 0.000000 0.000000 0.000000 0.000000 -0.773239 0.131984 9.119426 -0.482963 -0.289778 -0.144889 -1.159111 0.000000 -0.193185
697 12:00:03.480 0.000000 0.000000 0.000000 0.000000 -0.792406 0.129925 9.113418 -0.475528 -0.285317 -0.142658 -1.141268 0.000000 -0.190211
698 12:00:03.480 0.000000 0.000000 0.000000 0.000000 -0.725798 0.123404 9.158914 -0.466790 -0.280074 -0.140037 -1.120297 0.000000 -0.186716
699 12:00:03.490 0.000000 0.000000 0.000000 0.000000 -0.720764 0.160652 9.149636 -0.456773 -0.274064 -0.137032 -1.096255 0.000000 -0.182709
700 12:00:03.490 0.000000 0.000000 0.000000 0.000000 -0.744750 0.199177 9.227210 -0.445503 -0.267302 -0.133651 -1.069208 0.000000 -0.178201
701 12:00:03.500 0.000000 0.000000 0.000000 0.000000 -0.693990 0.169386 9.246279 -0.433013 -0.259808 -0.129904 -1.039230 0.000000 -0.173205
702 12:00:03.500 0.000000 0.000000 0.000000 0.000000 -0.670488 0.195904 9.222994 -0.419335 -0.251601 -0.125801 -1.006405 0.000000 -0.167734
703 12:00:03.510 0.000000 0.000000 0.000000 0.000000 -0.668612 0.207588 9.245401 -0.404508 -0.242705 -0.121353 -0.970820 0.000000 -0.161803
704 12:00:03.510 0.000000 0.000000 0.000000 0.000000 -0.623448 0.250254 9.247608 -0.388573 -0.233144 -0.116572 -0.932575 0.000000 -0.155429
705 12:00:03.520 0.000000 0.000000 0.000000 0.000000 -0.593906 0.290348 9.329186 -0.371572 -0.222943 -0.111472 -0.891774 0.000000 -0.148629
706 12:00:03.520 0.000000 0.000000 0.000000 0.000000 -0.579650 0.267411 9.363916 -0.353553 -0.212132 -0.106066 -0.848528 0.000000 -0.141421
707 12:00:03.530 0.000000 0.000000 0.000000 0.000000 -0.557234 0.299238 9.316250 -0.334565 -0.200739 -0.100370 -0.802957 0.000000 -0.133826
708 12:00:03.530 0.000000 0.000000 0.000000 0.000000 -0.465186 0.276363 9.413535 -0.314660 -0.188796 -0.094398 -0.755184 0.000000 -0.125864
709 12:00:03.540 0.000000 0.000000 0.000000 0.000000 -0.453131 0.359426 9.399852 -0.293893 -0.176336 -0.088168 -0.705342 0.000000 -0.117557
710 12:00:03.540 0.000000 0.000000 0.000000 0.000000 -0.431694 0.345382 9.393194 -0.272320 -0.163392 -0.081696 -0.653567 0.000000 -0.108928
711 12:00:03.550 0.000000 0.000000 0.000000 0.000000 -0.397037 0.363084 9.453963 -0.250000 -0.150000 -0.075000 -0.600000 0.000000 -0.100000
712 12:00:03.550 0.000000 0.000000 0.000000 0.000000 -0.354648 0.366004 9.490254 -0.226995 -0.136197 -0.068099 -0.544789 0.000000 -0.090798
713 12:00:03.560 0.000000 0.000000 0.000000 0.000000 -0.311708 0.336611 9.568719 -0.203368 -0.122021 -0.061010 -0.488084 0.000000 -0.081347
714 12:00:03.560 0.000000 0.000000 0.000000 0.000000 -0.271183 0.367823 9.541150 -0.179184 -0.107510 -0.053755 -0.430042 0.000000 -0.071674
715 12:00:03.570 0.000000 0.000000 0.000000 0.000000 -0.219449 0.369964 9.606546 -0.154508 -0.092705 -0.046353 -0.370820 0.000000 -0.061803
716 12:00:03.570 0.000000 0.000000 0.000000 0.000000 -0.213607 0.401568 9.602558 -0.129410 -0.077646 -0.038823 -0.310583 0.000000 -0.051764
717 12:00:03.580 0.000000 0.000000 0.000000 0.000000 -0.178307 0.397626 9.636799 -0.103956 -0.062374 -0.031187 -0.249494 0.000000 -0.041582
718 12:00:03.580 0.000000 0.000000 0.000000 0.000000 -0.119029 0.403569 9.696461 -0.078217 -0.046930 -0.023465 -0.187721 0.000000 -0.031287
719 12:00:03.590 0.000000 0.000000 0.000000 0.000000 -0.083453 0.418249 9.778765 -0.052264 -0.031359 -0.015679 -0.125434 0.000000 -0.020906
720 12:00:03.590 0.000000 0.000000 0.000000 0.000000 -0.072478 0.378193 9.739211 -0.026168 -0.015701 -0.007850 -0.062803 0.000000 -0.010467
721 12:00:03.600 0.000000 75.162775 1.698004 0.612021 -0.033658 0.382008 9.824106 0.000000 0.000000 0.000000 0.000000 0.000000 0.000000
722 12:00:03.600 1.646615 90.286423 0.000000 1.315892 0.025309 0.406790 9.819786 0.026168 0.015701 0.007850 0.062803 0.000000 0.010467
723 12:00:03.610 0.718674 107.418801 1.269005 0.000000 0.084152 0.370535 9.883192 0.052264 0.031359 0.015679 0.125434 0.000000 0.020906
724 12:00:03.610 0.000000 124.312111 2.136331 0.000000 0.143737 0.410740 9.917572 0.078217 0.046930 0.023465 0.187721 0.000000 0.031287
725 12:00:03.620 1.333326 140.300018 3.597882 0.000000 0.131186 0.391368 9.953598 0.103956 0.062374 0.031187 0.249494 0.000000 0.041582
726 12:00:03.620 0.000000 155.361958 4.435409 0.000000 0.198897 0.359006 9.965363 0.129410 0.077646 0.038823 0.310583 0.000000 0.051764
727 12:00:03.630 0.000000 170.637992 3.542486 0.000000 0.288384 0.361214 10.045857 0.154508 0.092705 0.046353 0.370820 0.000000 0.061803
728 12:00:03.630 1.731893 185.815977 4.853114 0.000000 0.262588 0.396415 10.039620 0.179184 0.107510 0.053755 0.430042 0.000000 0.071674
729 12:00:03.640 0.000000 193.796613 6.647702 1.149650 0.298980 0.367767 10.122970 0.203368 0.122021 0.061010 0.488084 0.000000 0.081347
730 12:00:03.640 0.137364 203.167406 6.958165 0.607988 0.369986 0.356751 10.149403 0.226995 0.136197 0.068099 0.544789 0.000000 0.090798
731 12:00:03.650 0.844272 209.372728 10.464018 0.747946 0.410471 0.346475 10.201673 0.250000 0.150000 0.075000 0.600000 0.000000 0.100000
732 12:00:03.650 0.916393 210.482988 11.955880 0.000000 0.442861 0.343124 10.185203 0.272320 0.163392 0.081696 0.653567 0.000000 0.108928
733 12:00:03.660 0.000000 207.075629 13.342705 0.679061 0.473690 0.325419 10.193689 0.293893 0.176336 0.088168 0.705342 0.000000 0.117557
734 12:00:03.660 0.000000 202.529243 17.680060 0.055262 0.527277 0.293862 10.280713 0.314660 0.188796 0.094398 0.755184 0.000000 0.125864
735 12:00:03.670 0.477119 194.930592 21.555837 0.000000 0.568871 0.292377 10.262758 0.334565 0.200739 0.100370 0.802957 0.000000 0.133826
736 12:00:03.670 2.052143 183.983602 24.848175 0.534185 0.553379 0.257255 10.318946 0.353553 0.212132 0.106066 0.848528 0.000000 0.141421
737 12:00:03.680 1.075224 170.624009 26.822570 1.560477 0.574399 0.276626 10.350358 0.371572 0.222943 0.111472 0.891774 0.000000 0.148629
738 12:00:03.680 0.464698 154.329790 33.651551 1.904125 0.603479 0.245165 10.336323 0.388573 0.233144 0.116572 0.932575 0.000000 0.155429
739 12:00:03.690 1.637739 139.786659 37.162743 0.893061 0.643530 0.250863 10.395657 0.404508 0.242705 0.121353 0.970820 0.000000 0.161803
740 12:00:03.690 2.168754 124.017865 40.735302 2.182056 0.674274 0.216625 10.392434 0.419335 0.251601 0.125801 1.006405 0.000000 0.167734
741 12:00:03.700 2.532280 108.237955 43.459261 2.343626 0.669439 0.219836 10.359042 0.433013 0.259808 0.129904 1.039230 0.000000 0.173205
742 12:00:03.700 3.089072 91.663075 49.273712 2.080371 0.724706 0.177414 10.385432 0.445503 0.267302 0.133651 1.069208 0.000000 0.178201
743 12:00:03.710 2.476717 74.967570 54.086986 4.655292 0.696373 0.114738 10.439922 0.456773 0.274064 0.137032 1.096255 0.000000 0.182709
744 12:00:03.710 3.328503 64.095330 57.911703 4.649503 0.733354 0.148309 10.444229 0.466790 0.280074 0.140037 1.120297 0.000000 0.186716
745 12:00:03.720 4.366183 50.792620 59.606518 7.139981 0.792103 0.113479 10.517202 0.475528 0.285317 0.142658 1.141268 0.000000 0.190211
746 12:00:03.720 7.239979 40.587525 64.124639 8.139977 0.761851 0.105972 10.431600 0.482963 0.289778 0.144889 1.159111 0.000000 0.193185
747 12:00:03.730 8.969576 32.923452 69.286731 10.889363 0.735592 0.088942 10.490142 0.489074 0.293444 0.146722 1.173777 0.000000 0.195630
748 12:00:03.730 9.796976 24.594448 70.443066 12.591373 0.763214 0.079842 10.504337 0.493844 0.296307 0.148153 1.185226 0.000000 0.197538
749 12:00:03.740 15.179597 17.460719 73.058971 14.221942 0.797676 0.059880 10.524056 0.497261 0.298357 0.149178 1.193426 0.000000 0.198904
750 12:00:03.740 18.064688 14.019385 73.803024 20.146322 0.781238 0.016539 10.599201 0.499315 0.299589 0.149794 1.198355 0.000000 0.199726
751 12:00:03.750 19.864567 10.067969 74.227268 21.591736 0.815241 -0.009788 10.531292 0.500000 0.300000 0.150000 1.200000 0.000000 0.200000
752 12:00:03.750 24.387527 6.889662 76.252956 27.705911 0.783696 -0.021982 10.477599 0.499315 0.299589 0.149794 1.198355 0.000000 0.199726
753 12:00:03.760 29.667721 4.532179 74.578435 31.989581 0.793693 -0.024934 10.501397 0.497261 0.298357 0.149178 1.193426 0.000000 0.198904
754 12:00:03.760 34.518700 4.928107 74.083595 37.167218 0.802673 -0.046269 10.467942 0.493844 0.296307 0.148153 1.185226 0.000000 0.197538
755 12:00:03.770 37.759022 3.423559 70.001629 42.063337 0.734308 -0.100371 10.440190 0.489074 0.293444 0.146722 1.173777 0.000000 0.195630
756 12:00:03.770 43.206594 1.323105 70.064965 48.810141 0.754756 -0.090697 10.439940 0.482963 0.289778 0.144889 1.159111 0.000000 0.193185
757 12:00:03.780 50.012756 1.625264 64.955138 54.034438 0.746631 -0.153952 10.516650 0.475528 0.285317 0.142658 1.141268 0.000000 0.190211
758 12:00:03.780 54.071191 1.445606 62.506655 61.847705 0.755069 -0.166415 10.511077 0.466790 0.280074 0.140037 1.120297 0.000000 0.186716
759 12:00:03.790 59.139471 0.747705 58.147810 67.677926 0.747287 -0.130484 10.459675 0.456773 0.274064 0.137032 1.096255 0.000000 0.182709
760 12:00:03.790 65.234646 1.801913 53.616370 74.027555 0.694198 -0.184710 10.461925 0.445503 0.267302 0.133651 1.069208 0.000000 0.178201
761 12:00:03.800 69.978675 2.365275 47.693690 79.165643 0.673172 -0.178551 10.396050 0.433013 0.259808 0.129904 1.039230 0.000000 0.173205
762 12:00:03.800 76.046054 0.000000 43.673277 84.152717 0.665323 -0.219923 10.380759 0.419335 0.251601 0.125801 1.006405 0.000000 0.167734
763 12:00:03.810 79.679198 0.000000 40.136357 91.154561 0.630037 -0.238317 10.338924 0.404508 0.242705 0.121353 0.970820 0.000000 0.161803
764 12:00:03.810 83.285880 0.011005 35.712582 93.742886 0.593403 -0.246531 10.357771 0.388573 0.233144 0.116572 0.932575 0.000000 0.155429
765 12:00:03.820 87.159407 0.673276 31.226649 96.159013 0.602166 -0.265485 10.340497 0.371572 0.222943 0.111472 0.891774 0.000000 0.148629
766 12:00:03.820 87.875669 0.000000 26.706592 97.648256 0.544675 -0.301411 10.276704 0.353553 0.212132 0.106066 0.848528 0.000000 0.141421
767 12:00:03.830 90.523044 0.769622 24.500828 99.644067 0.532794 -0.350009 10.255342 0.334565 0.200739 0.100370 0.802957 0.000000 0.133826
768 12:00:03.830 88.863409 0.000000 22.134479 101.504999 0.459817 -0.292121 10.265919 0.314660 0.188796 0.094398 0.755184 0.000000 0.125864
769 12:00:03.840 87.970238 0.115061 16.959734 98.551591 0.475054 -0.371371 10.252684 0.293893 0.176336 0.088168 0.705342 0.000000 0.117557
770 12:00:03.840 84.932617 1.588428 14.802862 97.515156 0.439496 -0.342367 10.238717 0.272320 0.163392 0.081696 0.653567 0.000000 0.108928
771 12:00:03.850 82.248892 2.086736 13.043077 91.593147 0.390125 -0.355818 10.178013 0.250000 0.150000 0.075000 0.600000 0.000000 0.100000
772 12:00:03.850 81.092801 0.043815 11.098466 91.692398 0.356672 -0.369771 10.153747 0.226995 0.136197 0.068099 0.544789 0.000000 0.090798
773 12:00:03.860 75.316332 0.000000 9.399323 84.643778 0.336474 -0.346648 10.112707 0.203368 0.122021 0.061010 0.488084 0.000000 0.081347
774 12:00:03.860 69.247341 0.000000 6.044054 77.864023 0.250576 -0.336465 10.111837 0.179184 0.107510 0.053755 0.430042 0.000000 0.071674
775 12:00:03.870 64.817824 0.742356 5.780857 72.063581 0.266373 -0.414807 9.996124 0.154508 0.092705 0.046353 0.370820 0.000000 0.061803
776 12:00:03.870 57.672190 0.000000 4.528413 66.963238 0.194950 -0.406935 9.985982 0.129410 0.077646 0.038823 0.310583 0.000000 0.051764
777 12:00:03.880 53.073893 1.549027 4.896236 60.061905 0.174744 -0.392860 9.984780 0.103956 0.062374 0.031187 0.249494 0.000000 0.041582
778 12:00:03.880 48.512293 0.000000 2.724146 55.327044 0.117343 -0.404021 9.922064 0.078217 0.046930 0.023465 0.187721 0.000000 0.031287
779 12:00:03.890 41.258442 0.467888 1.528722 46.895784 0.054018 -0.372891 9.912319 0.052264 0.031359 0.015679 0.125434 0.000000 0.020906
780 12:00:03.890 37.687142 0.000000 2.626469 41.044744 0.058543 -0.390320 9.884806 0.026168 0.015701 0.007850 0.062803 0.000000 0.010467
781 12:00:03.900 32.218166 0.479097 1.606109 34.039621 0.001356 -0.419713 9.797196 0.000000 0.000000 0.000000 0.000000 0.000000 0.000000
782 12:00:03.900 26.690954 0.968369 1.618881 30.820341 -0.043017 -0.426908 9.801187 -0.026168 -0.015701 -0.007850 -0.062803 0.000000 -0.010467
783 12:00:03.910 0.000000 0.000000 0.000000 0.000000 -0.077675 -0.395186 9.707265 -0.052264 -0.031359 -0.015679 -0.125434 0.000000 -0.020906
784 12:00:03.910 0.000000 0.000000 0.000000 0.000000 -0.136295 -0.393016 9.693766 -0.078217 -0.046930 -0.023465 -0.187721 0.000000 -0.031287
785 12:00:03.920 0.000000 0.000000 0.000000 0.000000 -0.192605 -0.387175 9.683250 -0.103956 -0.062374 -0.031187 -0.249494 0.000000 -0.041582
786 12:00:03.920 0.000000 0.000000 0.000000 0.000000 -0.232036 -0.399146 9.676591 -0.129410 -0.077646 -0.038823 -0.310583 0.000000 -0.051764
787 12:00:03.930 0.000000 0.000000 0.000000 0.000000 -0.278780 -0.386763 9.634238 -0.154508 -0.092705 -0.046353 -0.370820 0.000000 -0.061803
788 12:00:03.930 0.000000 0.000000 0.000000 0.000000 -0.287225 -0.396432 9.586223 -0.179184 -0.107510 -0.053755 -0.430042 0.000000 -0.071674
789 12:00:03.940 0.000000 0.000000 0.000000 0.000000 -0.321617 -0.366172 9.542869 -0.203368 -0.122021 -0.061010 -0.488084 0.000000 -0.081347
790 12:00:03.940 0.000000 0.000000 0.000000 0.000000 -0.409351 -0.374729 9.531455 -0.226995 -0.136197 -0.068099 -0.544789 0.000000 -0.090798
791 12:00:03.950 0.000000 0.000000 0.000000 0.000000 -0.429938 -0.369554 9.509654 -0.250000 -0.150000 -0.075000 -0.600000 0.000000 -0.100000
792 12:00:03.950 0.000000 0.000000 0.000000 0.000000 -0.431127 -0.343939 9.427874 -0.272320 -0.163392 -0.081696 -0.653567 0.000000 -0.108928
793 12:00:03.960 0.000000 0.000000 0.000000 0.000000 -0.495501 -0.332796 9.411329 -0.293893 -0.176336 -0.088168 -0.705342 0.000000 -0.117557
794 12:00:03.960 0.000000 0.000000 0.000000 0.000000 -0.544390 -0.337165 9.369402 -0.314660 -0.188796 -0.094398 -0.755184 0.000000 -0.125864
795 12:00:03.970 0.000000 0.000000 0.000000 0.000000 -0.532693 -0.299700 9.348689 -0.334565 -0.200739 -0.100370 -0.802957 0.000000 -0.133826
796 12:00:03.970 0.000000 0.000000 0.000000 0.000000 -0.582261 -0.262825 9.365327 -0.353553 -0.212132 -0.106066 -0.848528 0.000000 -0.141421
797 12:00:03.980 0.000000 0.000000 0.000000 0.000000 -0.633163 -0.241001 9.286604 -0.371572 -0.222943 -0.111472 -0.891774 0.000000 -0.148629
798 12:00:03.980 0.000000 0.000000 0.000000 0.000000 -0.619400 -0.277585 9.270919 -0.388573 -0.233144 -0.116572 -0.932575 0.000000 -0.155429
799 12:00:03.990 0.000000 0.000000 0.000000 0.000000 -0.660051 -0.234050 9.201141 -0.404508 -0.242705 -0.121353 -0.970820 0.000000 -0.161803
800 12:00:03.990 0.000000 0.000000 0.000000 0.000000 -0.648503 -0.226693 9.258143 -0.419335 -0.251601 -0.125801 -1.006405 0.000000 -0.167734
801 12:00:04.000 0.000000 0.000000 0.000000 0.000000 -0.680197 -0.199847 9.164246 -0.433013 -0.259808 -0.129904 -1.039230 0.000000 -0.173205
802 12:00:04.000 0.000000 0.000000 0.000000 0.000000 -0.687790 -0.178262 9.173196 -0.445503 -0.267302 -0.133651 -1.069208 0.000000 -0.178201
803 12:00:04.010 0.000000 0.000000 0.000000 0.000000 -0.734232 -0.145701 9.186826 -0.456773 -0.274064 -0.137032 -1.096255 0.000000 -0.182709
804 12:00:04.010 0.000000 0.000000 0.000000 0.000000 -0.763489 -0.153226 9.176755 -0.466790 -0.280074 -0.140037 -1.120297 0.000000 -0.186716
805 12:00:04.020 0.000000 0.000000 0.000000 0.000000 -0.791779 -0.108813 9.149458 -0.475528 -0.285317 -0.142658 -1.141268 0.000000 -0.190211
806 12:00:04.020 0.000000 0.000000 0.000000 0.000000 -0.812720 -0.105461 9.117783 -0.482963 -0.289778 -0.144889 -1.159111 0.000000 -0.193185
807 12:00:04.030 0.000000 0.000000 0.000000 0.000000 -0.792226 -0.050987 9.112620 -0.489074 -0.293444 -0.146722 -1.173777 0.000000 -0.195630
808 12:00:04.030 0.000000 0.000000 0.000000 0.000000 -0.817406 -0.035139 9.132457 -0.493844 -0.296307 -0.148153 -1.185226 0.000000 -0.197538
809 12:00:04.040 0.000000 0.000000 0.000000 0.000000 -0.767317 -0.020815 9.129952 -0.497261 -0.298357 -0.149178 -1.193426 0.000000 -0.198904
810 12:00:04.040 0.000000 0.000000 0.000000 0.000000 -0.810641 -0.012149 9.103758 -0.499315 -0.299589 -0.149794 -1.198355 0.000000 -0.199726
811 12:00:04.050 0.000000 0.000000 0.000000 0.000000 -0.802825 -0.005019 9.130298 -0.500000 -0.300000 -0.150000 -1.200000 0.000000 -0.200000
812 12:00:04.050 0.000000 0.000000 0.000000 0.000000 -0.826159 0.011431 9.136183 -0.499315 -0.299589 -0.149794 -1.198355 0.000000 -0.199726
813 12:00:04.060 0.000000 0.000000 0.000000 0.000000 -0.810477 0.045756 9.072720 -0.497261 -0.298357 -0.149178 -1.193426 0.000000 -0.198904
814 12:00:04.060 0.000000 0.000000 0.000000 0.000000 -0.790264 0.063388 9.094435 -0.493844 -0.296307 -0.148153 -1.185226 0.000000 -0.197538
815 12:00:04.070 0.000000 0.000000 0.000000 0.000000 -0.760873 0.028385 9.079795 -0.489074 -0.293444 -0.146722 -1.173777 0.000000 -0.195630
816 12:00:04.070 0.000000 0.000000 0.000000 0.000000 -0.745141 0.101597 9.151667 -0.482963 -0.289778 -0.144889 -1.159111 0.000000 -0.193185
817 12:00:04.080 0.000000 0.000000 0.000000 0.000000 -0.778289 0.113925 9.159084 -0.475528 -0.285317 -0.142658 -1.141268 0.000000 -0.190211
818 12:00:04.080 0.000000 0.000000 0.000000 0.000000 -0.731538 0.156251 9.205971 -0.466790 -0.280074 -0.140037 -1.120297 0.000000 -0.186716
819 12:00:04.090 0.000000 0.000000 0.000000 0.000000 -0.738517 0.116555 9.163873 -0.456773 -0.274064 -0.137032 -1.096255 0.000000 -0.182709
820 12:00:04.090 0.000000 0.000000 0.000000 0.000000 -0.719849 0.174972 9.141723 -0.445503 -0.267302 -0.133651 -1.069208 0.000000 -0.178201
821 12:00:04.100 0.000000 0.000000 0.000000 0.000000 -0.675786 0.192488 9.208099 -0.433013 -0.259808 -0.129904 -1.039230 0.000000 -0.173205
822 12:00:04.100 0.000000 0.000000 0.000000 0.000000 -0.699658 0.223557 9.204965 -0.419335 -0.251601 -0.125801 -1.006405 0.000000 -0.167734
823 12:00:04.110 0.000000 0.000000 0.000000 0.000000 -0.670668 0.241133 9.234121 -0.404508 -0.242705 -0.121353 -0.970820 0.000000 -0.161803
824 12:00:04.110 0.000000 0.000000 0.000000 0.000000 -0.639582 0.234714 9.252088 -0.388573 -0.233144 -0.116572 -0.932575 0.000000 -0.155429
825 12:00:04.120 0.000000 0.000000 0.000000 0.000000 -0.607919 0.278499 9.302718 -0.371572 -0.222943 -0.111472 -0.891774 0.000000 -0.148629
826 12:00:04.120 0.000000 0.000000 0.000000 0.000000 -0.589065 0.268185 9.338681 -0.353553 -0.212132 -0.106066 -0.848528 0.000000 -0.141421
827 12:00:04.130 0.000000 0.000000 0.000000 0.000000 -0.540741 0.294540 9.284122 -0.334565 -0.200739 -0.100370 -0.802957 0.000000 -0.133826
828 12:00:04.130 0.000000 0.000000 0.000000 0.000000 -0.510970 0.302964 9.392759 -0.314660 -0.188796 -0.094398 -0.755184 0.000000 -0.125864
829 12:00:04.140 0.000000 0.000000 0.000000 0.000000 -0.513605 0.294964 9.391357 -0.293893 -0.176336 -0.088168 -0.705342 0.000000 -0.117557
830 12:00:04.140 0.000000 0.000000 0.000000 0.000000 -0.429061 0.359138 9.439591 -0.272320 -0.163392 -0.081696 -0.653567 0.000000 -0.108928
831 12:00:04.150 0.000000 0.000000 0.000000 0.000000 -0.433409 0.308571 9.461898 -0.250000 -0.150000 -0.075000 -0.600000 0.000000 -0.100000
832 12:00:04.150 0.000000 0.000000 0.000000 0.000000 -0.376399 0.328153 9.445522 -0.226995 -0.136197 -0.068099 -0.544789 0.000000 -0.090798
833 12:00:04.160 0.000000 0.000000 0.000000 0.000000 -0.335262 0.391135 9.488518 -0.203368 -0.122021 -0.061010 -0.488084 0.000000 -0.081347
834 12:00:04.160 0.000000 0.000000 0.000000 0.000000 -0.291499 0.381022 9.570939 -0.179184 -0.107510 -0.053755 -0.430042 0.000000 -0.071674
835 12:00:04.170 0.000000 0.000000 0.000000 0.000000 -0.245590 0.411317 9.598113 -0.154508 -0.092705 -0.046353 -0.370820 0.000000 -0.061803
836 12:00:04.170 0.000000 0.000000 0.000000 0.000000 -0.229827 0.381597 9.584115 -0.129410 -0.077646 -0.038823 -0.310583 0.000000 -0.051764
837 12:00:04.180 0.000000 0.000000 0.000000 0.000000 -0.175280 0.365275 9.655107 -0.103956 -0.062374 -0.031187 -0.249494 0.000000 -0.041582
838 12:00:04.180 0.000000 0.000000 0.000000 0.000000 -0.123955 0.436338 9.699733 -0.078217 -0.046930 -0.023465 -0.187721 0.000000 -0.031287
839 12:00:04.190 0.000000 0.000000 0.000000 0.000000 -0.065693 0.395948 9.769951 -0.052264 -0.031359 -0.015679 -0.125434 0.000000 -0.020906
840 12:00:04.190 0.000000 0.000000 0.000000 0.000000 -0.044039 0.387828 9.776878 -0.026168 -0.015701 -0.007850 -0.062803 0.000000 -0.010467
841 12:00:04.200 1.299652 76.734404 0.508526 0.000000 0.012748 0.448623 9.815728 0.000000 0.000000 0.000000 0.000000 0.000000 0.000000
842 12:00:04.200 0.000000 92.432993 0.000000 0.048430 0.024127 0.392976 9.811540 0.026168 0.015701 0.007850 0.062803 0.000000 0.010467
843 12:00:04.210 0.010094 107.141933 0.000000 0.299475 0.063643 0.371839 9.897492 0.052264 0.031359 0.015679 0.125434 0.000000 0.020906
844 12:00:04.210 0.150193 121.640076 2.699934 0.062183 0.100942 0.400644 9.954703 0.078217 0.046930 0.023465 0.187721 0.000000 0.031287
845 12:00:04.220 0.000000 139.428880 2.799873 0.697523 0.219954 0.412642 9.991485 0.103956 0.062374 0.031187 0.249494 0.000000 0.041582
846 12:00:04.220 0.000000 156.058697 5.309453 1.816074 0.210292 0.417462 9.998967 0.129410 0.077646 0.038823 0.310583 0.000000 0.051764
847 12:00:04.230 0.000000 170.891771 5.062278 0.000000 0.265145 0.375273 9.999747 0.154508 0.092705 0.046353 0.370820 0.000000 0.061803
848 12:00:04.230 0.739950 184.738240 5.611876 0.018792 0.306698 0.357162 10.003637 0.179184 0.107510 0.053755 0.430042 0.000000 0.071674
849 12:00:04.240 0.000000 194.612671 4.813762 0.742113 0.338444 0.364324 10.105334 0.203368 0.122021 0.061010 0.488084 0.000000 0.081347
850 12:00:04.240 0.407191 202.972972 8.695698 0.386906 0.367179 0.355427 10.138832 0.226995 0.136197 0.068099 0.544789 0.000000 0.090798
851 12:00:04.250 0.000000 207.936790 9.948989 0.640970 0.364770 0.315406 10.166012 0.250000 0.150000 0.075000 0.600000 0.000000 0.100000
852 12:00:04.250 0.030133 210.737745 12.622706 0.000000 0.441555 0.313388 10.167158 0.272320 0.163392 0.081696 0.653567 0.000000 0.108928
853 12:00:04.260 1.167502 207.848320 14.100479 0.000000 0.460748 0.295088 10.235297 0.293893 0.176336 0.088168 0.705342 0.000000 0.117557
854 12:00:04.260 0.245793 203.607596 16.124371 0.000000 0.512454 0.284357 10.264400 0.314660 0.188796 0.094398 0.755184 0.000000 0.125864
855 12:00:04.270 1.294839 195.606872 21.234467 0.000000 0.543143 0.309754 10.265269 0.334565 0.200739 0.100370 0.802957 0.000000 0.133826
856 12:00:04.270 0.691892 183.353099 24.076174 0.060946 0.549730 0.318782 10.292295 0.353553 0.212132 0.106066 0.848528 0.000000 0.141421
857 12:00:04.280 0.000000 170.751412 27.541046 0.000000 0.597408 0.279436 10.352600 0.371572 0.222943 0.111472 0.891774 0.000000 0.148629
858 12:00:04.280 1.070805 153.294405 33.161336 0.874188 0.660343 0.242240 10.256644 0.388573 0.233144 0.116572 0.932575 0.000000 0.155429
859 12:00:04.290 1.118301 138.681710 34.914710 1.133793 0.667801 0.239486 10.385532 0.404508 0.242705 0.121353 0.970820 0.000000 0.161803
860 12:00:04.290 0.000000 123.798173 40.812684 2.549625 0.634183 0.227420 10.395591 0.419335 0.251601 0.125801 1.006405 0.000000 0.167734
861 12:00:04.300 2.205058 105.334547 44.097447 2.508211 0.661985 0.195007 10.414865 0.433013 0.259808 0.129904 1.039230 0.000000 0.173205
862 12:00:04.300 1.891705 91.420555 49.029070 0.732282 0.736166 0.157706 10.474102 0.445503 0.267302 0.133651 1.069208 0.000000 0.178201
863 12:00:04.310 3.672514 76.006016 53.023871 3.368250 0.715559 0.123265 10.482896 0.456773 0.274064 0.137032 1.096255 0.000000 0.182709
864 12:00:04.310 3.168742 65.187727 56.739971 5.242064 0.768460 0.161122 10.418279 0.466790 0.280074 0.140037 1.120297 0.000000 0.186716
865 12:00:04.320 6.651337 51.569752 59.601329 5.061512 0.779463 0.131749 10.415719 0.475528 0.285317 0.142658 1.141268 0.000000 0.190211
866 12:00:04.320 7.360666 40.925945 65.643442 6.105851 0.808463 0.103384 10.501201 0.482963 0.289778 0.144889 1.159111 0.000000 0.193185
867 12:00:04.330 8.413159 31.351079 68.098936 8.680477 0.825619 0.086849 10.524431 0.489074 0.293444 0.146722 1.173777 0.000000 0.195630
868 12:00:04.330 11.274334 24.800429 69.457986 15.176264 0.773314 0.061246 10.470865 0.493844 0.296307 0.148153 1.185226 0.000000 0.197538
869 12:00:04.340 13.386331 17.206382 71.466904 15.743530 0.780726 0.070617 10.527803 0.497261 0.298357 0.149178 1.193426 0.000000 0.198904
870 12:00:04.340 16.425320 13.550199 75.318439 19.471195 0.843223 0.040474 10.552460 0.499315 0.299589 0.149794 1.198355 0.000000 0.199726
871 12:00:04.350 20.576835 12.661862 74.164849 22.676868 0.859915 -0.009792 10.470714 0.500000 0.300000 0.150000 1.200000 0.000000 0.200000
872 12:00:04.350 24.951950 7.435760 75.309084 27.329057 0.803675 -0.027351 10.466966 0.499315 0.299589 0.149794 1.198355 0.000000 0.199726
873 12:00:04.360 28.207583 4.244083 74.980218 33.918686 0.784843 -0.078518 10.525786 0.497261 0.298357 0.149178 1.193426 0.000000 0.198904
874 12:00:04.360 33.332529 3.936466 73.334077 36.450114 0.812647 -0.082707 10.579171 0.493844 0.296307 0.148153 1.185226 0.000000 0.197538
875 12:00:04.370 35.325838 2.636501 70.739948 41.822188 0.784718 -0.087438 10.473749 0.489074 0.293444 0.146722 1.173777 0.000000 0.195630
876 12:00:04.370 42.153363 1.266492 68.515997 48.882356 0.762814 -0.088989 10.527500 0.482963 0.289778 0.144889 1.159111 0.000000 0.193185
877 12:00:04.380 48.636871 0.022461 64.461996 57.265569 0.755456 -0.116103 10.432706 0.475528 0.285317 0.142658 1.141268 0.000000 0.190211
878 12:00:04.380 54.860904 0.876339 60.797940 61.722901 0.764397 -0.151967 10.463842 0.466790 0.280074 0.140037 1.120297 0.000000 0.186716
879 12:00:04.390 61.010018 0.000000 58.005934 69.199473 0.742559 -0.165155 10.456874 0.456773 0.274064 0.137032 1.096255 0.000000 0.182709
880 12:00:04.390 66.348809 1.571593 52.682299 74.958921 0.732911 -0.192498 10.432880 0.445503 0.267302 0.133651 1.069208 0.000000 0.178201
881 12:00:04.400 71.546826 0.273729 49.883280 79.139648 0.701879 -0.178499 10.419016 0.433013 0.259808 0.129904 1.039230 0.000000 0.173205
882 12:00:04.400 75.390772 0.000000 47.108681 84.751805 0.712773 -0.204042 10.382674 0.419335 0.251601 0.125801 1.006405 0.000000 0.167734
883 12:00:04.410 80.298277 0.000000 36.598199 90.298587 0.619502 -0.199948 10.363779 0.404508 0.242705 0.121353 0.970820 0.000000 0.161803
884 12:00:04.410 83.624552 0.000000 35.882762 93.176986 0.593189 -0.251486 10.369354 0.388573 0.233144 0.116572 0.932575 0.000000 0.155429
885 12:00:04.420 88.423842 0.234633 31.085683 97.887392 0.574714 -0.274428 10.333890 0.371572 0.222943 0.111472 0.891774 0.000000 0.148629
886 12:00:04.420 89.408538 0.000000 28.557590 100.495832 0.525537 -0.264262 10.313275 0.353553 0.212132 0.106066 0.848528 0.000000 0.141421
887 12:00:04.430 87.924092 0.000000 25.925818 100.548794 0.518800 -0.299268 10.255553 0.334565 0.200739 0.100370 0.802957 0.000000 0.133826
888 12:00:04.430 87.719447 0.445325 22.889464 102.312951 0.516484 -0.332942 10.202017 0.314660 0.188796 0.094398 0.755184 0.000000 0.125864
889 12:00:04.440 88.491223 0.000000 18.280498 98.714919 0.455971 -0.305295 10.206565 0.293893 0.176336 0.088168 0.705342 0.000000 0.117557
890 12:00:04.440 85.436359 0.000000 15.060598 96.586733 0.436323 -0.333302 10.154351 0.272320 0.163392 0.081696 0.653567 0.000000 0.108928
891 12:00:04.450 81.149656 0.000000 13.000878 92.343090 0.423025 -0.363824 10.150866 0.250000 0.150000 0.075000 0.600000 0.000000 0.100000
892 12:00:04.450 79.025447 0.000000 10.005091 88.517125 0.360423 -0.360819 10.123963 0.226995 0.136197 0.068099 0.544789 0.000000 0.090798
893 12:00:04.460 74.044831 0.046805 9.208433 84.279486 0.317536 -0.379089 10.107212 0.203368 0.122021 0.061010 0.488084 0.000000 0.081347
894 12:00:04.460 70.778180 0.302547 8.819562 78.221428 0.250440 -0.364327 10.008817 0.179184 0.107510 0.053755 0.430042 0.000000 0.071674
895 12:00:04.470 62.074256 0.509549 6.552504 74.548620 0.242077 -0.358719 10.054004 0.154508 0.092705 0.046353 0.370820 0.000000 0.061803
896 12:00:04.470 58.722663 0.000000 4.904859 66.320908 0.212383 -0.378931 10.003040 0.129410 0.077646 0.038823 0.310583 0.000000 0.051764
897 12:00:04.480 53.228384 1.489870 2.593509 60.036897 0.155161 -0.390984 9.971453 0.103956 0.062374 0.031187 0.249494 0.000000 0.041582
898 12:00:04.480 48.372531 0.880669 3.347151 52.704959 0.100741 -0.379223 9.873949 0.078217 0.046930 0.023465 0.187721 0.000000 0.031287
899 12:00:04.490 41.585618 1.766802 2.697408 46.540447 0.104687 -0.398078 9.870868 0.052264 0.031359 0.015679 0.125434 0.000000 0.020906
900 12:00:04.490 37.679728 0.785948 1.984429 39.991263 0.065448 -0.406311 9.847996 0.026168 0.015701 0.007850 0.062803 0.000000 0.010467
901 12:00:04.500 31.004022 0.418315 1.655742 36.497842 0.000586 -0.448771 9.760596 0.000000 0.000000 0.000000 0.000000 0.000000 0.000000
902 12:00:04.500 28.665223 0.000000 0.326185 31.254790 -0.051223 -0.388079 9.812713 -0.026168 -0.015701 -0.007850 -0.062803 0.000000 -0.010467
903 12:00:04.510 0.000000 0.000000 0.000000 0.000000 -0.103386 -0.429979 9.743888 -0.052264 -0.031359 -0.015679 -0.125434 0.000000 -0.020906
904 12:00:04.510 0.000000 0.000000 0.000000 0.000000 -0.117144 -0.411338 9.688850 -0.078217 -0.046930 -0.023465 -0.187721 0.000000 -0.031287
905 12:00:04.520 0.000000 0.000000 0.000000 0.000000 -0.159305 -0.412147 9.669082 -0.103956 -0.062374 -0.031187 -0.249494 0.000000 -0.041582
906 12:00:04.520 0.000000 0.000000 0.000000 0.000000 -0.188184 -0.402304 9.617033 -0.129410 -0.077646 -0.038823 -0.310583 0.000000 -0.051764
907 12:00:04.530 0.000000 0.000000 0.000000 0.000000 -0.225416 -0.395829 9.602266 -0.154508 -0.092705 -0.046353 -0.370820 0.000000 -0.061803
908 12:00:04.530 0.000000 0.000000 0.000000 0.000000 -0.309099 -0.415873 9.541269 -0.179184 -0.107510 -0.053755 -0.430042 0.000000 -0.071674
909 12:00:04.540 0.000000 0.000000 0.000000 0.000000 -0.334440 -0.369073 9.542808 -0.203368 -0.122021 -0.061010 -0.488084 0.000000 -0.081347
910 12:00:04.540 0.000000 0.000000 0.000000 0.000000 -0.376257 -0.351437 9.469320 -0.226995 -0.136197 -0.068099 -0.544789 0.000000 -0.090798
911 12:00:04.550 0.000000 0.000000 0.000000 0.000000 -0.428162 -0.359991 9.474349 -0.250000 -0.150000 -0.075000 -0.600000 0.000000 -0.100000
912 12:00:04.550 0.000000 0.000000 0.000000 0.000000 -0.421884 -0.327437 9.472580 -0.272320 -0.163392 -0.081696 -0.653567 0.000000 -0.108928
913 12:00:04.560 0.000000 0.000000 0.000000 0.000000 -0.460526 -0.312493 9.413321 -0.293893 -0.176336 -0.088168 -0.705342 0.000000 -0.117557
914 12:00:04.560 0.000000 0.000000 0.000000 0.000000 -0.506148 -0.353807 9.363791 -0.314660 -0.188796 -0.094398 -0.755184 0.000000 -0.125864
915 12:00:04.570 0.000000 0.000000 0.000000 0.000000 -0.533536 -0.324887 9.310498 -0.334565 -0.200739 -0.100370 -0.802957 0.000000 -0.133826
916 12:00:04.570 0.000000 0.000000 0.000000 0.000000 -0.560185 -0.268396 9.331536 -0.353553 -0.212132 -0.106066 -0.848528 0.000000 -0.141421
917 12:00:04.580 0.000000 0.000000 0.000000 0.000000 -0.608053 -0.268545 9.303374 -0.371572 -0.222943 -0.111472 -0.891774 0.000000 -0.148629
918 12:00:04.580 0.000000 0.000000 0.000000 0.000000 -0.659172 -0.245832 9.237254 -0.388573 -0.233144 -0.116572 -0.932575 0.000000 -0.155429
919 12:00:04.590 0.000000 0.000000 0.000000 0.000000 -0.635524 -0.235710 9.250692 -0.404508 -0.242705 -0.121353 -0.970820 0.000000 -0.161803
920 12:00:04.590 0.000000 0.000000 0.000000 0.000000 -0.693459 -0.211090 9.218403 -0.419335 -0.251601 -0.125801 -1.006405 0.000000 -0.167734
921 12:00:04.600 0.000000 0.000000 0.000000 0.000000 -0.707151 -0.204294 9.197140 -0.433013 -0.259808 -0.129904 -1.039230 0.000000 -0.173205
922 12:00:04.600 0.000000 0.000000 0.000000 0.000000 -0.714290 -0.162054 9.183444 -0.445503 -0.267302 -0.133651 -1.069208 0.000000 -0.178201
923 12:00:04.610 0.000000 0.000000 0.000000 0.000000 -0.733886 -0.170581 9.133110 -0.456773 -0.274064 -0.137032 -1.096255 0.000000 -0.182709
924 12:00:04.610 0.000000 0.000000 0.000000 0.000000 -0.731512 -0.159262 9.128869 -0.466790 -0.280074 -0.140037 -1.120297 0.000000 -0.186716
925 12:00:04.620 0.000000 0.000000 0.000000 0.000000 -0.744902 -0.134343 9.192132 -0.475528 -0.285317 -0.142658 -1.141268 0.000000 -0.190211
926 12:00:04.620 0.000000 0.000000 0.000000 0.000000 -0.777087 -0.117974 9.185728 -0.482963 -0.289778 -0.144889 -1.159111 0.000000 -0.193185
927 12:00:04.630 0.000000 0.000000 0.000000 0.000000 -0.793102 -0.078961 9.134798 -0.489074 -0.293444 -0.146722 -1.173777 0.000000 -0.195630
928 12:00:04.630 0.000000 0.000000 0.000000 0.000000 -0.813761 -0.070664 9.148932 -0.493844 -0.296307 -0.148153 -1.185226 0.000000 -0.197538
929 12:00:04.640 0.000000 0.000000 0.000000 0.000000 -0.826688 -0.029758 9.079778 -0.497261 -0.298357 -0.149178 -1.193426 0.000000 -0.198904
930 12:00:04.640 0.000000 0.000000 0.000000 0.000000 -0.777393 -0.035373 9.116974 -0.499315 -0.299589 -0.149794 -1.198355 0.000000 -0.199726
931 12:00:04.650 0.000000 0.000000 0.000000 0.000000 -0.751277 -0.004588 9.112583 -0.500000 -0.300000 -0.150000 -1.200000 0.000000 -0.200000
932 12:00:04.650 0.000000 0.000000 0.000000 0.000000 -0.837921 0.041147 9.088045 -0.499315 -0.299589 -0.149794 -1.198355 0.000000 -0.199726
933 12:00:04.660 0.000000 0.000000 0.000000 0.000000 -0.792255 0.077917 9.117449 -0.497261 -0.298357 -0.149178 -1.193426 0.000000 -0.198904
934 12:00:04.660 0.000000 0.000000 0.000000 0.000000 -0.803263 0.047449 9.165661 -0.493844 -0.296307 -0.148153 -1.185226 0.000000 -0.197538
935 12:00:04.670 0.000000 0.000000 0.000000 0.000000 -0.806202 0.096922 9.132537 -0.489074 -0.293444 -0.146722 -1.173777 0.000000 -0.195630
936 12:00:04.670 0.000000 0.000000 0.000000 0.000000 -0.804799 0.111501 9.158583 -0.482963 -0.289778 -0.144889 -1.159111 0.000000 -0.193185
937 12:00:04.680 0.000000 0.000000 0.000000 0.000000 -0.754019 0.089597 9.142841 -0.475528 -0.285317 -0.142658 -1.141268 0.000000 -0.190211
938 12:00:04.680 0.000000 0.000000 0.000000 0.000000 -0.737888 0.114937 9.165069 -0.466790 -0.280074 -0.140037 -1.120297 0.000000 -0.186716
939 12:00:04.690 0.000000 0.000000 0.000000 0.000000 -0.711405 0.154946 9.229126 -0.456773 -0.274064 -0.137032 -1.096255 0.000000 -0.182709
940 12:00:04.690 0.000000 0.000000 0.000000 0.000000 -0.718845 0.147208 9.168796 -0.445503 -0.267302 -0.133651 -1.069208 0.000000 -0.178201
941 12:00:04.700 0.000000 0.000000 0.000000 0.000000 -0.683981 0.222866 9.143310 -0.433013 -0.259808 -0.129904 -1.039230 0.000000 -0.173205
942 12:00:04.700 0.000000 0.000000 0.000000 0.000000 -0.663213 0.229743 9.172562 -0.419335 -0.251601 -0.125801 -1.006405 0.000000 -0.167734
943 12:00:04.710 0.000000 0.000000 0.000000 0.000000 -0.635018 0.234980 9.240531 -0.404508 -0.242705 -0.121353 -0.970820 0.000000 -0.161803
944 12:00:04.710 0.000000 0.000000 0.000000 0.000000 -0.626864 0.237570 9.262660 -0.388573 -0.233144 -0.116572 -0.932575 0.000000 -0.155429
945 12:00:04.720 0.000000 0.000000 0.000000 0.000000 -0.571949 0.247647 9.306242 -0.371572 -0.222943 -0.111472 -0.891774 0.000000 -0.148629
946 12:00:04.720 0.000000 0.000000 0.000000 0.000000 -0.567683 0.286142 9.313223 -0.353553 -0.212132 -0.106066 -0.848528 0.000000 -0.141421
947 12:00:04.730 0.000000 0.000000 0.000000 0.000000 -0.525633 0.293115 9.385613 -0.334565 -0.200739 -0.100370 -0.802957 0.000000 -0.133826
948 12:00:04.730 0.000000 0.000000 0.000000 0.000000 -0.485351 0.280341 9.397957 -0.314660 -0.188796 -0.094398 -0.755184 0.000000 -0.125864
949 12:00:04.740 0.000000 0.000000 0.000000 0.000000 -0.509441 0.288790 9.410457 -0.293893 -0.176336 -0.088168 -0.705342 0.000000 -0.117557
950 12:00:04.740 0.000000 0.000000 0.000000 0.000000 -0.447551 0.376341 9.448193 -0.272320 -0.163392 -0.081696 -0.653567 0.000000 -0.108928
951 12:00:04.750 0.000000 0.000000 0.000000 0.000000 -0.421437 0.350314 9.410208 -0.250000 -0.150000 -0.075000 -0.600000 0.000000 -0.100000
952 12:00:04.750 0.000000 0.000000 0.000000 0.000000 -0.385631 0.344825 9.492608 -0.226995 -0.136197 -0.068099 -0.544789 0.000000 -0.090798
953 12:00:04.760 0.000000 0.000000 0.000000 0.000000 -0.313852 0.358955 9.527080 -0.203368 -0.122021 -0.061010 -0.488084 0.000000 -0.081347
954 12:00:04.760 0.000000 0.000000 0.000000 0.000000 -0.264429 0.387116 9.548748 -0.179184 -0.107510 -0.053755 -0.430042 0.000000 -0.071674
955 12:00:04.770 0.000000 0.000000 0.000000 0.000000 -0.228816 0.375668 9.618558 -0.154508 -0.092705 -0.046353 -0.370820 0.000000 -0.061803
956 12:00:04.770 0.000000 0.000000 0.000000 0.000000 -0.258954 0.377686 9.609199 -0.129410 -0.077646 -0.038823 -0.310583 0.000000 -0.051764
957 12:00:04.780 0.000000 0.000000 0.000000 0.000000 -0.181015 0.359407 9.626911 -0.103956 -0.062374 -0.031187 -0.249494 0.000000 -0.041582
958 12:00:04.780 0.000000 0.000000 0.000000 0.000000 -0.100524 0.388378 9.714525 -0.078217 -0.046930 -0.023465 -0.187721 0.000000 -0.031287
959 12:00:04.790 0.000000 0.000000 0.000000 0.000000 -0.095929 0.447534 9.708384 -0.052264 -0.031359 -0.015679 -0.125434 0.000000 -0.020906
960 12:00:04.790 0.000000 0.000000 0.000000 0.000000 -0.085260 0.350286 9.785909 -0.026168 -0.015701 -0.007850 -0.062803 0.000000 -0.010467
