StepWise synthetic software-test fixture
SYNTHETIC DATA - NOT CLINICAL OR HUMAN-SUBJECT DATA
Generated deterministically for parser, segmentation, API, and demo testing.
Fields: Sample SystemTime P1 P2 P3 P4 AccX AccY AccZ GyrX GyrY GyrZ Pitch Roll Yaw
--------------------------------------------------------------------------------
1 12:00:00.000 1.510390 25.978593 2.176393 0.000000 0.033475 0.376621 9.759773 0.000000 0.000000 0.000000 0.000000 -16.000000 0.000000
2 12:00:00.010 0.540570 31.902745 0.056635 0.000000 0.054543 0.373438 9.813298 0.026168 0.015701 0.007850 0.062803 -15.737705 0.010467
3 12:00:00.020 0.000000 39.311784 1.156781 0.000000 0.097747 0.400467 9.821574 0.052264 0.031359 0.015679 0.125434 -15.475410 0.020906
4 12:00:00.030 0.000000 43.091176 1.594665 0.746637 0.100739 0.399558 9.914706 0.078217 0.046930 0.023465 0.187721 -15.213115 0.031287
5 12:00:00.040 0.000000 48.539390 4.355560 1.224334 0.169362 0.365973 9.943980 0.103956 0.062374 0.031187 0.249494 -14.950820 0.041582
6 12:00:00.050 0.000000 55.153923 3.928094 0.625600 0.215963 0.393599 9.986152 0.129410 0.077646 0.038823 0.310583 -14.688525 0.051764
7 12:00:00.060 0.000000 57.819705 3.238255 0.000000 0.232146 0.391398 10.005407 0.154508 0.092705 0.046353 0.370820 -14.426230 0.061803
8 12:00:00.070 0.000000 65.034860 6.150357 0.000000 0.286867 0.370553 10.096485 0.179184 0.107510 0.053755 0.430042 -14.163934 0.071674
9 12:00:00.080 0.576895 67.467233 8.187927 0.000000 0.321529 0.338122 10.069910 0.203368 0.122021 0.061010 0.488084 -13.901639 0.081347
10 12:00:00.090 0.000000 72.855662 7.851427 1.466409 0.332331 0.327517 10.132714 0.226995 0.136197 0.068099 0.544789 -13.639344 0.090798
11 12:00:00.100 0.940342 73.657848 11.591734 0.329890 0.405026 0.351763 10.185341 0.250000 0.150000 0.075000 0.600000 -13.377049 0.100000
12 12:00:00.110 0.000000 74.618911 11.775214 0.473659 0.420958 0.318885 10.234116 0.272320 0.163392 0.081696 0.653567 -13.114754 0.108928
13 12:00:00.120 0.462556 73.675244 14.549663 0.000000 0.488296 0.322362 10.165877 0.293893 0.176336 0.088168 0.705342 -12.852459 0.117557
14 12:00:00.130 0.804951 71.732283 18.929032 0.050823 0.475005 0.309865 10.271807 0.314660 0.188796 0.094398 0.755184 -12.590164 0.125864
15 12:00:00.140 1.663935 68.144519 21.486662 0.273725 0.559376 0.324792 10.259791 0.334565 0.200739 0.100370 0.802957 -12.327869 0.133826
16 12:00:00.150 1.924010 64.719409 23.777128 2.153887 0.562544 0.246327 10.294482 0.353553 0.212132 0.106066 0.848528 -12.065574 0.141421
17 12:00:00.160 0.000000 60.662201 28.511322 0.803809 0.608754 0.264900 10.298020 0.371572 0.222943 0.111472 0.891774 -11.803279 0.148629
18 12:00:00.170 1.345249 54.188957 33.682521 2.882667 0.642843 0.266081 10.338732 0.388573 0.233144 0.116572 0.932575 -11.540984 0.155429
19 12:00:00.180 0.000000 47.686568 36.669288 2.650530 0.661570 0.230870 10.327111 0.404508 0.242705 0.121353 0.970820 -11.278689 0.161803
20 12:00:00.190 0.060532 41.171291 40.472508 4.105246 0.661416 0.209099 10.386470 0.419335 0.251601 0.125801 1.006405 -11.016393 0.167734
21 12:00:00.200 3.133470 37.291033 46.273865 2.766641 0.686022 0.176785 10.440561 0.433013 0.259808 0.129904 1.039230 -10.754098 0.173205
22 12:00:00.210 4.941034 31.215559 48.426203 4.776344 0.690428 0.171546 10.489156 0.445503 0.267302 0.133651 1.069208 -10.491803 0.178201
23 12:00:00.220 4.164916 24.597024 53.669313 6.311870 0.740131 0.130838 10.406600 0.456773 0.274064 0.137032 1.096255 -10.229508 0.182709
24 12:00:00.230 7.650623 22.334668 58.362812 5.876579 0.764635 0.107711 10.531075 0.466790 0.280074 0.140037 1.120297 -9.967213 0.186716
25 12:00:00.240 7.102194 17.107111 62.470079 8.132169 0.768269 0.137495 10.477842 0.475528 0.285317 0.142658 1.141268 -9.704918 0.190211
26 12:00:00.250 10.954930 13.581123 64.844091 10.693881 0.782665 0.119117 10.443774 0.482963 0.289778 0.144889 1.159111 -9.442623 0.193185
27 12:00:00.260 12.711000 10.484591 67.975625 13.335348 0.784073 0.095084 10.472373 0.489074 0.293444 0.146722 1.173777 -9.180328 0.195630
28 12:00:00.270 14.140010 9.513010 70.090658 17.152371 0.812058 0.064883 10.495962 0.493844 0.296307 0.148153 1.185226 -8.918033 0.197538
29 12:00:00.280 19.899985 7.092226 72.019826 22.757863 0.786659 0.037800 10.459242 0.497261 0.298357 0.149178 1.193426 -8.655738 0.198904
30 12:00:00.290 24.205117 4.841827 75.377405 26.773750 0.780554 0.015716 10.534004 0.499315 0.299589 0.149794 1.198355 -8.393443 0.199726
31 12:00:00.300 27.863979 3.344377 74.045928 31.425867 0.788987 0.029356 10.440078 0.500000 0.300000 0.150000 1.200000 -8.131148 0.200000
32 12:00:00.310 32.779228 2.094593 74.029334 37.151714 0.792154 -0.017674 10.554465 0.499315 0.299589 0.149794 1.198355 -7.868852 0.199726
33 12:00:00.320 38.389779 0.835641 75.503005 43.899202 0.798082 -0.045952 10.526368 0.497261 0.298357 0.149178 1.193426 -7.606557 0.198904
34 12:00:00.330 45.935333 0.685129 72.129871 49.079544 0.795367 -0.064846 10.539912 0.493844 0.296307 0.148153 1.185226 -7.344262 0.197538
35 12:00:00.340 52.504306 1.679595 70.619419 56.620180 0.801831 -0.096221 10.480564 0.489074 0.293444 0.146722 1.173777 -7.081967 0.195630
36 12:00:00.350 58.706463 0.809851 68.168233 67.362724 0.809782 -0.081727 10.459335 0.482963 0.289778 0.144889 1.159111 -6.819672 0.193185
37 12:00:00.360 66.076179 0.000000 63.640294 74.828519 0.762442 -0.118049 10.539073 0.475528 0.285317 0.142658 1.141268 -6.557377 0.190211
38 12:00:00.370 76.630921 0.000000 59.661419 84.714043 0.722042 -0.145362 10.474219 0.466790 0.280074 0.140037 1.120297 -6.295082 0.186716
39 12:00:00.380 81.714102 0.514572 57.297909 91.553870 0.696704 -0.127327 10.467535 0.456773 0.274064 0.137032 1.096255 -6.032787 0.182709
40 12:00:00.390 89.739601 1.745170 53.399172 100.103568 0.718666 -0.192787 10.425748 0.445503 0.267302 0.133651 1.069208 -5.770492 0.178201
41 12:00:00.400 94.769972 0.000000 48.855550 108.598311 0.667749 -0.174586 10.357658 0.433013 0.259808 0.129904 1.039230 -5.508197 0.173205
42 12:00:00.410 104.376253 0.000000 43.971900 114.516911 0.701129 -0.193479 10.398138 0.419335 0.251601 0.125801 1.006405 -5.245902 0.167734
43 12:00:00.420 109.842055 0.000000 40.807510 122.803153 0.674031 -0.253771 10.391152 0.404508 0.242705 0.121353 0.970820 -4.983607 0.161803
44 12:00:00.430 114.645179 0.808200 36.814825 128.304017 0.613261 -0.278785 10.389006 0.388573 0.233144 0.116572 0.932575 -4.721311 0.155429
45 12:00:00.440 117.984025 0.000000 30.713685 130.973328 0.566616 -0.279452 10.290927 0.371572 0.222943 0.111472 0.891774 -4.459016 0.148629
46 12:00:00.450 119.421971 0.845859 29.225085 135.114812 0.579702 -0.292261 10.267895 0.353553 0.212132 0.106066 0.848528 -4.196721 0.141421
47 12:00:00.460 120.219727 0.000000 25.587613 134.880904 0.577529 -0.307268 10.219089 0.334565 0.200739 0.100370 0.802957 -3.934426 0.133826
48 12:00:00.470 120.309923 0.197758 20.941589 134.578901 0.508876 -0.264390 10.250535 0.314660 0.188796 0.094398 0.755184 -3.672131 0.125864
49 12:00:00.480 119.884199 0.755510 19.255282 134.239851 0.460378 -0.322716 10.219722 0.293893 0.176336 0.088168 0.705342 -3.409836 0.117557
50 12:00:00.490 116.676216 0.000000 13.744951 131.800567 0.449731 -0.354674 10.200062 0.272320 0.163392 0.081696 0.653567 -3.147541 0.108928
51 12:00:00.500 113.777813 0.000000 13.053596 127.555154 0.401830 -0.333105 10.185183 0.250000 0.150000 0.075000 0.600000 -2.885246 0.100000
52 12:00:00.510 107.291004 1.562474 10.964960 120.969110 0.365277 -0.370509 10.173411 0.226995 0.136197 0.068099 0.544789 -2.622951 0.090798
53 12:00:00.520 99.926537 0.000000 7.368406 113.155902 0.307899 -0.335054 10.099136 0.203368 0.122021 0.061010 0.488084 -2.360656 0.081347
54 12:00:00.530 92.847681 0.384082 7.748264 106.219163 0.276121 -0.340695 10.022511 0.179184 0.107510 0.053755 0.430042 -2.098361 0.071674
55 12:00:00.540 87.356835 0.811764 5.414077 98.829844 0.227225 -0.389966 9.980552 0.154508 0.092705 0.046353 0.370820 -1.836066 0.061803
56 12:00:00.550 79.300490 0.000000 4.848875 90.318194 0.244355 -0.393414 9.981242 0.129410 0.077646 0.038823 0.310583 -1.573770 0.051764
57 12:00:00.560 72.054309 0.000000 3.681829 80.822500 0.167110 -0.415235 9.930617 0.103956 0.062374 0.031187 0.249494 -1.311475 0.041582
58 12:00:00.570 63.466329 0.000000 4.744777 73.399787 0.132868 -0.352489 9.954188 0.078217 0.046930 0.023465 0.187721 -1.049180 0.031287
59 12:00:00.580 55.584716 0.000000 1.965009 63.002496 0.066253 -0.392950 9.889702 0.052264 0.031359 0.015679 0.125434 -0.786885 0.020906
60 12:00:00.590 48.021328 0.787473 0.000000 56.598800 0.011929 -0.423096 9.875045 0.026168 0.015701 0.007850 0.062803 -0.524590 0.010467
61 12:00:00.600 42.748438 0.000000 2.465662 48.250149 0.006826 -0.404056 9.936140 0.000000 0.000000 0.000000 0.000000 -0.262295 0.000000
62 12:00:00.610 38.171801 0.000000 2.212511 41.776113 -0.037823 -0.454851 9.793800 -0.026168 -0.015701 -0.007850 -0.062803 -0.000000 -0.010467
63 12:00:00.620 0.000000 0.000000 0.000000 0.000000 -0.102275 -0.366271 9.717447 -0.052264 -0.031359 -0.015679 -0.125434 0.000000 -0.020906
64 12:00:00.630 0.000000 0.000000 0.000000 0.000000 -0.158869 -0.387001 9.733063 -0.078217 -0.046930 -0.023465 -0.187721 0.000000 -0.031287
65 12:00:00.640 0.000000 0.000000 0.000000 0.000000 -0.175188 -0.359433 9.684317 -0.103956 -0.062374 -0.031187 -0.249494 0.000000 -0.041582
66 12:00:00.650 0.000000 0.000000 0.000000 0.000000 -0.215637 -0.405952 9.588598 -0.129410 -0.077646 -0.038823 -0.310583 0.000000 -0.051764
67 12:00:00.660 0.000000 0.000000 0.000000 0.000000 -0.273354 -0.361760 9.586496 -0.154508 -0.092705 -0.046353 -0.370820 0.000000 -0.061803
68 12:00:00.670 0.000000 0.000000 0.000000 0.000000 -0.274506 -0.369206 9.563126 -0.179184 -0.107510 -0.053755 -0.430042 0.000000 -0.071674
69 12:00:00.680 0.000000 0.000000 0.000000 0.000000 -0.333040 -0.395294 9.549496 -0.203368 -0.122021 -0.061010 -0.488084 0.000000 -0.081347
70 12:00:00.690 0.000000 0.000000 0.000000 0.000000 -0.376049 -0.378449 9.517268 -0.226995 -0.136197 -0.068099 -0.544789 0.000000 -0.090798
71 12:00:00.700 0.000000 0.000000 0.000000 0.000000 -0.436831 -0.345610 9.439328 -0.250000 -0.150000 -0.075000 -0.600000 0.000000 -0.100000
72 12:00:00.710 0.000000 0.000000 0.000000 0.000000 -0.419357 -0.303646 9.407889 -0.272320 -0.163392 -0.081696 -0.653567 0.000000 -0.108928
73 12:00:00.720 0.000000 0.000000 0.000000 0.000000 -0.451444 -0.332387 9.470157 -0.293893 -0.176336 -0.088168 -0.705342 0.000000 -0.117557
74 12:00:00.730 0.000000 0.000000 0.000000 0.000000 -0.517705 -0.279469 9.341232 -0.314660 -0.188796 -0.094398 -0.755184 0.000000 -0.125864
75 12:00:00.740 0.000000 0.000000 0.000000 0.000000 -0.523816 -0.309220 9.384177 -0.334565 -0.200739 -0.100370 -0.802957 0.000000 -0.133826
76 12:00:00.750 0.000000 0.000000 0.000000 0.000000 -0.557174 -0.288756 9.333356 -0.353553 -0.212132 -0.106066 -0.848528 0.000000 -0.141421
77 12:00:00.760 0.000000 0.000000 0.000000 0.000000 -0.592599 -0.283617 9.297212 -0.371572 -0.222943 -0.111472 -0.891774 0.000000 -0.148629
78 12:00:00.770 0.000000 0.000000 0.000000 0.000000 -0.625888 -0.221441 9.256511 -0.388573 -0.233144 -0.116572 -0.932575 0.000000 -0.155429
79 12:00:00.780 0.000000 0.000000 0.000000 0.000000 -0.655987 -0.237485 9.184822 -0.404508 -0.242705 -0.121353 -0.970820 0.000000 -0.161803
80 12:00:00.790 0.000000 0.000000 0.000000 0.000000 -0.642046 -0.193495 9.241921 -0.419335 -0.251601 -0.125801 -1.006405 0.000000 -0.167734
81 12:00:00.800 0.000000 0.000000 0.000000 0.000000 -0.719257 -0.182312 9.164691 -0.433013 -0.259808 -0.129904 -1.039230 0.000000 -0.173205
82 12:00:00.810 0.000000 0.000000 0.000000 0.000000 -0.715341 -0.213986 9.184717 -0.445503 -0.267302 -0.133651 -1.069208 0.000000 -0.178201
83 12:00:00.820 0.000000 0.000000 0.000000 0.000000 -0.781087 -0.167132 9.201444 -0.456773 -0.274064 -0.137032 -1.096255 0.000000 -0.182709
84 12:00:00.830 0.000000 0.000000 0.000000 0.000000 -0.777780 -0.159407 9.182132 -0.466790 -0.280074 -0.140037 -1.120297 0.000000 -0.186716
85 12:00:00.840 0.000000 0.000000 0.000000 0.000000 -0.795308 -0.120624 9.121405 -0.475528 -0.285317 -0.142658 -1.141268 0.000000 -0.190211
86 12:00:00.850 0.000000 0.000000 0.000000 0.000000 -0.792990 -0.087007 9.133548 -0.482963 -0.289778 -0.144889 -1.159111 0.000000 -0.193185
87 12:00:00.860 0.000000 0.000000 0.000000 0.000000 -0.785099 -0.059458 9.177755 -0.489074 -0.293444 -0.146722 -1.173777 0.000000 -0.195630
88 12:00:00.870 0.000000 0.000000 0.000000 0.000000 -0.788509 -0.065898 9.108390 -0.493844 -0.296307 -0.148153 -1.185226 0.000000 -0.197538
89 12:00:00.880 0.000000 0.000000 0.000000 0.000000 -0.820736 -0.064154 9.140219 -0.497261 -0.298357 -0.149178 -1.193426 0.000000 -0.198904
90 12:00:00.890 0.000000 0.000000 0.000000 0.000000 -0.778096 0.001393 9.132356 -0.499315 -0.299589 -0.149794 -1.198355 0.000000 -0.199726
91 12:00:00.900 0.000000 0.000000 0.000000 0.000000 -0.818529 0.012865 9.160534 -0.500000 -0.300000 -0.150000 -1.200000 0.000000 -0.200000
92 12:00:00.910 0.000000 0.000000 0.000000 0.000000 -0.793487 0.029900 9.099400 -0.499315 -0.299589 -0.149794 -1.198355 0.000000 -0.199726
93 12:00:00.920 0.000000 0.000000 0.000000 0.000000 -0.846726 0.073759 9.100885 -0.497261 -0.298357 -0.149178 -1.193426 0.000000 -0.198904
94 12:00:00.930 0.000000 0.000000 0.000000 0.000000 -0.781356 0.071441 9.129510 -0.493844 -0.296307 -0.148153 -1.185226 0.000000 -0.197538
95 12:00:00.940 0.000000 0.000000 0.000000 0.000000 -0.765343 0.077614 9.091388 -0.489074 -0.293444 -0.146722 -1.173777 0.000000 -0.195630
96 12:00:00.950 0.000000 0.000000 0.000000 0.000000 -0.744478 0.094405 9.147740 -0.482963 -0.289778 -0.144889 -1.159111 0.000000 -0.193185
97 12:00:00.960 0.000000 0.000000 0.000000 0.000000 -0.737447 0.113103 9.134490 -0.475528 -0.285317 -0.142658 -1.141268 0.000000 -0.190211
98 12:00:00.970 0.000000 0.000000 0.000000 0.000000 -0.753443 0.142119 9.157911 -0.466790 -0.280074 -0.140037 -1.120297 0.000000 -0.186716
99 12:00:00.980 0.000000 0.000000 0.000000 0.000000 -0.711405 0.152697 9.189383 -0.456773 -0.274064 -0.137032 -1.096255 0.000000 -0.182709
100 12:00:00.990 0.000000 0.000000 0.000000 0.000000 -0.724376 0.172558 9.235235 -0.445503 -0.267302 -0.133651 -1.069208 0.000000 -0.178201
101 12:00:01.000 0.000000 0.000000 0.000000 0.000000 -0.682252 0.168826 9.211439 -0.433013 -0.259808 -0.129904 -1.039230 0.000000 -0.173205
102 12:00:01.010 0.000000 0.000000 0.000000 0.000000 -0.653411 0.199793 9.215781 -0.419335 -0.251601 -0.125801 -1.006405 0.000000 -0.167734
103 12:00:01.020 0.000000 0.000000 0.000000 0.000000 -0.655003 0.238746 9.244299 -0.404508 -0.242705 -0.121353 -0.970820 0.000000 -0.161803
104 12:00:01.030 0.000000 0.000000 0.000000 0.000000 -0.601611 0.256207 9.264177 -0.388573 -0.233144 -0.116572 -0.932575 0.000000 -0.155429
105 12:00:01.040 0.000000 0.000000 0.000000 0.000000 -0.542345 0.264252 9.270102 -0.371572 -0.222943 -0.111472 -0.891774 0.000000 -0.148629
106 12:00:01.050 0.000000 0.000000 0.000000 0.000000 -0.549313 0.271586 9.325107 -0.353553 -0.212132 -0.106066 -0.848528 0.000000 -0.141421
107 12:00:01.060 0.000000 0.000000 0.000000 0.000000 -0.547795 0.319850 9.351753 -0.334565 -0.200739 -0.100370 -0.802957 0.000000 -0.133826
108 12:00:01.070 0.000000 0.000000 0.000000 0.000000 -0.489111 0.328110 9.308601 -0.314660 -0.188796 -0.094398 -0.755184 0.000000 -0.125864
109 12:00:01.080 0.000000 0.000000 0.000000 0.000000 -0.470846 0.358592 9.448750 -0.293893 -0.176336 -0.088168 -0.705342 0.000000 -0.117557
110 12:00:01.090 0.000000 0.000000 0.000000 0.000000 -0.450708 0.360167 9.407377 -0.272320 -0.163392 -0.081696 -0.653567 0.000000 -0.108928
111 12:00:01.100 0.000000 0.000000 0.000000 0.000000 -0.372217 0.355931 9.443513 -0.250000 -0.150000 -0.075000 -0.600000 0.000000 -0.100000
112 12:00:01.110 0.000000 0.000000 0.000000 0.000000 -0.390588 0.335794 9.514225 -0.226995 -0.136197 -0.068099 -0.544789 0.000000 -0.090798
113 12:00:01.120 0.000000 0.000000 0.000000 0.000000 -0.311566 0.369721 9.514460 -0.203368 -0.122021 -0.061010 -0.488084 0.000000 -0.081347
114 12:00:01.130 0.000000 0.000000 0.000000 0.000000 -0.263395 0.383406 9.565401 -0.179184 -0.107510 -0.053755 -0.430042 0.000000 -0.071674
115 12:00:01.140 0.000000 0.000000 0.000000 0.000000 -0.247910 0.373641 9.635618 -0.154508 -0.092705 -0.046353 -0.370820 0.000000 -0.061803
116 12:00:01.150 0.000000 0.000000 0.000000 0.000000 -0.216964 0.380665 9.614811 -0.129410 -0.077646 -0.038823 -0.310583 0.000000 -0.051764
117 12:00:01.160 0.000000 0.000000 0.000000 0.000000 -0.125258 0.387754 9.647014 -0.103956 -0.062374 -0.031187 -0.249494 0.000000 -0.041582
118 12:00:01.170 0.000000 0.000000 0.000000 0.000000 -0.124686 0.380227 9.685841 -0.078217 -0.046930 -0.023465 -0.187721 0.000000 -0.031287
119 12:00:01.180 0.000000 0.000000 0.000000 0.000000 -0.060265 0.428660 9.749107 -0.052264 -0.031359 -0.015679 -0.125434 0.000000 -0.020906
120 12:00:01.190 0.000000 0.000000 0.000000 0.000000 -0.044444 0.397975 9.820235 -0.026168 -0.015701 -0.007850 -0.062803 0.000000 -0.010467
121 12:00:01.200 0.000000 27.528134 1.679000 1.082134 -0.010229 0.418993 9.810156 0.000000 0.000000 0.000000 0.000000 -16.000000 0.000000
122 12:00:01.210 0.000000 32.371586 2.682978 0.354720 0.069296 0.393053 9.905205 0.026168 0.015701 0.007850 0.062803 -15.737705 0.010467
123 12:00:01.220 1.669930 37.901659 2.893997 0.000000 0.075478 0.404358 9.864456 0.052264 0.031359 0.015679 0.125434 -15.475410 0.020906
124 12:00:01.230 2.031811 45.158769 2.858710 0.000000 0.148272 0.420093 9.918574 0.078217 0.046930 0.023465 0.187721 -15.213115 0.031287
125 12:00:01.240 0.817429 48.683056 4.339239 0.000000 0.193957 0.417534 9.988136 0.103956 0.062374 0.031187 0.249494 -14.950820 0.041582
126 12:00:01.250 0.000000 55.670166 3.930776 0.000000 0.212053 0.380315 10.044127 0.129410 0.077646 0.038823 0.310583 -14.688525 0.051764
127 12:00:01.260 1.655464 59.427062 3.370382 0.000000 0.260350 0.382197 10.003793 0.154508 0.092705 0.046353 0.370820 -14.426230 0.061803
128 12:00:01.270 2.295614 65.146195 5.426402 0.000000 0.293132 0.373438 10.039013 0.179184 0.107510 0.053755 0.430042 -14.163934 0.071674
129 12:00:01.280 0.392021 67.089877 7.196852 0.000000 0.292313 0.366258 10.116781 0.203368 0.122021 0.061010 0.488084 -13.901639 0.081347
130 12:00:01.290 0.721336 71.591392 8.117111 0.234195 0.382942 0.375793 10.119568 0.226995 0.136197 0.068099 0.544789 -13.639344 0.090798
131 12:00:01.300 0.241349 73.924451 10.811985 0.000000 0.394408 0.313342 10.119196 0.250000 0.150000 0.075000 0.600000 -13.377049 0.100000
132 12:00:01.310 0.000000 75.250108 13.233378 0.000000 0.385742 0.305484 10.215742 0.272320 0.163392 0.081696 0.653567 -13.114754 0.108928
133 12:00:01.320 0.000000 73.750621 16.288924 0.742180 0.453963 0.307489 10.205024 0.293893 0.176336 0.088168 0.705342 -12.852459 0.117557
134 12:00:01.330 0.463681 71.507089 17.323405 0.734905 0.526650 0.272331 10.237290 0.314660 0.188796 0.094398 0.755184 -12.590164 0.125864
135 12:00:01.340 0.000000 68.655058 22.972146 0.000000 0.523266 0.311263 10.254946 0.334565 0.200739 0.100370 0.802957 -12.327869 0.133826
136 12:00:01.350 1.239967 64.820740 23.150927 0.555842 0.535284 0.303557 10.336223 0.353553 0.212132 0.106066 0.848528 -12.065574 0.141421
137 12:00:01.360 0.751559 59.200732 26.966896 0.000000 0.566931 0.265678 10.305748 0.371572 0.222943 0.111472 0.891774 -11.803279 0.148629
138 12:00:01.370 2.640347 54.456137 31.818837 0.000000 0.629567 0.266125 10.328479 0.388573 0.233144 0.116572 0.932575 -11.540984 0.155429
139 12:00:01.380 0.472764 48.867825 35.871446 0.000000 0.646267 0.272736 10.344116 0.404508 0.242705 0.121353 0.970820 -11.278689 0.161803
140 12:00:01.390 1.632851 43.922499 39.645714 1.808029 0.651149 0.216651 10.436215 0.419335 0.251601 0.125801 1.006405 -11.016393 0.167734
141 12:00:01.400 4.126929 37.342888 44.003152 2.348313 0.705729 0.195883 10.431126 0.433013 0.259808 0.129904 1.039230 -10.754098 0.173205
142 12:00:01.410 3.106263 33.065756 50.128717 4.476517 0.694410 0.187823 10.381281 0.445503 0.267302 0.133651 1.069208 -10.491803 0.178201
143 12:00:01.420 5.158075 26.766575 55.153940 4.494828 0.722972 0.213055 10.436096 0.456773 0.274064 0.137032 1.096255 -10.229508 0.182709
144 12:00:01.430 6.544346 22.428316 57.382941 6.287086 0.720302 0.079971 10.431978 0.466790 0.280074 0.140037 1.120297 -9.967213 0.186716
145 12:00:01.440 7.580659 18.705595 60.655460 8.317857 0.753456 0.162712 10.466365 0.475528 0.285317 0.142658 1.141268 -9.704918 0.190211
146 12:00:01.450 10.536989 13.971832 65.465188 12.103511 0.771155 0.094009 10.425870 0.482963 0.289778 0.144889 1.159111 -9.442623 0.193185
147 12:00:01.460 12.977239 10.202125 68.207831 13.139718 0.806368 0.072154 10.490786 0.489074 0.293444 0.146722 1.173777 -9.180328 0.195630
148 12:00:01.470 14.898884 9.252346 70.694819 17.066179 0.756177 0.073982 10.480193 0.493844 0.296307 0.148153 1.185226 -8.918033 0.197538
149 12:00:01.480 16.553381 7.843607 71.903273 20.752716 0.790234 0.040588 10.552691 0.497261 0.298357 0.149178 1.193426 -8.655738 0.198904
150 12:00:01.490 21.992016 4.507560 74.848323 25.099260 0.789248 0.036689 10.516433 0.499315 0.299589 0.149794 1.198355 -8.393443 0.199726
151 12:00:01.500 27.436458 2.265960 76.455908 31.423615 0.796891 0.033851 10.480528 0.500000 0.300000 0.150000 1.200000 -8.131148 0.200000
152 12:00:01.510 33.780846 3.278784 75.474517 36.976256 0.789487 -0.042884 10.543625 0.499315 0.299589 0.149794 1.198355 -7.868852 0.199726
153 12:00:01.520 39.845078 1.004756 72.941692 43.699696 0.804299 -0.016816 10.543643 0.497261 0.298357 0.149178 1.193426 -7.606557 0.198904
154 12:00:01.530 45.549370 1.516334 71.878085 51.295300 0.768263 -0.071337 10.479220 0.493844 0.296307 0.148153 1.185226 -7.344262 0.197538
155 12:00:01.540 50.243937 1.069895 68.520278 57.820662 0.779482 -0.096885 10.551204 0.489074 0.293444 0.146722 1.173777 -7.081967 0.195630
156 12:00:01.550 60.007459 1.548114 66.160137 68.597702 0.780503 -0.110476 10.504996 0.482963 0.289778 0.144889 1.159111 -6.819672 0.193185
157 12:00:01.560 66.903294 0.166834 65.446909 74.621454 0.753931 -0.097328 10.497934 0.475528 0.285317 0.142658 1.141268 -6.557377 0.190211
158 12:00:01.570 73.253408 0.498830 61.527662 83.090719 0.748116 -0.137874 10.430314 0.466790 0.280074 0.140037 1.120297 -6.295082 0.186716
159 12:00:01.580 81.678180 0.000000 59.718714 93.419669 0.706270 -0.177629 10.438803 0.456773 0.274064 0.137032 1.096255 -6.032787 0.182709
160 12:00:01.590 89.005731 0.245415 52.012254 98.697066 0.686736 -0.194346 10.391300 0.445503 0.267302 0.133651 1.069208 -5.770492 0.178201
161 12:00:01.600 97.622661 0.473664 50.243003 108.899231 0.669585 -0.180907 10.370681 0.433013 0.259808 0.129904 1.039230 -5.508197 0.173205
162 12:00:01.610 104.126662 0.000000 44.272511 114.938802 0.686003 -0.243509 10.416729 0.419335 0.251601 0.125801 1.006405 -5.245902 0.167734
163 12:00:01.620 106.939982 0.000000 42.167788 120.938599 0.647638 -0.263610 10.396588 0.404508 0.242705 0.121353 0.970820 -4.983607 0.161803
164 12:00:01.630 111.227504 0.000000 35.573113 127.620765 0.633036 -0.271743 10.322346 0.388573 0.233144 0.116572 0.932575 -4.721311 0.155429
165 12:00:01.640 116.276901 0.000000 31.093542 131.718583 0.592387 -0.238722 10.294174 0.371572 0.222943 0.111472 0.891774 -4.459016 0.148629
166 12:00:01.650 120.050240 1.512545 28.157500 134.976402 0.573266 -0.272200 10.292437 0.353553 0.212132 0.106066 0.848528 -4.196721 0.141421
167 12:00:01.660 121.205845 0.177369 25.826626 135.979881 0.582671 -0.259901 10.269331 0.334565 0.200739 0.100370 0.802957 -3.934426 0.133826
168 12:00:01.670 119.164194 0.693244 21.329340 136.607660 0.463736 -0.345113 10.224001 0.314660 0.188796 0.094398 0.755184 -3.672131 0.125864
169 12:00:01.680 120.216307 0.000000 17.292233 133.105197 0.488408 -0.323990 10.243638 0.293893 0.176336 0.088168 0.705342 -3.409836 0.117557
170 12:00:01.690 116.949021 0.000000 14.073026 130.920630 0.441829 -0.366947 10.177785 0.272320 0.163392 0.081696 0.653567 -3.147541 0.108928
171 12:00:01.700 112.727875 1.391558 11.531254 126.109950 0.372646 -0.347587 10.133749 0.250000 0.150000 0.075000 0.600000 -2.885246 0.100000
172 12:00:01.710 106.530250 0.929731 11.242891 120.680420 0.370626 -0.360144 10.105487 0.226995 0.136197 0.068099 0.544789 -2.622951 0.090798
173 12:00:01.720 102.143947 0.000000 8.045382 112.891592 0.293140 -0.415306 10.119369 0.203368 0.122021 0.061010 0.488084 -2.360656 0.081347
174 12:00:01.730 92.427843 0.000000 7.797046 106.804895 0.265561 -0.337870 10.091889 0.179184 0.107510 0.053755 0.430042 -2.098361 0.071674
175 12:00:01.740 88.977845 0.446484 4.309014 97.692144 0.248810 -0.366584 10.032458 0.154508 0.092705 0.046353 0.370820 -1.836066 0.061803
176 12:00:01.750 78.553335 0.059559 5.334659 89.463703 0.203672 -0.365042 10.018754 0.129410 0.077646 0.038823 0.310583 -1.573770 0.051764
177 12:00:01.760 70.263798 1.662234 5.939676 82.160928 0.151487 -0.387452 9.975938 0.103956 0.062374 0.031187 0.249494 -1.311475 0.041582
178 12:00:01.770 62.118637 1.055217 3.530291 71.397989 0.139432 -0.378450 9.934410 0.078217 0.046930 0.023465 0.187721 -1.049180 0.031287
179 12:00:01.780 57.103856 0.241083 1.678136 64.127863 0.102281 -0.386289 9.890017 0.052264 0.031359 0.015679 0.125434 -0.786885 0.020906
180 12:00:01.790 48.966251 0.000000 2.031826 56.561898 0.065560 -0.399022 9.875079 0.026168 0.015701 0.007850 0.062803 -0.524590 0.010467
181 12:00:01.800 43.834086 1.101278 2.089444 49.569357 0.016554 -0.377263 9.814448 0.000000 0.000000 0.000000 0.000000 -0.262295 0.000000
182 12:00:01.810 36.064884 0.000000 0.079027 41.460902 -0.041438 -0.400164 9.730588 -0.026168 -0.015701 -0.007850 -0.062803 -0.000000 -0.010467
183 12:00:01.820 0.000000 0.000000 0.000000 0.000000 -0.069847 -0.392037 9.715498 -0.052264 -0.031359 -0.015679 -0.125434 0.000000 -0.020906
184 12:00:01.830 0.000000 0.000000 0.000000 0.000000 -0.097633 -0.390106 9.698393 -0.078217 -0.046930 -0.023465 -0.187721 0.000000 -0.031287
185 12:00:01.840 0.000000 0.000000 0.000000 0.000000 -0.210305 -0.398713 9.698912 -0.103956 -0.062374 -0.031187 -0.249494 0.000000 -0.041582
186 12:00:01.850 0.000000 0.000000 0.000000 0.000000 -0.188880 -0.393326 9.582557 -0.129410 -0.077646 -0.038823 -0.310583 0.000000 -0.051764
187 12:00:01.860 0.000000 0.000000 0.000000 0.000000 -0.281570 -0.362368 9.627331 -0.154508 -0.092705 -0.046353 -0.370820 0.000000 -0.061803
188 12:00:01.870 0.000000 0.000000 0.000000 0.000000 -0.324696 -0.393397 9.580866 -0.179184 -0.107510 -0.053755 -0.430042 0.000000 -0.071674
189 12:00:01.880 0.000000 0.000000 0.000000 0.000000 -0.333442 -0.377359 9.514569 -0.203368 -0.122021 -0.061010 -0.488084 0.000000 -0.081347
190 12:00:01.890 0.000000 0.000000 0.000000 0.000000 -0.330203 -0.330039 9.502375 -0.226995 -0.136197 -0.068099 -0.544789 0.000000 -0.090798
191 12:00:01.900 0.000000 0.000000 0.000000 0.000000 -0.396526 -0.389386 9.441420 -0.250000 -0.150000 -0.075000 -0.600000 0.000000 -0.100000
192 12:00:01.910 0.000000 0.000000 0.000000 0.000000 -0.444461 -0.337172 9.465469 -0.272320 -0.163392 -0.081696 -0.653567 0.000000 -0.108928
193 12:00:01.920 0.000000 0.000000 0.000000 0.000000 -0.487187 -0.295667 9.415056 -0.293893 -0.176336 -0.088168 -0.705342 0.000000 -0.117557
194 12:00:01.930 0.000000 0.000000 0.000000 0.000000 -0.535248 -0.329563 9.403972 -0.314660 -0.188796 -0.094398 -0.755184 0.000000 -0.125864
195 12:00:01.940 0.000000 0.000000 0.000000 0.000000 -0.554784 -0.293015 9.347057 -0.334565 -0.200739 -0.100370 -0.802957 0.000000 -0.133826
196 12:00:01.950 0.000000 0.000000 0.000000 0.000000 -0.579078 -0.266783 9.307832 -0.353553 -0.212132 -0.106066 -0.848528 0.000000 -0.141421
197 12:00:01.960 0.000000 0.000000 0.000000 0.000000 -0.605771 -0.271708 9.296244 -0.371572 -0.222943 -0.111472 -0.891774 0.000000 -0.148629
198 12:00:01.970 0.000000 0.000000 0.000000 0.000000 -0.610142 -0.281435 9.319794 -0.388573 -0.233144 -0.116572 -0.932575 0.000000 -0.155429
199 12:00:01.980 0.000000 0.000000 0.000000 0.000000 -0.592490 -0.202243 9.242188 -0.404508 -0.242705 -0.121353 -0.970820 0.000000 -0.161803
200 12:00:01.990 0.000000 0.000000 0.000000 0.000000 -0.688575 -0.212798 9.245778 -0.419335 -0.251601 -0.125801 -1.006405 0.000000 -0.167734
201 12:00:02.000 0.000000 0.000000 0.000000 0.000000 -0.714506 -0.226595 9.234280 -0.433013 -0.259808 -0.129904 -1.039230 0.000000 -0.173205
202 12:00:02.010 0.000000 0.000000 0.000000 0.000000 -0.719592 -0.191322 9.181354 -0.445503 -0.267302 -0.133651 -1.069208 0.000000 -0.178201
203 12:00:02.020 0.000000 0.000000 0.000000 0.000000 -0.736055 -0.174929 9.144717 -0.456773 -0.274064 -0.137032 -1.096255 0.000000 -0.182709
204 12:00:02.030 0.000000 0.000000 0.000000 0.000000 -0.735471 -0.145129 9.168249 -0.466790 -0.280074 -0.140037 -1.120297 0.000000 -0.186716
205 12:00:02.040 0.000000 0.000000 0.000000 0.000000 -0.772379 -0.137632 9.182444 -0.475528 -0.285317 -0.142658 -1.141268 0.000000 -0.190211
206 12:00:02.050 0.000000 0.000000 0.000000 0.000000 -0.760692 -0.117265 9.187477 -0.482963 -0.289778 -0.144889 -1.159111 0.000000 -0.193185
207 12:00:02.060 0.000000 0.000000 0.000000 0.000000 -0.769893 -0.115022 9.099864 -0.489074 -0.293444 -0.146722 -1.173777 0.000000 -0.195630
208 12:00:02.070 0.000000 0.000000 0.000000 0.000000 -0.805301 -0.078608 9.103047 -0.493844 -0.296307 -0.148153 -1.185226 0.000000 -0.197538
209 12:00:02.080 0.000000 0.000000 0.000000 0.000000 -0.817935 -0.091788 9.077415 -0.497261 -0.298357 -0.149178 -1.193426 0.000000 -0.198904
210 12:00:02.090 0.000000 0.000000 0.000000 0.000000 -0.823342 -0.057894 9.142392 -0.499315 -0.299589 -0.149794 -1.198355 0.000000 -0.199726
211 12:00:02.100 0.000000 0.000000 0.000000 0.000000 -0.780741 -0.027650 9.070496 -0.500000 -0.300000 -0.150000 -1.200000 0.000000 -0.200000
212 12:00:02.110 0.000000 0.000000 0.000000 0.000000 -0.788918 0.038293 9.121958 -0.499315 -0.299589 -0.149794 -1.198355 0.000000 -0.199726
213 12:00:02.120 0.000000 0.000000 0.000000 0.000000 -0.824938 0.023172 9.097335 -0.497261 -0.298357 -0.149178 -1.193426 0.000000 -0.198904
214 12:00:02.130 0.000000 0.000000 0.000000 0.000000 -0.774211 0.066712 9.147405 -0.493844 -0.296307 -0.148153 -1.185226 0.000000 -0.197538
215 12:00:02.140 0.000000 0.000000 0.000000 0.000000 -0.804263 0.085104 9.152009 -0.489074 -0.293444 -0.146722 -1.173777 0.000000 -0.195630
216 12:00:02.150 0.000000 0.000000 0.000000 0.000000 -0.751189 0.099759 9.094115 -0.482963 -0.289778 -0.144889 -1.159111 0.000000 -0.193185
217 12:00:02.160 0.000000 0.000000 0.000000 0.000000 -0.743267 0.086710 9.182999 -0.475528 -0.285317 -0.142658 -1.141268 0.000000 -0.190211
218 12:00:02.170 0.000000 0.000000 0.000000 0.000000 -0.737249 0.125650 9.119785 -0.466790 -0.280074 -0.140037 -1.120297 0.000000 -0.186716
219 12:00:02.180 0.000000 0.000000 0.000000 0.000000 -0.722964 0.152324 9.166811 -0.456773 -0.274064 -0.137032 -1.096255 0.000000 -0.182709
220 12:00:02.190 0.000000 0.000000 0.000000 0.000000 -0.714720 0.191093 9.206737 -0.445503 -0.267302 -0.133651 -1.069208 0.000000 -0.178201
221 12:00:02.200 0.000000 0.000000 0.000000 0.000000 -0.663819 0.211704 9.149037 -0.433013 -0.259808 -0.129904 -1.039230 0.000000 -0.173205
222 12:00:02.210 0.000000 0.000000 0.000000 0.000000 -0.650863 0.213612 9.201381 -0.419335 -0.251601 -0.125801 -1.006405 0.000000 -0.167734
223 12:00:02.220 0.000000 0.000000 0.000000 0.000000 -0.660068 0.244250 9.270703 -0.404508 -0.242705 -0.121353 -0.970820 0.000000 -0.161803
224 12:00:02.230 0.000000 0.000000 0.000000 0.000000 -0.592066 0.242469 9.262329 -0.388573 -0.233144 -0.116572 -0.932575 0.000000 -0.155429
225 12:00:02.240 0.000000 0.000000 0.000000 0.000000 -0.595314 0.274541 9.241925 -0.371572 -0.222943 -0.111472 -0.891774 0.000000 -0.148629
226 12:00:02.250 0.000000 0.000000 0.000000 0.000000 -0.574399 0.307714 9.300664 -0.353553 -0.212132 -0.106066 -0.848528 0.000000 -0.141421
227 12:00:02.260 0.000000 0.000000 0.000000 0.000000 -0.535510 0.302307 9.312183 -0.334565 -0.200739 -0.100370 -0.802957 0.000000 -0.133826
228 12:00:02.270 0.000000 0.000000 0.000000 0.000000 -0.481941 0.301352 9.370923 -0.314660 -0.188796 -0.094398 -0.755184 0.000000 -0.125864
229 12:00:02.280 0.000000 0.000000 0.000000 0.000000 -0.464065 0.332722 9.391311 -0.293893 -0.176336 -0.088168 -0.705342 0.000000 -0.117557
230 12:00:02.290 0.000000 0.000000 0.000000 0.000000 -0.396740 0.331205 9.409768 -0.272320 -0.163392 -0.081696 -0.653567 0.000000 -0.108928
231 12:00:02.300 0.000000 0.000000 0.000000 0.000000 -0.424955 0.310097 9.479567 -0.250000 -0.150000 -0.075000 -0.600000 0.000000 -0.100000
232 12:00:02.310 0.000000 0.000000 0.000000 0.000000 -0.367741 0.361313 9.461784 -0.226995 -0.136197 -0.068099 -0.544789 0.000000 -0.090798
233 12:00:02.320 0.000000 0.000000 0.000000 0.000000 -0.289568 0.357474 9.518243 -0.203368 -0.122021 -0.061010 -0.488084 0.000000 -0.081347
234 12:00:02.330 0.000000 0.000000 0.000000 0.000000 -0.328438 0.376134 9.640739 -0.179184 -0.107510 -0.053755 -0.430042 0.000000 -0.071674
235 12:00:02.340 0.000000 0.000000 0.000000 0.000000 -0.263936 0.348077 9.566062 -0.154508 -0.092705 -0.046353 -0.370820 0.000000 -0.061803
236 12:00:02.350 0.000000 0.000000 0.000000 0.000000 -0.214098 0.390265 9.651616 -0.129410 -0.077646 -0.038823 -0.310583 0.000000 -0.051764
237 12:00:02.360 0.000000 0.000000 0.000000 0.000000 -0.132469 0.402708 9.683930 -0.103956 -0.062374 -0.031187 -0.249494 0.000000 -0.041582
238 12:00:02.370 0.000000 0.000000 0.000000 0.000000 -0.148875 0.391996 9.733882 -0.078217 -0.046930 -0.023465 -0.187721 0.000000 -0.031287
239 12:00:02.380 0.000000 0.000000 0.000000 0.000000 -0.030950 0.423909 9.756608 -0.052264 -0.031359 -0.015679 -0.125434 0.000000 -0.020906
240 12:00:02.390 0.000000 0.000000 0.000000 0.000000 -0.077131 0.387005 9.735143 -0.026168 -0.015701 -0.007850 -0.062803 0.000000 -0.010467
241 12:00:02.400 0.347191 28.580653 1.523149 0.000000 0.000739 0.418675 9.767212 0.000000 0.000000 0.000000 0.000000 -16.000000 0.000000
242 12:00:02.410 0.350580 33.080909 0.000000 0.000000 0.049526 0.411066 9.826283 0.026168 0.015701 0.007850 0.062803 -15.737705 0.010467
243 12:00:02.420 1.017411 38.409052 1.841104 0.637532 0.086146 0.388067 9.865452 0.052264 0.031359 0.015679 0.125434 -15.475410 0.020906
244 12:00:02.430 0.000000 43.231894 3.971973 0.000000 0.149019 0.379413 9.923219 0.078217 0.046930 0.023465 0.187721 -15.213115 0.031287
245 12:00:02.440 0.000000 48.029371 2.629808 0.000000 0.187361 0.388411 9.931267 0.103956 0.062374 0.031187 0.249494 -14.950820 0.041582
246 12:00:02.450 0.000000 53.091773 2.263591 0.000000 0.222508 0.382979 9.991975 0.129410 0.077646 0.038823 0.310583 -14.688525 0.051764
247 12:00:02.460 0.000000 58.363119 4.926130 0.699240 0.246408 0.381119 10.015305 0.154508 0.092705 0.046353 0.370820 -14.426230 0.061803
248 12:00:02.470 1.126413 63.116863 8.051389 0.772732 0.268575 0.386462 10.017348 0.179184 0.107510 0.053755 0.430042 -14.163934 0.071674
249 12:00:02.480 0.000000 68.850723 7.405419 0.875980 0.360205 0.387533 10.114741 0.203368 0.122021 0.061010 0.488084 -13.901639 0.081347
250 12:00:02.490 0.070640 71.164482 7.806858 0.000000 0.344108 0.315525 10.181859 0.226995 0.136197 0.068099 0.544789 -13.639344 0.090798
251 12:00:02.500 0.322752 72.130044 12.347237 0.000000 0.383537 0.342864 10.153488 0.250000 0.150000 0.075000 0.600000 -13.377049 0.100000
252 12:00:02.510 0.000000 70.761223 13.554902 0.000000 0.416223 0.326320 10.155066 0.272320 0.163392 0.081696 0.653567 -13.114754 0.108928
253 12:00:02.520 0.000000 72.186920 15.590347 3.095681 0.469988 0.345663 10.250556 0.293893 0.176336 0.088168 0.705342 -12.852459 0.117557
254 12:00:02.530 0.000000 70.427628 17.521768 0.940756 0.513560 0.309346 10.246162 0.314660 0.188796 0.094398 0.755184 -12.590164 0.125864
255 12:00:02.540 1.148216 68.658643 20.310423 0.000000 0.559437 0.266260 10.279030 0.334565 0.200739 0.100370 0.802957 -12.327869 0.133826
256 12:00:02.550 0.000000 65.076146 23.316218 2.413267 0.592366 0.301191 10.317526 0.353553 0.212132 0.106066 0.848528 -12.065574 0.141421
257 12:00:02.560 1.201409 59.149599 28.111828 1.570923 0.582258 0.279119 10.320871 0.371572 0.222943 0.111472 0.891774 -11.803279 0.148629
258 12:00:02.570 0.000000 56.206890 32.161584 1.553505 0.646564 0.276300 10.327328 0.388573 0.233144 0.116572 0.932575 -11.540984 0.155429
259 12:00:02.580 0.000000 48.616820 35.561119 1.856053 0.637530 0.236282 10.338771 0.404508 0.242705 0.121353 0.970820 -11.278689 0.161803
260 12:00:02.590 1.603055 42.250578 41.443582 2.896360 0.691199 0.240035 10.404187 0.419335 0.251601 0.125801 1.006405 -11.016393 0.167734
261 12:00:02.600 2.434378 39.772029 46.659973 3.042168 0.724154 0.205657 10.380902 0.433013 0.259808 0.129904 1.039230 -10.754098 0.173205
262 12:00:02.610 3.154921 32.901688 48.319988 5.545792 0.716836 0.177641 10.338531 0.445503 0.267302 0.133651 1.069208 -10.491803 0.178201
263 12:00:02.620 4.855494 27.316103 52.923622 4.394025 0.724804 0.167592 10.496197 0.456773 0.274064 0.137032 1.096255 -10.229508 0.182709
264 12:00:02.630 5.187842 22.232467 57.428213 5.595365 0.747498 0.155991 10.507459 0.466790 0.280074 0.140037 1.120297 -9.967213 0.186716
265 12:00:02.640 7.736157 18.987791 60.897286 8.123877 0.745656 0.108070 10.463243 0.475528 0.285317 0.142658 1.141268 -9.704918 0.190211
266 12:00:02.650 10.932311 15.672314 65.279890 9.442263 0.786105 0.106257 10.498242 0.482963 0.289778 0.144889 1.159111 -9.442623 0.193185
267 12:00:02.660 13.356151 11.097015 67.929514 13.107193 0.779161 0.068913 10.486178 0.489074 0.293444 0.146722 1.173777 -9.180328 0.195630
268 12:00:02.670 15.223920 8.545166 71.215819 17.861094 0.752862 0.057414 10.495857 0.493844 0.296307 0.148153 1.185226 -8.918033 0.197538
269 12:00:02.680 18.554330 6.812968 73.760567 21.727104 0.775729 0.025217 10.467314 0.497261 0.298357 0.149178 1.193426 -8.655738 0.198904
270 12:00:02.690 23.662819 5.821557 75.197409 26.292733 0.793793 0.011305 10.501185 0.499315 0.299589 0.149794 1.198355 -8.393443 0.199726
271 12:00:02.700 27.996898 3.125607 75.228720 30.911455 0.809723 -0.011253 10.475981 0.500000 0.300000 0.150000 1.200000 -8.131148 0.200000
272 12:00:02.710 32.281752 3.157510 74.253177 38.020822 0.810566 -0.023117 10.476284 0.499315 0.299589 0.149794 1.198355 -7.868852 0.199726
273 12:00:02.720 36.816116 2.692191 73.717325 42.814184 0.791702 -0.030305 10.487951 0.497261 0.298357 0.149178 1.193426 -7.606557 0.198904
274 12:00:02.730 46.605875 1.965253 72.692006 49.216897 0.773061 -0.015206 10.517773 0.493844 0.296307 0.148153 1.185226 -7.344262 0.197538
275 12:00:02.740 51.582556 1.057259 73.008348 58.793559 0.764450 -0.033150 10.537256 0.489074 0.293444 0.146722 1.173777 -7.081967 0.195630
276 12:00:02.750 58.617603 0.000000 68.300586 65.411703 0.790157 -0.065848 10.504898 0.482963 0.289778 0.144889 1.159111 -6.819672 0.193185
277 12:00:02.760 65.358506 0.000000 65.025809 74.840711 0.750851 -0.144334 10.465520 0.475528 0.285317 0.142658 1.141268 -6.557377 0.190211
278 12:00:02.770 73.169236 0.951422 60.426657 83.085766 0.741860 -0.151002 10.452503 0.466790 0.280074 0.140037 1.120297 -6.295082 0.186716
279 12:00:02.780 81.069624 0.000000 57.649798 91.675346 0.746959 -0.149343 10.429135 0.456773 0.274064 0.137032 1.096255 -6.032787 0.182709
280 12:00:02.790 88.894240 1.150531 52.359701 101.259245 0.727141 -0.162149 10.436737 0.445503 0.267302 0.133651 1.069208 -5.770492 0.178201
281 12:00:02.800 95.861803 0.318020 50.714582 108.473486 0.714550 -0.184524 10.396052 0.433013 0.259808 0.129904 1.039230 -5.508197 0.173205
282 12:00:02.810 102.325399 0.000000 46.484425 115.761879 0.682584 -0.230387 10.418980 0.419335 0.251601 0.125801 1.006405 -5.245902 0.167734
283 12:00:02.820 109.229881 0.328867 39.544396 122.896031 0.652242 -0.219796 10.388238 0.404508 0.242705 0.121353 0.970820 -4.983607 0.161803
284 12:00:02.830 113.185054 0.826530 36.945457 127.979855 0.638794 -0.270283 10.308465 0.388573 0.233144 0.116572 0.932575 -4.721311 0.155429
285 12:00:02.840 118.627106 0.000000 31.574246 129.579201 0.579768 -0.259810 10.365844 0.371572 0.222943 0.111472 0.891774 -4.459016 0.148629
286 12:00:02.850 120.450533 0.019291 29.368129 133.211361 0.562123 -0.297784 10.319554 0.353553 0.212132 0.106066 0.848528 -4.196721 0.141421
287 12:00:02.860 120.908229 0.000000 24.849029 135.648116 0.542695 -0.337609 10.277607 0.334565 0.200739 0.100370 0.802957 -3.934426 0.133826
288 12:00:02.870 122.104329 0.315153 21.170942 135.859785 0.507388 -0.293661 10.222712 0.314660 0.188796 0.094398 0.755184 -3.672131 0.125864
289 12:00:02.880 117.911539 0.046920 17.708302 135.308414 0.431588 -0.314469 10.205095 0.293893 0.176336 0.088168 0.705342 -3.409836 0.117557
290 12:00:02.890 115.326490 0.000000 17.396532 131.797664 0.468312 -0.295496 10.193885 0.272320 0.163392 0.081696 0.653567 -3.147541 0.108928
291 12:00:02.900 111.968337 0.000000 11.892763 124.081800 0.384080 -0.332226 10.223833 0.250000 0.150000 0.075000 0.600000 -2.885246 0.100000
292 12:00:02.910 108.853692 0.266054 9.816993 120.002444 0.333984 -0.362632 10.122146 0.226995 0.136197 0.068099 0.544789 -2.622951 0.090798
293 12:00:02.920 100.979872 0.015256 8.744149 114.740359 0.303614 -0.334576 10.101771 0.203368 0.122021 0.061010 0.488084 -2.360656 0.081347
294 12:00:02.930 93.868883 0.000000 7.615841 104.784766 0.283600 -0.340056 10.071038 0.179184 0.107510 0.053755 0.430042 -2.098361 0.071674
295 12:00:02.940 88.087385 1.991953 4.705989 97.047303 0.274237 -0.381199 9.994718 0.154508 0.092705 0.046353 0.370820 -1.836066 0.061803
296 12:00:02.950 79.883700 0.000000 5.587164 89.615151 0.213444 -0.405709 10.010072 0.129410 0.077646 0.038823 0.310583 -1.573770 0.051764
297 12:00:02.960 72.206482 2.209907 3.808855 82.776732 0.162884 -0.369181 9.963114 0.103956 0.062374 0.031187 0.249494 -1.311475 0.041582
298 12:00:02.970 66.215282 1.270600 2.749659 71.618693 0.121917 -0.387578 9.934936 0.078217 0.046930 0.023465 0.187721 -1.049180 0.031287
299 12:00:02.980 58.070549 0.519390 1.399867 64.644977 0.088336 -0.392661 9.832014 0.052264 0.031359 0.015679 0.125434 -0.786885 0.020906
300 12:00:02.990 49.432714 0.000000 1.605347 56.318473 0.026464 -0.409394 9.863587 0.026168 0.015701 0.007850 0.062803 -0.524590 0.010467
301 12:00:03.000 42.515566 0.902409 1.978881 50.539957 -0.005352 -0.414490 9.751284 0.000000 0.000000 0.000000 0.000000 -0.262295 0.000000
302 12:00:03.010 37.051471 0.970133 0.589994 42.091331 -0.011051 -0.409312 9.792515 -0.026168 -0.015701 -0.007850 -0.062803 -0.000000 -0.010467
303 12:00:03.020 0.000000 0.000000 0.000000 0.000000 -0.085065 -0.374795 9.724930 -0.052264 -0.031359 -0.015679 -0.125434 0.000000 -0.020906
304 12:00:03.030 0.000000 0.000000 0.000000 0.000000 -0.119719 -0.412739 9.708527 -0.078217 -0.046930 -0.023465 -0.187721 0.000000 -0.031287
305 12:00:03.040 0.000000 0.000000 0.000000 0.000000 -0.174445 -0.356767 9.617560 -0.103956 -0.062374 -0.031187 -0.249494 0.000000 -0.041582
306 12:00:03.050 0.000000 0.000000 0.000000 0.000000 -0.241260 -0.374576 9.623338 -0.129410 -0.077646 -0.038823 -0.310583 0.000000 -0.051764
307 12:00:03.060 0.000000 0.000000 0.000000 0.000000 -0.249547 -0.393413 9.591775 -0.154508 -0.092705 -0.046353 -0.370820 0.000000 -0.061803
308 12:00:03.070 0.000000 0.000000 0.000000 0.000000 -0.282725 -0.348710 9.564480 -0.179184 -0.107510 -0.053755 -0.430042 0.000000 -0.071674
309 12:00:03.080 0.000000 0.000000 0.000000 0.000000 -0.336026 -0.380575 9.554916 -0.203368 -0.122021 -0.061010 -0.488084 0.000000 -0.081347
310 12:00:03.090 0.000000 0.000000 0.000000 0.000000 -0.412424 -0.372803 9.494704 -0.226995 -0.136197 -0.068099 -0.544789 0.000000 -0.090798
311 12:00:03.100 0.000000 0.000000 0.000000 0.000000 -0.416689 -0.333413 9.407647 -0.250000 -0.150000 -0.075000 -0.600000 0.000000 -0.100000
312 12:00:03.110 0.000000 0.000000 0.000000 0.000000 -0.398586 -0.321435 9.486878 -0.272320 -0.163392 -0.081696 -0.653567 0.000000 -0.108928
313 12:00:03.120 0.000000 0.000000 0.000000 0.000000 -0.475305 -0.361087 9.481506 -0.293893 -0.176336 -0.088168 -0.705342 0.000000 -0.117557
314 12:00:03.130 0.000000 0.000000 0.000000 0.000000 -0.475834 -0.333235 9.384806 -0.314660 -0.188796 -0.094398 -0.755184 0.000000 -0.125864
315 12:00:03.140 0.000000 0.000000 0.000000 0.000000 -0.527150 -0.289035 9.368927 -0.334565 -0.200739 -0.100370 -0.802957 0.000000 -0.133826
316 12:00:03.150 0.000000 0.000000 0.000000 0.000000 -0.565842 -0.273615 9.340249 -0.353553 -0.212132 -0.106066 -0.848528 0.000000 -0.141421
317 12:00:03.160 0.000000 0.000000 0.000000 0.000000 -0.594418 -0.256108 9.279037 -0.371572 -0.222943 -0.111472 -0.891774 0.000000 -0.148629
318 12:00:03.170 0.000000 0.000000 0.000000 0.000000 -0.645892 -0.249899 9.239108 -0.388573 -0.233144 -0.116572 -0.932575 0.000000 -0.155429
319 12:00:03.180 0.000000 0.000000 0.000000 0.000000 -0.670676 -0.227492 9.234835 -0.404508 -0.242705 -0.121353 -0.970820 0.000000 -0.161803
320 12:00:03.190 0.000000 0.000000 0.000000 0.000000 -0.673490 -0.210997 9.230837 -0.419335 -0.251601 -0.125801 -1.006405 0.000000 -0.167734
321 12:00:03.200 0.000000 0.000000 0.000000 0.000000 -0.684017 -0.193402 9.183330 -0.433013 -0.259808 -0.129904 -1.039230 0.000000 -0.173205
322 12:00:03.210 0.000000 0.000000 0.000000 0.000000 -0.728302 -0.169540 9.141592 -0.445503 -0.267302 -0.133651 -1.069208 0.000000 -0.178201
323 12:00:03.220 0.000000 0.000000 0.000000 0.000000 -0.758999 -0.182664 9.185923 -0.456773 -0.274064 -0.137032 -1.096255 0.000000 -0.182709
324 12:00:03.230 0.000000 0.000000 0.000000 0.000000 -0.738995 -0.149497 9.148550 -0.466790 -0.280074 -0.140037 -1.120297 0.000000 -0.186716
325 12:00:03.240 0.000000 0.000000 0.000000 0.000000 -0.768853 -0.124222 9.155751 -0.475528 -0.285317 -0.142658 -1.141268 0.000000 -0.190211
326 12:00:03.250 0.000000 0.000000 0.000000 0.000000 -0.791107 -0.115822 9.170698 -0.482963 -0.289778 -0.144889 -1.159111 0.000000 -0.193185
327 12:00:03.260 0.000000 0.000000 0.000000 0.000000 -0.785464 -0.094431 9.144045 -0.489074 -0.293444 -0.146722 -1.173777 0.000000 -0.195630
328 12:00:03.270 0.000000 0.000000 0.000000 0.000000 -0.760415 -0.033089 9.163566 -0.493844 -0.296307 -0.148153 -1.185226 0.000000 -0.197538
329 12:00:03.280 0.000000 0.000000 0.000000 0.000000 -0.823871 -0.036191 9.135442 -0.497261 -0.298357 -0.149178 -1.193426 0.000000 -0.198904
330 12:00:03.290 0.000000 0.000000 0.000000 0.000000 -0.789605 0.000434 9.063402 -0.499315 -0.299589 -0.149794 -1.198355 0.000000 -0.199726
331 12:00:03.300 0.000000 0.000000 0.000000 0.000000 -0.774506 0.003485 9.099672 -0.500000 -0.300000 -0.150000 -1.200000 0.000000 -0.200000
332 12:00:03.310 0.000000 0.000000 0.000000 0.000000 -0.786436 -0.021678 9.106242 -0.499315 -0.299589 -0.149794 -1.198355 0.000000 -0.199726
333 12:00:03.320 0.000000 0.000000 0.000000 0.000000 -0.809254 0.039999 9.070385 -0.497261 -0.298357 -0.149178 -1.193426 0.000000 -0.198904
334 12:00:03.330 0.000000 0.000000 0.000000 0.000000 -0.772067 0.052496 9.140035 -0.493844 -0.296307 -0.148153 -1.185226 0.000000 -0.197538
335 12:00:03.340 0.000000 0.000000 0.000000 0.000000 -0.799927 0.091982 9.108886 -0.489074 -0.293444 -0.146722 -1.173777 0.000000 -0.195630
336 12:00:03.350 0.000000 0.000000 0.000000 0.000000 -0.768266 0.110476 9.160624 -0.482963 -0.289778 -0.144889 -1.159111 0.000000 -0.193185
337 12:00:03.360 0.000000 0.000000 0.000000 0.000000 -0.735997 0.143554 9.141128 -0.475528 -0.285317 -0.142658 -1.141268 0.000000 -0.190211
338 12:00:03.370 0.000000 0.000000 0.000000 0.000000 -0.746409 0.130713 9.196747 -0.466790 -0.280074 -0.140037 -1.120297 0.000000 -0.186716
339 12:00:03.380 0.000000 0.000000 0.000000 0.000000 -0.724225 0.162610 9.161134 -0.456773 -0.274064 -0.137032 -1.096255 0.000000 -0.182709
340 12:00:03.390 0.000000 0.000000 0.000000 0.000000 -0.728665 0.155236 9.167880 -0.445503 -0.267302 -0.133651 -1.069208 0.000000 -0.178201
341 12:00:03.400 0.000000 0.000000 0.000000 0.000000 -0.701252 0.243452 9.183938 -0.433013 -0.259808 -0.129904 -1.039230 0.000000 -0.173205
342 12:00:03.410 0.000000 0.000000 0.000000 0.000000 -0.687222 0.190858 9.235877 -0.419335 -0.251601 -0.125801 -1.006405 0.000000 -0.167734
343 12:00:03.420 0.000000 0.000000 0.000000 0.000000 -0.637262 0.252280 9.193359 -0.404508 -0.242705 -0.121353 -0.970820 0.000000 -0.161803
344 12:00:03.430 0.000000 0.000000 0.000000 0.000000 -0.620662 0.257497 9.221415 -0.388573 -0.233144 -0.116572 -0.932575 0.000000 -0.155429
345 12:00:03.440 0.000000 0.000000 0.000000 0.000000 -0.585969 0.268740 9.304118 -0.371572 -0.222943 -0.111472 -0.891774 0.000000 -0.148629
346 12:00:03.450 0.000000 0.000000 0.000000 0.000000 -0.587599 0.270165 9.278704 -0.353553 -0.212132 -0.106066 -0.848528 0.000000 -0.141421
347 12:00:03.460 0.000000 0.000000 0.000000 0.000000 -0.553277 0.313292 9.353301 -0.334565 -0.200739 -0.100370 -0.802957 0.000000 -0.133826
348 12:00:03.470 0.000000 0.000000 0.000000 0.000000 -0.499473 0.270622 9.422559 -0.314660 -0.188796 -0.094398 -0.755184 0.000000 -0.125864
349 12:00:03.480 0.000000 0.000000 0.000000 0.000000 -0.471271 0.326277 9.335420 -0.293893 -0.176336 -0.088168 -0.705342 0.000000 -0.117557
350 12:00:03.490 0.000000 0.000000 0.000000 0.000000 -0.440693 0.332708 9.432612 -0.272320 -0.163392 -0.081696 -0.653567 0.000000 -0.108928
351 12:00:03.500 0.000000 0.000000 0.000000 0.000000 -0.400939 0.344051 9.442846 -0.250000 -0.150000 -0.075000 -0.600000 0.000000 -0.100000
352 12:00:03.510 0.000000 0.000000 0.000000 0.000000 -0.353363 0.329963 9.564753 -0.226995 -0.136197 -0.068099 -0.544789 0.000000 -0.090798
353 12:00:03.520 0.000000 0.000000 0.000000 0.000000 -0.300386 0.380880 9.484814 -0.203368 -0.122021 -0.061010 -0.488084 0.000000 -0.081347
354 12:00:03.530 0.000000 0.000000 0.000000 0.000000 -0.290729 0.348168 9.523656 -0.179184 -0.107510 -0.053755 -0.430042 0.000000 -0.071674
355 12:00:03.540 0.000000 0.000000 0.000000 0.000000 -0.247782 0.406241 9.563527 -0.154508 -0.092705 -0.046353 -0.370820 0.000000 -0.061803
356 12:00:03.550 0.000000 0.000000 0.000000 0.000000 -0.204589 0.360222 9.549845 -0.129410 -0.077646 -0.038823 -0.310583 0.000000 -0.051764
357 12:00:03.560 0.000000 0.000000 0.000000 0.000000 -0.177620 0.397458 9.695018 -0.103956 -0.062374 -0.031187 -0.249494 0.000000 -0.041582
358 12:00:03.570 0.000000 0.000000 0.000000 0.000000 -0.061765 0.351311 9.712359 -0.078217 -0.046930 -0.023465 -0.187721 0.000000 -0.031287
359 12:00:03.580 0.000000 0.000000 0.000000 0.000000 -0.077947 0.415277 9.758992 -0.052264 -0.031359 -0.015679 -0.125434 0.000000 -0.020906
360 12:00:03.590 0.000000 0.000000 0.000000 0.000000 -0.060070 0.453499 9.760179 -0.026168 -0.015701 -0.007850 -0.062803 0.000000 -0.010467
361 12:00:03.600 0.108682 26.753554 2.134071 1.169118 0.030336 0.432141 9.800652 0.000000 0.000000 0.000000 0.000000 -16.000000 0.000000
362 12:00:03.610 1.405019 32.324594 1.629894 0.119997 0.048538 0.382969 9.863495 0.026168 0.015701 0.007850 0.062803 -15.737705 0.010467
363 12:00:03.620 0.641709 36.390838 2.154070 0.000000 0.073236 0.401250 9.892982 0.052264 0.031359 0.015679 0.125434 -15.475410 0.020906
364 12:00:03.630 0.000000 42.299001 2.885256 0.667397 0.119348 0.439797 9.965611 0.078217 0.046930 0.023465 0.187721 -15.213115 0.031287
365 12:00:03.640 0.659104 49.944840 1.246007 0.000000 0.168178 0.381839 9.917112 0.103956 0.062374 0.031187 0.249494 -14.950820 0.041582
366 12:00:03.650 0.000000 55.017463 2.983900 0.945171 0.192526 0.398113 10.004362 0.129410 0.077646 0.038823 0.310583 -14.688525 0.051764
367 12:00:03.660 0.000000 60.230111 4.181617 0.000000 0.278703 0.379681 10.033499 0.154508 0.092705 0.046353 0.370820 -14.426230 0.061803
368 12:00:03.670 0.000000 64.320997 6.132664 0.000000 0.258309 0.389066 10.068501 0.179184 0.107510 0.053755 0.430042 -14.163934 0.071674
369 12:00:03.680 0.183767 69.719199 7.357435 0.000000 0.325719 0.371847 10.121398 0.203368 0.122021 0.061010 0.488084 -13.901639 0.081347
370 12:00:03.690 0.000000 71.670917 9.870072 0.000000 0.387001 0.384680 10.126708 0.226995 0.136197 0.068099 0.544789 -13.639344 0.090798
371 12:00:03.700 0.814210 71.385552 12.748315 0.000000 0.413263 0.346265 10.187468 0.250000 0.150000 0.075000 0.600000 -13.377049 0.100000
372 12:00:03.710 1.989684 75.453642 11.249485 1.149084 0.463702 0.304280 10.242723 0.272320 0.163392 0.081696 0.653567 -13.114754 0.108928
373 12:00:03.720 0.721752 74.448412 16.243242 1.093752 0.520491 0.331017 10.211138 0.293893 0.176336 0.088168 0.705342 -12.852459 0.117557
374 12:00:03.730 0.000000 70.158618 18.023567 0.853327 0.531010 0.275772 10.183640 0.314660 0.188796 0.094398 0.755184 -12.590164 0.125864
375 12:00:03.740 1.354770 69.826772 20.414369 0.217749 0.521432 0.314743 10.296796 0.334565 0.200739 0.100370 0.802957 -12.327869 0.133826
376 12:00:03.750 2.152093 63.684185 26.816946 0.643943 0.556313 0.299744 10.278985 0.353553 0.212132 0.106066 0.848528 -12.065574 0.141421
377 12:00:03.760 0.000000 58.471092 27.491836 2.123469 0.605971 0.280406 10.343048 0.371572 0.222943 0.111472 0.891774 -11.803279 0.148629
378 12:00:03.770 2.710438 54.168222 32.307466 2.586859 0.624113 0.259449 10.343218 0.388573 0.233144 0.116572 0.932575 -11.540984 0.155429
379 12:00:03.780 2.953379 49.600766 36.903601 0.836790 0.603082 0.274804 10.349618 0.404508 0.242705 0.121353 0.970820 -11.278689 0.161803
380 12:00:03.790 2.394536 42.339109 39.398031 2.456916 0.672997 0.221998 10.428504 0.419335 0.251601 0.125801 1.006405 -11.016393 0.167734
381 12:00:03.800 2.251491 36.242350 45.878592 2.920499 0.686604 0.191238 10.383478 0.433013 0.259808 0.129904 1.039230 -10.754098 0.173205
382 12:00:03.810 2.634317 31.470381 48.701263 3.753339 0.724927 0.176839 10.386934 0.445503 0.267302 0.133651 1.069208 -10.491803 0.178201
383 12:00:03.820 5.081120 28.698632 53.474602 4.858590 0.750214 0.159598 10.422812 0.456773 0.274064 0.137032 1.096255 -10.229508 0.182709
384 12:00:03.830 6.108406 22.939372 57.809113 5.988680 0.740665 0.151552 10.466582 0.466790 0.280074 0.140037 1.120297 -9.967213 0.186716
385 12:00:03.840 7.847738 18.594546 60.725445 6.893172 0.750950 0.118100 10.485625 0.475528 0.285317 0.142658 1.141268 -9.704918 0.190211
386 12:00:03.850 8.834238 13.010812 64.660875 11.517046 0.792374 0.103352 10.492740 0.482963 0.289778 0.144889 1.159111 -9.442623 0.193185
387 12:00:03.860 12.957534 11.540851 67.558839 12.063234 0.774568 0.121368 10.496235 0.489074 0.293444 0.146722 1.173777 -9.180328 0.195630
388 12:00:03.870 13.762538 8.989782 68.643067 16.276823 0.823795 0.075223 10.477609 0.493844 0.296307 0.148153 1.185226 -8.918033 0.197538
389 12:00:03.880 17.614846 7.929968 73.142898 22.040387 0.829004 0.066149 10.541999 0.497261 0.298357 0.149178 1.193426 -8.655738 0.198904
390 12:00:03.890 21.778803 5.704446 75.021156 24.401318 0.816182 0.012092 10.528744 0.499315 0.299589 0.149794 1.198355 -8.393443 0.199726
391 12:00:03.900 26.401846 2.427226 74.168975 30.503447 0.771966 -0.003610 10.487854 0.500000 0.300000 0.150000 1.200000 -8.131148 0.200000
392 12:00:03.910 32.491337 0.886980 75.371052 36.612630 0.777748 -0.049654 10.433130 0.499315 0.299589 0.149794 1.198355 -7.868852 0.199726
393 12:00:03.920 37.982333 2.471666 72.747644 44.878428 0.825310 -0.028003 10.526720 0.497261 0.298357 0.149178 1.193426 -7.606557 0.198904
394 12:00:03.930 45.137607 0.228824 73.577179 51.447865 0.800564 -0.079530 10.450066 0.493844 0.296307 0.148153 1.185226 -7.344262 0.197538
395 12:00:03.940 50.675193 0.043538 69.351477 58.317568 0.784962 -0.049876 10.519713 0.489074 0.293444 0.146722 1.173777 -7.081967 0.195630
396 12:00:03.950 57.890157 0.806229 67.482479 66.599122 0.782379 -0.102994 10.472447 0.482963 0.289778 0.144889 1.159111 -6.819672 0.193185
397 12:00:03.960 64.815954 0.641714 65.451760 74.654162 0.753593 -0.136237 10.489929 0.475528 0.285317 0.142658 1.141268 -6.557377 0.190211
398 12:00:03.970 75.009142 0.000000 63.238713 82.423859 0.734115 -0.150644 10.432400 0.466790 0.280074 0.140037 1.120297 -6.295082 0.186716
399 12:00:03.980 83.146751 0.000000 59.156079 91.669975 0.735642 -0.147887 10.459747 0.456773 0.274064 0.137032 1.096255 -6.032787 0.182709
400 12:00:03.990 89.775228 0.651419 52.853541 101.195771 0.697240 -0.169012 10.448518 0.445503 0.267302 0.133651 1.069208 -5.770492 0.178201
401 12:00:04.000 96.542610 0.000000 49.065659 109.282316 0.710403 -0.165674 10.414479 0.433013 0.259808 0.129904 1.039230 -5.508197 0.173205
402 12:00:04.010 103.055714 0.010313 45.688015 116.359622 0.657746 -0.205875 10.392042 0.419335 0.251601 0.125801 1.006405 -5.245902 0.167734
403 12:00:04.020 108.319686 0.000000 40.579628 122.636631 0.638806 -0.261496 10.329921 0.404508 0.242705 0.121353 0.970820 -4.983607 0.161803
404 12:00:04.030 113.603616 0.000000 36.090019 127.583518 0.628842 -0.267927 10.341702 0.388573 0.233144 0.116572 0.932575 -4.721311 0.155429
405 12:00:04.040 115.683723 0.000000 31.714966 132.853960 0.609741 -0.251532 10.323201 0.371572 0.222943 0.111472 0.891774 -4.459016 0.148629
406 12:00:04.050 120.867817 0.238918 27.110233 134.365394 0.576980 -0.236464 10.310508 0.353553 0.212132 0.106066 0.848528 -4.196721 0.141421
407 12:00:04.060 119.926283 0.000000 23.318486 136.026175 0.502419 -0.328979 10.315324 0.334565 0.200739 0.100370 0.802957 -3.934426 0.133826
408 12:00:04.070 121.034879 0.000000 20.630679 137.540287 0.499031 -0.305088 10.288386 0.314660 0.188796 0.094398 0.755184 -3.672131 0.125864
409 12:00:04.080 117.578161 0.654998 18.510876 133.948726 0.442386 -0.309197 10.251640 0.293893 0.176336 0.088168 0.705342 -3.409836 0.117557
410 12:00:04.090 116.144007 0.150193 15.188995 130.544601 0.425974 -0.354379 10.128904 0.272320 0.163392 0.081696 0.653567 -3.147541 0.108928
411 12:00:04.100 113.138276 0.000000 14.024548 125.973994 0.436841 -0.366344 10.118401 0.250000 0.150000 0.075000 0.600000 -2.885246 0.100000
412 12:00:04.110 107.509572 0.140030 9.417496 120.654351 0.354996 -0.389597 10.159143 0.226995 0.136197 0.068099 0.544789 -2.622951 0.090798
413 12:00:04.120 99.901008 0.000000 9.300584 113.541407 0.287994 -0.343791 10.105110 0.203368 0.122021 0.061010 0.488084 -2.360656 0.081347
414 12:00:04.130 93.531824 0.000000 7.958377 106.483617 0.269199 -0.351565 10.115192 0.179184 0.107510 0.053755 0.430042 -2.098361 0.071674
415 12:00:04.140 87.671032 0.000000 5.862152 98.218063 0.276335 -0.393286 10.033910 0.154508 0.092705 0.046353 0.370820 -1.836066 0.061803
416 12:00:04.150 80.853145 0.170309 4.662421 89.655817 0.195750 -0.391370 10.077396 0.129410 0.077646 0.038823 0.310583 -1.573770 0.051764
417 12:00:04.160 71.996309 0.000000 1.698643 81.231313 0.154843 -0.375649 9.978962 0.103956 0.062374 0.031187 0.249494 -1.311475 0.041582
418 12:00:04.170 64.059132 0.000000 3.998186 74.577784 0.121948 -0.370364 9.894965 0.078217 0.046930 0.023465 0.187721 -1.049180 0.031287
419 12:00:04.180 56.099582 0.064908 2.448475 65.204688 0.084648 -0.408720 9.808819 0.052264 0.031359 0.015679 0.125434 -0.786885 0.020906
420 12:00:04.190 51.756537 0.000000 1.776984 56.244173 0.052002 -0.398242 9.835122 0.026168 0.015701 0.007850 0.062803 -0.524590 0.010467
421 12:00:04.200 42.590055 0.000000 1.176427 45.888686 -0.017518 -0.392807 9.825251 0.000000 0.000000 0.000000 0.000000 -0.262295 0.000000
422 12:00:04.210 37.351111 0.000000 0.859983 41.342728 -0.028567 -0.404333 9.769033 -0.026168 -0.015701 -0.007850 -0.062803 -0.000000 -0.010467
423 12:00:04.220 0.000000 0.000000 0.000000 0.000000 -0.096278 -0.408800 9.748712 -0.052264 -0.031359 -0.015679 -0.125434 0.000000 -0.020906
424 12:00:04.230 0.000000 0.000000 0.000000 0.000000 -0.126672 -0.411967 9.679776 -0.078217 -0.046930 -0.023465 -0.187721 0.000000 -0.031287
425 12:00:04.240 0.000000 0.000000 0.000000 0.000000 -0.173762 -0.433429 9.664795 -0.103956 -0.062374 -0.031187 -0.249494 0.000000 -0.041582
426 12:00:04.250 0.000000 0.000000 0.000000 0.000000 -0.213951 -0.411620 9.597468 -0.129410 -0.077646 -0.038823 -0.310583 0.000000 -0.051764
427 12:00:04.260 0.000000 0.000000 0.000000 0.000000 -0.222164 -0.361816 9.593928 -0.154508 -0.092705 -0.046353 -0.370820 0.000000 -0.061803
428 12:00:04.270 0.000000 0.000000 0.000000 0.000000 -0.293383 -0.353662 9.578590 -0.179184 -0.107510 -0.053755 -0.430042 0.000000 -0.071674
429 12:00:04.280 0.000000 0.000000 0.000000 0.000000 -0.337064 -0.333480 9.542024 -0.203368 -0.122021 -0.061010 -0.488084 0.000000 -0.081347
430 12:00:04.290 0.000000 0.000000 0.000000 0.000000 -0.393522 -0.338694 9.534435 -0.226995 -0.136197 -0.068099 -0.544789 0.000000 -0.090798
431 12:00:04.300 0.000000 0.000000 0.000000 0.000000 -0.413780 -0.329194 9.436139 -0.250000 -0.150000 -0.075000 -0.600000 0.000000 -0.100000
432 12:00:04.310 0.000000 0.000000 0.000000 0.000000 -0.409979 -0.375490 9.406833 -0.272320 -0.163392 -0.081696 -0.653567 0.000000 -0.108928
433 12:00:04.320 0.000000 0.000000 0.000000 0.000000 -0.437831 -0.327681 9.434378 -0.293893 -0.176336 -0.088168 -0.705342 0.000000 -0.117557
434 12:00:04.330 0.000000 0.000000 0.000000 0.000000 -0.517830 -0.328102 9.353346 -0.314660 -0.188796 -0.094398 -0.755184 0.000000 -0.125864
435 12:00:04.340 0.000000 0.000000 0.000000 0.000000 -0.525296 -0.284530 9.360572 -0.334565 -0.200739 -0.100370 -0.802957 0.000000 -0.133826
436 12:00:04.350 0.000000 0.000000 0.000000 0.000000 -0.590436 -0.290594 9.323704 -0.353553 -0.212132 -0.106066 -0.848528 0.000000 -0.141421
437 12:00:04.360 0.000000 0.000000 0.000000 0.000000 -0.570546 -0.270462 9.316662 -0.371572 -0.222943 -0.111472 -0.891774 0.000000 -0.148629
438 12:00:04.370 0.000000 0.000000 0.000000 0.000000 -0.621188 -0.245268 9.272854 -0.388573 -0.233144 -0.116572 -0.932575 0.000000 -0.155429
439 12:00:04.380 0.000000 0.000000 0.000000 0.000000 -0.642952 -0.244450 9.282492 -0.404508 -0.242705 -0.121353 -0.970820 0.000000 -0.161803
440 12:00:04.390 0.000000 0.000000 0.000000 0.000000 -0.651954 -0.215561 9.248256 -0.419335 -0.251601 -0.125801 -1.006405 0.000000 -0.167734
441 12:00:04.400 0.000000 0.000000 0.000000 0.000000 -0.692329 -0.173064 9.178370 -0.433013 -0.259808 -0.129904 -1.039230 0.000000 -0.173205
442 12:00:04.410 0.000000 0.000000 0.000000 0.000000 -0.720960 -0.192075 9.145434 -0.445503 -0.267302 -0.133651 -1.069208 0.000000 -0.178201
443 12:00:04.420 0.000000 0.000000 0.000000 0.000000 -0.737966 -0.194317 9.153528 -0.456773 -0.274064 -0.137032 -1.096255 0.000000 -0.182709
444 12:00:04.430 0.000000 0.000000 0.000000 0.000000 -0.766445 -0.137962 9.185598 -0.466790 -0.280074 -0.140037 -1.120297 0.000000 -0.186716
445 12:00:04.440 0.000000 0.000000 0.000000 0.000000 -0.738809 -0.153084 9.169063 -0.475528 -0.285317 -0.142658 -1.141268 0.000000 -0.190211
446 12:00:04.450 0.000000 0.000000 0.000000 0.000000 -0.777896 -0.139300 9.110799 -0.482963 -0.289778 -0.144889 -1.159111 0.000000 -0.193185
447 12:00:04.460 0.000000 0.000000 0.000000 0.000000 -0.768518 -0.063816 9.110484 -0.489074 -0.293444 -0.146722 -1.173777 0.000000 -0.195630
448 12:00:04.470 0.000000 0.000000 0.000000 0.000000 -0.796493 -0.057398 9.093673 -0.493844 -0.296307 -0.148153 -1.185226 0.000000 -0.197538
449 12:00:04.480 0.000000 0.000000 0.000000 0.000000 -0.795827 -0.041171 9.081804 -0.497261 -0.298357 -0.149178 -1.193426 0.000000 -0.198904
450 12:00:04.490 0.000000 0.000000 0.000000 0.000000 -0.762470 -0.008294 9.122557 -0.499315 -0.299589 -0.149794 -1.198355 0.000000 -0.199726
451 12:00:04.500 0.000000 0.000000 0.000000 0.000000 -0.793406 -0.002982 9.107073 -0.500000 -0.300000 -0.150000 -1.200000 0.000000 -0.200000
452 12:00:04.510 0.000000 0.000000 0.000000 0.000000 -0.800901 0.001976 9.090131 -0.499315 -0.299589 -0.149794 -1.198355 0.000000 -0.199726
453 12:00:04.520 0.000000 0.000000 0.000000 0.000000 -0.808222 0.044543 9.074824 -0.497261 -0.298357 -0.149178 -1.193426 0.000000 -0.198904
454 12:00:04.530 0.000000 0.000000 0.000000 0.000000 -0.789751 0.060924 9.169933 -0.493844 -0.296307 -0.148153 -1.185226 0.000000 -0.197538
455 12:00:04.540 0.000000 0.000000 0.000000 0.000000 -0.810157 0.093935 9.160597 -0.489074 -0.293444 -0.146722 -1.173777 0.000000 -0.195630
456 12:00:04.550 0.000000 0.000000 0.000000 0.000000 -0.743445 0.095165 9.084758 -0.482963 -0.289778 -0.144889 -1.159111 0.000000 -0.193185
457 12:00:04.560 0.000000 0.000000 0.000000 0.000000 -0.746752 0.149975 9.175276 -0.475528 -0.285317 -0.142658 -1.141268 0.000000 -0.190211
458 12:00:04.570 0.000000 0.000000 0.000000 0.000000 -0.776780 0.173501 9.195818 -0.466790 -0.280074 -0.140037 -1.120297 0.000000 -0.186716
459 12:00:04.580 0.000000 0.000000 0.000000 0.000000 -0.733333 0.158060 9.202279 -0.456773 -0.274064 -0.137032 -1.096255 0.000000 -0.182709
460 12:00:04.590 0.000000 0.000000 0.000000 0.000000 -0.693897 0.188086 9.191211 -0.445503 -0.267302 -0.133651 -1.069208 0.000000 -0.178201
461 12:00:04.600 0.000000 0.000000 0.000000 0.000000 -0.674364 0.150684 9.183182 -0.433013 -0.259808 -0.129904 -1.039230 0.000000 -0.173205
462 12:00:04.610 0.000000 0.000000 0.000000 0.000000 -0.654318 0.228990 9.279960 -0.419335 -0.251601 -0.125801 -1.006405 0.000000 -0.167734
463 12:00:04.620 0.000000 0.000000 0.000000 0.000000 -0.645399 0.243933 9.252154 -0.404508 -0.242705 -0.121353 -0.970820 0.000000 -0.161803
464 12:00:04.630 0.000000 0.000000 0.000000 0.000000 -0.599883 0.285619 9.265722 -0.388573 -0.233144 -0.116572 -0.932575 0.000000 -0.155429
465 12:00:04.640 0.000000 0.000000 0.000000 0.000000 -0.594749 0.285850 9.277406 -0.371572 -0.222943 -0.111472 -0.891774 0.000000 -0.148629
466 12:00:04.650 0.000000 0.000000 0.000000 0.000000 -0.557536 0.289304 9.336305 -0.353553 -0.212132 -0.106066 -0.848528 0.000000 -0.141421
467 12:00:04.660 0.000000 0.000000 0.000000 0.000000 -0.518780 0.302709 9.339647 -0.334565 -0.200739 -0.100370 -0.802957 0.000000 -0.133826
468 12:00:04.670 0.000000 0.000000 0.000000 0.000000 -0.490341 0.320734 9.273643 -0.314660 -0.188796 -0.094398 -0.755184 0.000000 -0.125864
469 12:00:04.680 0.000000 0.000000 0.000000 0.000000 -0.461281 0.342371 9.419385 -0.293893 -0.176336 -0.088168 -0.705342 0.000000 -0.117557
470 12:00:04.690 0.000000 0.000000 0.000000 0.000000 -0.397809 0.336311 9.439504 -0.272320 -0.163392 -0.081696 -0.653567 0.000000 -0.108928
471 12:00:04.700 0.000000 0.000000 0.000000 0.000000 -0.373867 0.364399 9.460998 -0.250000 -0.150000 -0.075000 -0.600000 0.000000 -0.100000
472 12:00:04.710 0.000000 0.000000 0.000000 0.000000 -0.343939 0.320974 9.510007 -0.226995 -0.136197 -0.068099 -0.544789 0.000000 -0.090798
473 12:00:04.720 0.000000 0.000000 0.000000 0.000000 -0.320536 0.367997 9.558717 -0.203368 -0.122021 -0.061010 -0.488084 0.000000 -0.081347
474 12:00:04.730 0.000000 0.000000 0.000000 0.000000 -0.301286 0.429051 9.554227 -0.179184 -0.107510 -0.053755 -0.430042 0.000000 -0.071674
475 12:00:04.740 0.000000 0.000000 0.000000 0.000000 -0.241609 0.370093 9.532011 -0.154508 -0.092705 -0.046353 -0.370820 0.000000 -0.061803
476 12:00:04.750 0.000000 0.000000 0.000000 0.000000 -0.185376 0.391686 9.640934 -0.129410 -0.077646 -0.038823 -0.310583 0.000000 -0.051764
477 12:00:04.760 0.000000 0.000000 0.000000 0.000000 -0.184977 0.354408 9.642042 -0.103956 -0.062374 -0.031187 -0.249494 0.000000 -0.041582
478 12:00:04.770 0.000000 0.000000 0.000000 0.000000 -0.149621 0.396007 9.706307 -0.078217 -0.046930 -0.023465 -0.187721 0.000000 -0.031287
479 12:00:04.780 0.000000 0.000000 0.000000 0.000000 -0.104836 0.408424 9.716629 -0.052264 -0.031359 -0.015679 -0.125434 0.000000 -0.020906
480 12:00:04.790 0.000000 0.000000 0.000000 0.000000 -0.047235 0.369497 9.833592 -0.026168 -0.015701 -0.007850 -0.062803 0.000000 -0.010467
481 12:00:04.800 0.000000 27.378356 0.420387 0.000000 -0.000201 0.380399 9.811124 0.000000 0.000000 0.000000 0.000000 -16.000000 0.000000
482 12:00:04.810 0.000000 32.038908 2.168469 0.000000 0.068161 0.386155 9.898539 0.026168 0.015701 0.007850 0.062803 -15.737705 0.010467
483 12:00:04.820 0.908370 38.577903 2.296473 0.000000 0.097673 0.426268 9.898720 0.052264 0.031359 0.015679 0.125434 -15.475410 0.020906
484 12:00:04.830 0.462657 42.382280 2.681892 0.000000 0.151012 0.404264 9.908583 0.078217 0.046930 0.023465 0.187721 -15.213115 0.031287
485 12:00:04.840 2.342774 47.977726 4.260499 0.000000 0.122021 0.373193 9.954916 0.103956 0.062374 0.031187 0.249494 -14.950820 0.041582
486 12:00:04.850 0.000000 54.040718 3.644696 0.000000 0.219796 0.382579 9.939879 0.129410 0.077646 0.038823 0.310583 -14.688525 0.051764
487 12:00:04.860 0.000000 60.069892 3.278262 0.000000 0.251586 0.350729 9.985273 0.154508 0.092705 0.046353 0.370820 -14.426230 0.061803
488 12:00:04.870 0.000000 63.270874 4.964132 0.000404 0.260012 0.359744 10.069236 0.179184 0.107510 0.053755 0.430042 -14.163934 0.071674
489 12:00:04.880 1.806797 70.182214 6.824990 2.192306 0.315797 0.375700 10.083687 0.203368 0.122021 0.061010 0.488084 -13.901639 0.081347
490 12:00:04.890 0.000000 70.182077 8.570240 0.000000 0.364904 0.379663 10.151996 0.226995 0.136197 0.068099 0.544789 -13.639344 0.090798
491 12:00:04.900 0.000000 70.668496 10.252279 0.269260 0.391595 0.340318 10.167136 0.250000 0.150000 0.075000 0.600000 -13.377049 0.100000
492 12:00:04.910 0.032612 74.084671 13.658388 1.415237 0.418046 0.325563 10.187864 0.272320 0.163392 0.081696 0.653567 -13.114754 0.108928
493 12:00:04.920 0.000000 72.909437 14.674267 1.204909 0.454947 0.290989 10.204991 0.293893 0.176336 0.088168 0.705342 -12.852459 0.117557
494 12:00:04.930 0.816841 69.732747 18.831377 0.679271 0.523211 0.315089 10.225809 0.314660 0.188796 0.094398 0.755184 -12.590164 0.125864
495 12:00:04.940 0.000000 69.065446 20.799257 0.713747 0.560891 0.292197 10.259754 0.334565 0.200739 0.100370 0.802957 -12.327869 0.133826
496 12:00:04.950 0.000000 66.530893 24.352937 0.140222 0.586286 0.271888 10.252261 0.353553 0.212132 0.106066 0.848528 -12.065574 0.141421
497 12:00:04.960 3.112326 60.882003 29.249417 0.000000 0.613388 0.277875 10.285250 0.371572 0.222943 0.111472 0.891774 -11.803279 0.148629
498 12:00:04.970 0.546728 53.497722 32.416649 0.116189 0.621790 0.227378 10.454084 0.388573 0.233144 0.116572 0.932575 -11.540984 0.155429
499 12:00:04.980 2.058254 48.763679 38.655211 1.935718 0.625999 0.220499 10.470087 0.404508 0.242705 0.121353 0.970820 -11.278689 0.161803
500 12:00:04.990 0.874396 43.520848 39.893596 2.563138 0.632244 0.214014 10.409611 0.419335 0.251601 0.125801 1.006405 -11.016393 0.167734
501 12:00:05.000 2.334916 38.425564 43.794077 2.656345 0.726373 0.160083 10.417699 0.433013 0.259808 0.129904 1.039230 -10.754098 0.173205
502 12:00:05.010 2.271869 31.498576 49.626719 4.378030 0.706213 0.178807 10.426423 0.445503 0.267302 0.133651 1.069208 -10.491803 0.178201
503 12:00:05.020 3.859016 28.218267 52.032534 4.911259 0.759234 0.136812 10.497728 0.456773 0.274064 0.137032 1.096255 -10.229508 0.182709
504 12:00:05.030 6.606697 22.014465 56.853152 4.011323 0.708897 0.134583 10.423288 0.466790 0.280074 0.140037 1.120297 -9.967213 0.186716
505 12:00:05.040 7.333305 18.256700 63.122339 8.437987 0.753708 0.129149 10.491997 0.475528 0.285317 0.142658 1.141268 -9.704918 0.190211
506 12:00:05.050 10.378579 14.818683 63.233031 11.335517 0.783598 0.102069 10.477589 0.482963 0.289778 0.144889 1.159111 -9.442623 0.193185
507 12:00:05.060 12.735340 11.817498 68.939163 12.237154 0.759869 0.081399 10.460186 0.489074 0.293444 0.146722 1.173777 -9.180328 0.195630
508 12:00:05.070 14.997855 7.142737 71.082140 16.567375 0.801527 0.050444 10.450912 0.493844 0.296307 0.148153 1.185226 -8.918033 0.197538
509 12:00:05.080 17.106466 6.083180 71.943455 21.166181 0.787558 0.037669 10.508122 0.497261 0.298357 0.149178 1.193426 -8.655738 0.198904
510 12:00:05.090 24.761801 5.591866 73.495349 27.885218 0.804007 0.004251 10.483069 0.499315 0.299589 0.149794 1.198355 -8.393443 0.199726
511 12:00:05.100 27.514896 2.671604 76.351040 29.917968 0.814247 -0.013098 10.508721 0.500000 0.300000 0.150000 1.200000 -8.131148 0.200000
512 12:00:05.110 30.996005 3.751033 73.183544 36.230862 0.816243 0.017451 10.526525 0.499315 0.299589 0.149794 1.198355 -7.868852 0.199726
513 12:00:05.120 39.156827 2.447408 73.571729 42.996059 0.809571 -0.021368 10.510060 0.497261 0.298357 0.149178 1.193426 -7.606557 0.198904
514 12:00:05.130 44.933258 2.891497 73.848715 50.982206 0.807632 -0.070823 10.522075 0.493844 0.296307 0.148153 1.185226 -7.344262 0.197538
515 12:00:05.140 50.826782 2.366870 70.736855 57.779572 0.845263 -0.097151 10.511403 0.489074 0.293444 0.146722 1.173777 -7.081967 0.195630
516 12:00:05.150 60.468881 1.000119 67.649310 66.966040 0.751900 -0.085633 10.510938 0.482963 0.289778 0.144889 1.159111 -6.819672 0.193185
517 12:00:05.160 67.192940 0.624224 66.298176 73.946326 0.735995 -0.121194 10.430573 0.475528 0.285317 0.142658 1.141268 -6.557377 0.190211
518 12:00:05.170 75.253626 0.000000 62.150748 83.926244 0.717188 -0.133808 10.513473 0.466790 0.280074 0.140037 1.120297 -6.295082 0.186716
519 12:00:05.180 82.263049 0.275144 58.158452 91.319249 0.721167 -0.144612 10.442433 0.456773 0.274064 0.137032 1.096255 -6.032787 0.182709
520 12:00:05.190 90.492319 0.000000 53.040398 99.767188 0.656197 -0.177792 10.430069 0.445503 0.267302 0.133651 1.069208 -5.770492 0.178201
521 12:00:05.200 95.944513 0.000000 49.697123 109.416008 0.698012 -0.188328 10.413630 0.433013 0.259808 0.129904 1.039230 -5.508197 0.173205
522 12:00:05.210 102.642003 0.994159 45.905999 114.981109 0.695620 -0.233430 10.408961 0.419335 0.251601 0.125801 1.006405 -5.245902 0.167734
523 12:00:05.220 109.000177 0.038423 40.910505 121.250427 0.671523 -0.245366 10.367868 0.404508 0.242705 0.121353 0.970820 -4.983607 0.161803
524 12:00:05.230 112.715634 0.000000 35.209760 127.990687 0.632242 -0.284158 10.277956 0.388573 0.233144 0.116572 0.932575 -4.721311 0.155429
525 12:00:05.240 118.752402 0.000000 31.300955 131.064643 0.597287 -0.291458 10.330158 0.371572 0.222943 0.111472 0.891774 -4.459016 0.148629
526 12:00:05.250 119.978417 0.000000 27.089203 135.083142 0.546563 -0.310319 10.307361 0.353553 0.212132 0.106066 0.848528 -4.196721 0.141421
527 12:00:05.260 121.068649 0.000000 23.532250 135.247555 0.528484 -0.312467 10.314951 0.334565 0.200739 0.100370 0.802957 -3.934426 0.133826
528 12:00:05.270 120.882227 0.000000 19.794658 137.106706 0.479169 -0.281694 10.311911 0.314660 0.188796 0.094398 0.755184 -3.672131 0.125864
529 12:00:05.280 120.367797 0.000000 16.153900 133.651030 0.490515 -0.322784 10.243583 0.293893 0.176336 0.088168 0.705342 -3.409836 0.117557
530 12:00:05.290 115.719526 0.000000 15.634411 130.499233 0.439798 -0.337622 10.212568 0.272320 0.163392 0.081696 0.653567 -3.147541 0.108928
531 12:00:05.300 112.025942 0.477986 11.915361 124.669134 0.388399 -0.363463 10.196667 0.250000 0.150000 0.075000 0.600000 -2.885246 0.100000
532 12:00:05.310 106.862645 0.369002 10.387086 120.649414 0.380046 -0.326634 10.161408 0.226995 0.136197 0.068099 0.544789 -2.622951 0.090798
533 12:00:05.320 100.577009 0.000000 9.246059 112.573412 0.334871 -0.373249 10.116225 0.203368 0.122021 0.061010 0.488084 -2.360656 0.081347
534 12:00:05.330 94.092248 1.108495 7.880057 106.547820 0.261103 -0.403183 10.100251 0.179184 0.107510 0.053755 0.430042 -2.098361 0.071674
535 12:00:05.340 86.558535 0.000000 6.264733 98.293891 0.225772 -0.367006 10.040019 0.154508 0.092705 0.046353 0.370820 -1.836066 0.061803
536 12:00:05.350 80.313784 0.089419 4.795356 89.793380 0.204959 -0.388816 9.980953 0.129410 0.077646 0.038823 0.310583 -1.573770 0.051764
537 12:00:05.360 73.590524 0.188658 4.961281 80.870411 0.209906 -0.402858 9.931557 0.103956 0.062374 0.031187 0.249494 -1.311475 0.041582
538 12:00:05.370 63.474695 1.305299 2.368407 71.835146 0.119970 -0.393643 9.960464 0.078217 0.046930 0.023465 0.187721 -1.049180 0.031287
539 12:00:05.380 56.459239 0.704318 1.623174 63.995362 0.097821 -0.372254 9.880023 0.052264 0.031359 0.015679 0.125434 -0.786885 0.020906
540 12:00:05.390 49.816904 0.000000 2.207303 57.411519 0.065644 -0.379648 9.899070 0.026168 0.015701 0.007850 0.062803 -0.524590 0.010467
541 12:00:05.400 42.292317 1.197867 1.562011 48.200855 -0.012554 -0.358188 9.865809 0.000000 0.000000 0.000000 0.000000 -0.262295 0.000000
542 12:00:05.410 37.436722 0.000000 0.409877 40.747794 -0.061761 -0.376046 9.764564 -0.026168 -0.015701 -0.007850 -0.062803 -0.000000 -0.010467
543 12:00:05.420 0.000000 0.000000 0.000000 0.000000 -0.104818 -0.381202 9.684117 -0.052264 -0.031359 -0.015679 -0.125434 0.000000 -0.020906
544 12:00:05.430 0.000000 0.000000 0.000000 0.000000 -0.128471 -0.349857 9.702954 -0.078217 -0.046930 -0.023465 -0.187721 0.000000 -0.031287
545 12:00:05.440 0.000000 0.000000 0.000000 0.000000 -0.169094 -0.405329 9.710704 -0.103956 -0.062374 -0.031187 -0.249494 0.000000 -0.041582
546 12:00:05.450 0.000000 0.000000 0.000000 0.000000 -0.209948 -0.383746 9.613741 -0.129410 -0.077646 -0.038823 -0.310583 0.000000 -0.051764
547 12:00:05.460 0.000000 0.000000 0.000000 0.000000 -0.264292 -0.383978 9.607299 -0.154508 -0.092705 -0.046353 -0.370820 0.000000 -0.061803
548 12:00:05.470 0.000000 0.000000 0.000000 0.000000 -0.282737 -0.349427 9.550595 -0.179184 -0.107510 -0.053755 -0.430042 0.000000 -0.071674
549 12:00:05.480 0.000000 0.000000 0.000000 0.000000 -0.346391 -0.353631 9.533043 -0.203368 -0.122021 -0.061010 -0.488084 0.000000 -0.081347
550 12:00:05.490 0.000000 0.000000 0.000000 0.000000 -0.319483 -0.357264 9.514235 -0.226995 -0.136197 -0.068099 -0.544789 0.000000 -0.090798
551 12:00:05.500 0.000000 0.000000 0.000000 0.000000 -0.429624 -0.375985 9.430600 -0.250000 -0.150000 -0.075000 -0.600000 0.000000 -0.100000
552 12:00:05.510 0.000000 0.000000 0.000000 0.000000 -0.449792 -0.335446 9.385599 -0.272320 -0.163392 -0.081696 -0.653567 0.000000 -0.108928
553 12:00:05.520 0.000000 0.000000 0.000000 0.000000 -0.490395 -0.372239 9.396629 -0.293893 -0.176336 -0.088168 -0.705342 0.000000 -0.117557
554 12:00:05.530 0.000000 0.000000 0.000000 0.000000 -0.526654 -0.335742 9.321995 -0.314660 -0.188796 -0.094398 -0.755184 0.000000 -0.125864
555 12:00:05.540 0.000000 0.000000 0.000000 0.000000 -0.542295 -0.300675 9.347701 -0.334565 -0.200739 -0.100370 -0.802957 0.000000 -0.133826
556 12:00:05.550 0.000000 0.000000 0.000000 0.000000 -0.568712 -0.273961 9.285641 -0.353553 -0.212132 -0.106066 -0.848528 0.000000 -0.141421
557 12:00:05.560 0.000000 0.000000 0.000000 0.000000 -0.572373 -0.230520 9.332570 -0.371572 -0.222943 -0.111472 -0.891774 0.000000 -0.148629
558 12:00:05.570 0.000000 0.000000 0.000000 0.000000 -0.605869 -0.246190 9.264215 -0.388573 -0.233144 -0.116572 -0.932575 0.000000 -0.155429
559 12:00:05.580 0.000000 0.000000 0.000000 0.000000 -0.685295 -0.228762 9.232308 -0.404508 -0.242705 -0.121353 -0.970820 0.000000 -0.161803
560 12:00:05.590 0.000000 0.000000 0.000000 0.000000 -0.700242 -0.245595 9.279750 -0.419335 -0.251601 -0.125801 -1.006405 0.000000 -0.167734
561 12:00:05.600 0.000000 0.000000 0.000000 0.000000 -0.718490 -0.221096 9.229164 -0.433013 -0.259808 -0.129904 -1.039230 0.000000 -0.173205
562 12:00:05.610 0.000000 0.000000 0.000000 0.000000 -0.673505 -0.196207 9.229608 -0.445503 -0.267302 -0.133651 -1.069208 0.000000 -0.178201
563 12:00:05.620 0.000000 0.000000 0.000000 0.000000 -0.717259 -0.146194 9.194258 -0.456773 -0.274064 -0.137032 -1.096255 0.000000 -0.182709
564 12:00:05.630 0.000000 0.000000 0.000000 0.000000 -0.744609 -0.173797 9.170304 -0.466790 -0.280074 -0.140037 -1.120297 0.000000 -0.186716
565 12:00:05.640 0.000000 0.000000 0.000000 0.000000 -0.777148 -0.100669 9.123615 -0.475528 -0.285317 -0.142658 -1.141268 0.000000 -0.190211
566 12:00:05.650 0.000000 0.000000 0.000000 0.000000 -0.768542 -0.094741 9.142517 -0.482963 -0.289778 -0.144889 -1.159111 0.000000 -0.193185
567 12:00:05.660 0.000000 0.000000 0.000000 0.000000 -0.792613 -0.098827 9.122442 -0.489074 -0.293444 -0.146722 -1.173777 0.000000 -0.195630
568 12:00:05.670 0.000000 0.000000 0.000000 0.000000 -0.807725 -0.075746 9.160333 -0.493844 -0.296307 -0.148153 -1.185226 0.000000 -0.197538
569 12:00:05.680 0.000000 0.000000 0.000000 0.000000 -0.780772 -0.030453 9.094875 -0.497261 -0.298357 -0.149178 -1.193426 0.000000 -0.198904
570 12:00:05.690 0.000000 0.000000 0.000000 0.000000 -0.827536 -0.030855 9.082046 -0.499315 -0.299589 -0.149794 -1.198355 0.000000 -0.199726
571 12:00:05.700 0.000000 0.000000 0.000000 0.000000 -0.802634 -0.002110 9.121467 -0.500000 -0.300000 -0.150000 -1.200000 0.000000 -0.200000
572 12:00:05.710 0.000000 0.000000 0.000000 0.000000 -0.774951 0.039198 9.105385 -0.499315 -0.299589 -0.149794 -1.198355 0.000000 -0.199726
573 12:00:05.720 0.000000 0.000000 0.000000 0.000000 -0.819266 0.043817 9.124955 -0.497261 -0.298357 -0.149178 -1.193426 0.000000 -0.198904
574 12:00:05.730 0.000000 0.000000 0.000000 0.000000 -0.792755 0.046901 9.131126 -0.493844 -0.296307 -0.148153 -1.185226 0.000000 -0.197538
575 12:00:05.740 0.000000 0.000000 0.000000 0.000000 -0.772331 0.108744 9.121746 -0.489074 -0.293444 -0.146722 -1.173777 0.000000 -0.195630
576 12:00:05.750 0.000000 0.000000 0.000000 0.000000 -0.765545 0.081767 9.137105 -0.482963 -0.289778 -0.144889 -1.159111 0.000000 -0.193185
577 12:00:05.760 0.000000 0.000000 0.000000 0.000000 -0.773310 0.136544 9.134020 -0.475528 -0.285317 -0.142658 -1.141268 0.000000 -0.190211
578 12:00:05.770 0.000000 0.000000 0.000000 0.000000 -0.730591 0.136405 9.137108 -0.466790 -0.280074 -0.140037 -1.120297 0.000000 -0.186716
579 12:00:05.780 0.000000 0.000000 0.000000 0.000000 -0.758340 0.174261 9.184574 -0.456773 -0.274064 -0.137032 -1.096255 0.000000 -0.182709
580 12:00:05.790 0.000000 0.000000 0.000000 0.000000 -0.699254 0.187617 9.220907 -0.445503 -0.267302 -0.133651 -1.069208 0.000000 -0.178201
581 12:00:05.800 0.000000 0.000000 0.000000 0.000000 -0.676573 0.186644 9.176141 -0.433013 -0.259808 -0.129904 -1.039230 0.000000 -0.173205
582 12:00:05.810 0.000000 0.000000 0.000000 0.000000 -0.631377 0.204624 9.170069 -0.419335 -0.251601 -0.125801 -1.006405 0.000000 -0.167734
583 12:00:05.820 0.000000 0.000000 0.000000 0.000000 -0.657381 0.213073 9.268101 -0.404508 -0.242705 -0.121353 -0.970820 0.000000 -0.161803
584 12:00:05.830 0.000000 0.000000 0.000000 0.000000 -0.612778 0.261146 9.323390 -0.388573 -0.233144 -0.116572 -0.932575 0.000000 -0.155429
585 12:00:05.840 0.000000 0.000000 0.000000 0.000000 -0.568083 0.288087 9.323653 -0.371572 -0.222943 -0.111472 -0.891774 0.000000 -0.148629
586 12:00:05.850 0.000000 0.000000 0.000000 0.000000 -0.572974 0.294305 9.277082 -0.353553 -0.212132 -0.106066 -0.848528 0.000000 -0.141421
587 12:00:05.860 0.000000 0.000000 0.000000 0.000000 -0.533003 0.287528 9.361443 -0.334565 -0.200739 -0.100370 -0.802957 0.000000 -0.133826
588 12:00:05.870 0.000000 0.000000 0.000000 0.000000 -0.512789 0.306177 9.351271 -0.314660 -0.188796 -0.094398 -0.755184 0.000000 -0.125864
589 12:00:05.880 0.000000 0.000000 0.000000 0.000000 -0.441902 0.334263 9.371479 -0.293893 -0.176336 -0.088168 -0.705342 0.000000 -0.117557
590 12:00:05.890 0.000000 0.000000 0.000000 0.000000 -0.414120 0.330730 9.454432 -0.272320 -0.163392 -0.081696 -0.653567 0.000000 -0.108928
591 12:00:05.900 0.000000 0.000000 0.000000 0.000000 -0.385060 0.326277 9.489353 -0.250000 -0.150000 -0.075000 -0.600000 0.000000 -0.100000
592 12:00:05.910 0.000000 0.000000 0.000000 0.000000 -0.329705 0.350023 9.528180 -0.226995 -0.136197 -0.068099 -0.544789 0.000000 -0.090798
593 12:00:05.920 0.000000 0.000000 0.000000 0.000000 -0.297347 0.386185 9.520220 -0.203368 -0.122021 -0.061010 -0.488084 0.000000 -0.081347
594 12:00:05.930 0.000000 0.000000 0.000000 0.000000 -0.288842 0.385337 9.614520 -0.179184 -0.107510 -0.053755 -0.430042 0.000000 -0.071674
595 12:00:05.940 0.000000 0.000000 0.000000 0.000000 -0.204711 0.393231 9.631716 -0.154508 -0.092705 -0.046353 -0.370820 0.000000 -0.061803
596 12:00:05.950 0.000000 0.000000 0.000000 0.000000 -0.222737 0.353367 9.639564 -0.129410 -0.077646 -0.038823 -0.310583 0.000000 -0.051764
597 12:00:05.960 0.000000 0.000000 0.000000 0.000000 -0.132207 0.422183 9.654763 -0.103956 -0.062374 -0.031187 -0.249494 0.000000 -0.041582
598 12:00:05.970 0.000000 0.000000 0.000000 0.000000 -0.129560 0.377682 9.664666 -0.078217 -0.046930 -0.023465 -0.187721 0.000000 -0.031287
599 12:00:05.980 0.000000 0.000000 0.000000 0.000000 -0.082481 0.407516 9.732295 -0.052264 -0.031359 -0.015679 -0.125434 0.000000 -0.020906
600 12:00:05.990 0.000000 0.000000 0.000000 0.000000 -0.004204 0.400315 9.746394 -0.026168 -0.015701 -0.007850 -0.062803 0.000000 -0.010467
601 12:00:06.000 0.000000 27.928606 0.754396 0.000000 0.011517 0.434391 9.775681 0.000000 0.000000 0.000000 0.000000 -16.000000 0.000000
602 12:00:06.010 0.396451 31.401085 1.295305 0.108814 0.034071 0.380849 9.847889 0.026168 0.015701 0.007850 0.062803 -15.737705 0.010467
603 12:00:06.020 0.000000 37.335975 1.361294 0.671870 0.079169 0.396393 9.850240 0.052264 0.031359 0.015679 0.125434 -15.475410 0.020906
604 12:00:06.030 0.000000 45.237479 2.584910 0.000000 0.144796 0.417034 9.959917 0.078217 0.046930 0.023465 0.187721 -15.213115 0.031287
605 12:00:06.040 0.770987 48.573528 1.567461 0.527103 0.176014 0.354110 9.996833 0.103956 0.062374 0.031187 0.249494 -14.950820 0.041582
606 12:00:06.050 0.000000 56.647482 2.933437 0.000000 0.226358 0.379650 10.009596 0.129410 0.077646 0.038823 0.310583 -14.688525 0.051764
607 12:00:06.060 1.224073 60.861051 3.917806 1.368648 0.217054 0.376928 9.970304 0.154508 0.092705 0.046353 0.370820 -14.426230 0.061803
608 12:00:06.070 0.000000 64.670248 5.034750 0.000000 0.304349 0.392043 10.055601 0.179184 0.107510 0.053755 0.430042 -14.163934 0.071674
609 12:00:06.080 0.000000 69.134667 6.331869 2.526994 0.323107 0.375625 10.115625 0.203368 0.122021 0.061010 0.488084 -13.901639 0.081347
610 12:00:06.090 0.174030 71.393996 8.525148 1.933874 0.346649 0.347060 10.119877 0.226995 0.136197 0.068099 0.544789 -13.639344 0.090798
611 12:00:06.100 0.419191 74.283732 10.960560 1.260789 0.369066 0.327486 10.177792 0.250000 0.150000 0.075000 0.600000 -13.377049 0.100000
612 12:00:06.110 1.189037 74.515819 12.175804 0.000000 0.409347 0.347337 10.180857 0.272320 0.163392 0.081696 0.653567 -13.114754 0.108928
613 12:00:06.120 0.000000 73.686737 14.667649 1.774283 0.436072 0.320351 10.244548 0.293893 0.176336 0.088168 0.705342 -12.852459 0.117557
614 12:00:06.130 1.138659 70.256632 17.820647 0.297781 0.500521 0.329593 10.215084 0.314660 0.188796 0.094398 0.755184 -12.590164 0.125864
615 12:00:06.140 2.809947 65.772165 20.265912 0.430208 0.539970 0.289966 10.272801 0.334565 0.200739 0.100370 0.802957 -12.327869 0.133826
616 12:00:06.150 2.018327 64.151891 25.227578 0.000000 0.562726 0.296035 10.337121 0.353553 0.212132 0.106066 0.848528 -12.065574 0.141421
617 12:00:06.160 1.954672 59.668983 26.913376 1.250640 0.594621 0.271212 10.343429 0.371572 0.222943 0.111472 0.891774 -11.803279 0.148629
618 12:00:06.170 0.000000 53.596743 31.688161 1.859114 0.621555 0.282884 10.381517 0.388573 0.233144 0.116572 0.932575 -11.540984 0.155429
619 12:00:06.180 0.493675 50.424907 34.262582 2.524831 0.661668 0.219889 10.380720 0.404508 0.242705 0.121353 0.970820 -11.278689 0.161803
620 12:00:06.190 2.863031 44.265058 40.558992 3.086156 0.667453 0.223910 10.384406 0.419335 0.251601 0.125801 1.006405 -11.016393 0.167734
621 12:00:06.200 2.924899 36.942045 43.279055 5.590655 0.718512 0.226684 10.445584 0.433013 0.259808 0.129904 1.039230 -10.754098 0.173205
622 12:00:06.210 4.039565 32.865041 49.916274 3.879218 0.715522 0.180614 10.469419 0.445503 0.267302 0.133651 1.069208 -10.491803 0.178201
623 12:00:06.220 5.243910 25.362857 53.447655 6.396110 0.766231 0.172839 10.450406 0.456773 0.274064 0.137032 1.096255 -10.229508 0.182709
624 12:00:06.230 6.677805 22.834206 58.388999 6.956596 0.714945 0.171485 10.441160 0.466790 0.280074 0.140037 1.120297 -9.967213 0.186716
625 12:00:06.240 8.528659 16.795567 62.466756 10.392021 0.769531 0.159779 10.470412 0.475528 0.285317 0.142658 1.141268 -9.704918 0.190211
626 12:00:06.250 8.981913 15.232240 65.072186 11.032389 0.779568 0.109792 10.469191 0.482963 0.289778 0.144889 1.159111 -9.442623 0.193185
627 12:00:06.260 11.514992 12.282778 67.946567 14.822235 0.781793 0.045497 10.480799 0.489074 0.293444 0.146722 1.173777 -9.180328 0.195630
628 12:00:06.270 13.681393 8.430533 71.306789 17.901275 0.740777 0.036238 10.486994 0.493844 0.296307 0.148153 1.185226 -8.918033 0.197538
629 12:00:06.280 18.056598 8.489724 73.110465 20.430973 0.779628 0.051974 10.471770 0.497261 0.298357 0.149178 1.193426 -8.655738 0.198904
630 12:00:06.290 21.464362 4.282482 74.060711 26.743723 0.796132 0.037996 10.549530 0.499315 0.299589 0.149794 1.198355 -8.393443 0.199726
631 12:00:06.300 28.822832 5.544936 76.157867 29.609780 0.775827 -0.003892 10.494623 0.500000 0.300000 0.150000 1.200000 -8.131148 0.200000
632 12:00:06.310 30.509076 1.920864 76.410088 35.365710 0.801471 -0.023135 10.544015 0.499315 0.299589 0.149794 1.198355 -7.868852 0.199726
633 12:00:06.320 38.219855 2.430240 73.793762 43.064810 0.792158 -0.030579 10.497391 0.497261 0.298357 0.149178 1.193426 -7.606557 0.198904
634 12:00:06.330 45.656090 1.454046 72.385472 50.843880 0.781387 -0.073500 10.501136 0.493844 0.296307 0.148153 1.185226 -7.344262 0.197538
635 12:00:06.340 52.304482 0.825542 71.528552 58.726599 0.787800 -0.086855 10.520166 0.489074 0.293444 0.146722 1.173777 -7.081967 0.195630
636 12:00:06.350 58.547737 1.178535 68.440130 68.837391 0.768717 -0.105272 10.473056 0.482963 0.289778 0.144889 1.159111 -6.819672 0.193185
637 12:00:06.360 67.093979 0.000000 64.233759 75.688410 0.735377 -0.148001 10.500070 0.475528 0.285317 0.142658 1.141268 -6.557377 0.190211
638 12:00:06.370 74.116091 0.000000 62.715276 84.891125 0.737142 -0.116052 10.496110 0.466790 0.280074 0.140037 1.120297 -6.295082 0.186716
639 12:00:06.380 83.458879 0.376500 56.962271 91.757331 0.713038 -0.159303 10.427278 0.456773 0.274064 0.137032 1.096255 -6.032787 0.182709
640 12:00:06.390 88.574452 0.000000 53.472284 101.124285 0.717507 -0.202837 10.442930 0.445503 0.267302 0.133651 1.069208 -5.770492 0.178201
641 12:00:06.400 99.394167 1.806511 49.720345 109.182874 0.712635 -0.229844 10.419364 0.433013 0.259808 0.129904 1.039230 -5.508197 0.173205
642 12:00:06.410 101.616286 0.000000 45.094618 116.728641 0.683885 -0.192084 10.361755 0.419335 0.251601 0.125801 1.006405 -5.245902 0.167734
643 12:00:06.420 110.105574 0.000000 41.057914 122.660272 0.625086 -0.239898 10.365102 0.404508 0.242705 0.121353 0.970820 -4.983607 0.161803
644 12:00:06.430 113.041486 1.202553 35.743981 127.495123 0.602393 -0.206258 10.338790 0.388573 0.233144 0.116572 0.932575 -4.721311 0.155429
645 12:00:06.440 115.863570 0.571717 31.484561 131.421715 0.573701 -0.290173 10.330620 0.371572 0.222943 0.111472 0.891774 -4.459016 0.148629
646 12:00:06.450 121.448436 0.248641 27.383833 137.685512 0.603300 -0.288556 10.337196 0.353553 0.212132 0.106066 0.848528 -4.196721 0.141421
647 12:00:06.460 120.437458 0.034898 23.320640 135.160563 0.547420 -0.300455 10.283946 0.334565 0.200739 0.100370 0.802957 -3.934426 0.133826
648 12:00:06.470 122.066357 0.961983 20.292060 136.813254 0.517908 -0.339374 10.207371 0.314660 0.188796 0.094398 0.755184 -3.672131 0.125864
649 12:00:06.480 118.450371 0.000000 17.991307 133.638930 0.481621 -0.321362 10.230080 0.293893 0.176336 0.088168 0.705342 -3.409836 0.117557
650 12:00:06.490 115.947409 0.000000 14.563874 130.788751 0.423983 -0.350611 10.177846 0.272320 0.163392 0.081696 0.653567 -3.147541 0.108928
651 12:00:06.500 112.134567 0.000000 15.247895 127.563914 0.427974 -0.331941 10.140406 0.250000 0.150000 0.075000 0.600000 -2.885246 0.100000
652 12:00:06.510 106.972382 2.140953 9.918381 121.622313 0.387591 -0.350410 10.118480 0.226995 0.136197 0.068099 0.544789 -2.622951 0.090798
653 12:00:06.520 101.171395 1.846221 10.606674 114.294307 0.301648 -0.390164 10.131335 0.203368 0.122021 0.061010 0.488084 -2.360656 0.081347
654 12:00:06.530 94.820808 0.278543 9.757318 108.156831 0.242472 -0.356497 10.046758 0.179184 0.107510 0.053755 0.430042 -2.098361 0.071674
655 12:00:06.540 85.567170 0.000000 5.722220 98.690948 0.238446 -0.354359 10.082415 0.154508 0.092705 0.046353 0.370820 -1.836066 0.061803
656 12:00:06.550 81.000266 0.000000 3.313685 91.595329 0.218411 -0.390320 10.040932 0.129410 0.077646 0.038823 0.310583 -1.573770 0.051764
657 12:00:06.560 72.054631 2.773158 3.752577 81.784130 0.126732 -0.407169 9.932250 0.103956 0.062374 0.031187 0.249494 -1.311475 0.041582
658 12:00:06.570 64.025616 0.261217 2.648737 71.664412 0.111042 -0.414687 9.961944 0.078217 0.046930 0.023465 0.187721 -1.049180 0.031287
659 12:00:06.580 56.263405 1.000195 2.221348 64.486448 0.089570 -0.409713 9.831491 0.052264 0.031359 0.015679 0.125434 -0.786885 0.020906
660 12:00:06.590 48.491639 0.000000 2.075254 57.182219 0.051409 -0.395150 9.850944 0.026168 0.015701 0.007850 0.062803 -0.524590 0.010467
661 12:00:06.600 43.468956 0.000000 1.905601 49.103724 0.004313 -0.431243 9.824885 0.000000 0.000000 0.000000 0.000000 -0.262295 0.000000
662 12:00:06.610 38.015270 1.054228 1.991651 41.537127 -0.020445 -0.389560 9.751677 -0.026168 -0.015701 -0.007850 -0.062803 -0.000000 -0.010467
663 12:00:06.620 0.000000 0.000000 0.000000 0.000000 -0.113972 -0.386415 9.705739 -0.052264 -0.031359 -0.015679 -0.125434 0.000000 -0.020906
664 12:00:06.630 0.000000 0.000000 0.000000 0.000000 -0.151892 -0.405355 9.714219 -0.078217 -0.046930 -0.023465 -0.187721 0.000000 -0.031287
665 12:00:06.640 0.000000 0.000000 0.000000 0.000000 -0.159689 -0.399005 9.683889 -0.103956 -0.062374 -0.031187 -0.249494 0.000000 -0.041582
666 12:00:06.650 0.000000 0.000000 0.000000 0.000000 -0.247254 -0.407933 9.667497 -0.129410 -0.077646 -0.038823 -0.310583 0.000000 -0.051764
667 12:00:06.660 0.000000 0.000000 0.000000 0.000000 -0.212917 -0.368796 9.541220 -0.154508 -0.092705 -0.046353 -0.370820 0.000000 -0.061803
668 12:00:06.670 0.000000 0.000000 0.000000 0.000000 -0.300358 -0.386220 9.559711 -0.179184 -0.107510 -0.053755 -0.430042 0.000000 -0.071674
669 12:00:06.680 0.000000 0.000000 0.000000 0.000000 -0.325779 -0.379563 9.533375 -0.203368 -0.122021 -0.061010 -0.488084 0.000000 -0.081347
670 12:00:06.690 0.000000 0.000000 0.000000 0.000000 -0.375609 -0.360486 9.477722 -0.226995 -0.136197 -0.068099 -0.544789 0.000000 -0.090798
671 12:00:06.700 0.000000 0.000000 0.000000 0.000000 -0.400048 -0.379562 9.514909 -0.250000 -0.150000 -0.075000 -0.600000 0.000000 -0.100000
672 12:00:06.710 0.000000 0.000000 0.000000 0.000000 -0.408210 -0.339201 9.417810 -0.272320 -0.163392 -0.081696 -0.653567 0.000000 -0.108928
673 12:00:06.720 0.000000 0.000000 0.000000 0.000000 -0.469847 -0.337051 9.381792 -0.293893 -0.176336 -0.088168 -0.705342 0.000000 -0.117557
674 12:00:06.730 0.000000 0.000000 0.000000 0.000000 -0.502459 -0.315855 9.342968 -0.314660 -0.188796 -0.094398 -0.755184 0.000000 -0.125864
675 12:00:06.740 0.000000 0.000000 0.000000 0.000000 -0.541818 -0.271420 9.339878 -0.334565 -0.200739 -0.100370 -0.802957 0.000000 -0.133826
676 12:00:06.750 0.000000 0.000000 0.000000 0.000000 -0.557644 -0.284310 9.309941 -0.353553 -0.212132 -0.106066 -0.848528 0.000000 -0.141421
677 12:00:06.760 0.000000 0.000000 0.000000 0.000000 -0.605397 -0.251885 9.271415 -0.371572 -0.222943 -0.111472 -0.891774 0.000000 -0.148629
678 12:00:06.770 0.000000 0.000000 0.000000 0.000000 -0.624986 -0.273277 9.230031 -0.388573 -0.233144 -0.116572 -0.932575 0.000000 -0.155429
679 12:00:06.780 0.000000 0.000000 0.000000 0.000000 -0.665687 -0.249620 9.224111 -0.404508 -0.242705 -0.121353 -0.970820 0.000000 -0.161803
680 12:00:06.790 0.000000 0.000000 0.000000 0.000000 -0.694984 -0.203126 9.238463 -0.419335 -0.251601 -0.125801 -1.006405 0.000000 -0.167734
681 12:00:06.800 0.000000 0.000000 0.000000 0.000000 -0.671277 -0.214469 9.198753 -0.433013 -0.259808 -0.129904 -1.039230 0.000000 -0.173205
682 12:00:06.810 0.000000 0.000000 0.000000 0.000000 -0.697835 -0.182445 9.132820 -0.445503 -0.267302 -0.133651 -1.069208 0.000000 -0.178201
683 12:00:06.820 0.000000 0.000000 0.000000 0.000000 -0.695660 -0.184765 9.161166 -0.456773 -0.274064 -0.137032 -1.096255 0.000000 -0.182709
684 12:00:06.830 0.000000 0.000000 0.000000 0.000000 -0.731262 -0.122977 9.186627 -0.466790 -0.280074 -0.140037 -1.120297 0.000000 -0.186716
685 12:00:06.840 0.000000 0.000000 0.000000 0.000000 -0.784618 -0.102568 9.180234 -0.475528 -0.285317 -0.142658 -1.141268 0.000000 -0.190211
686 12:00:06.850 0.000000 0.000000 0.000000 0.000000 -0.772747 -0.075891 9.100665 -0.482963 -0.289778 -0.144889 -1.159111 0.000000 -0.193185
687 12:00:06.860 0.000000 0.000000 0.000000 0.000000 -0.774191 -0.069410 9.124802 -0.489074 -0.293444 -0.146722 -1.173777 0.000000 -0.195630
688 12:00:06.870 0.000000 0.000000 0.000000 0.000000 -0.753125 -0.112082 9.099285 -0.493844 -0.296307 -0.148153 -1.185226 0.000000 -0.197538
689 12:00:06.880 0.000000 0.000000 0.000000 0.000000 -0.760102 -0.063031 9.103895 -0.497261 -0.298357 -0.149178 -1.193426 0.000000 -0.198904
690 12:00:06.890 0.000000 0.000000 0.000000 0.000000 -0.814784 -0.053013 9.066283 -0.499315 -0.299589 -0.149794 -1.198355 0.000000 -0.199726
691 12:00:06.900 0.000000 0.000000 0.000000 0.000000 -0.822146 -0.002438 9.121486 -0.500000 -0.300000 -0.150000 -1.200000 0.000000 -0.200000
692 12:00:06.910 0.000000 0.000000 0.000000 0.000000 -0.806478 0.031830 9.117636 -0.499315 -0.299589 -0.149794 -1.198355 0.000000 -0.199726
693 12:00:06.920 0.000000 0.000000 0.000000 0.000000 -0.762814 0.055454 9.100804 -0.497261 -0.298357 -0.149178 -1.193426 0.000000 -0.198904
694 12:00:06.930 0.000000 0.000000 0.000000 0.000000 -0.760540 0.064208 9.095022 -0.493844 -0.296307 -0.148153 -1.185226 0.000000 -0.197538
695 12:00:06.940 0.000000 0.000000 0.000000 0.000000 -0.807536 0.127436 9.091837 -0.489074 -0.293444 -0.146722 -1.173777 0.000000 -0.195630
696 12:00:06.950 0.000000 0.000000 0.000000 0.000000 -0.779998 0.122640 9.174049 -0.482963 -0.289778 -0.144889 -1.159111 0.000000 -0.193185
697 12:00:06.960 0.000000 0.000000 0.000000 0.000000 -0.789934 0.128054 9.145340 -0.475528 -0.285317 -0.142658 -1.141268 0.000000 -0.190211
698 12:00:06.970 0.000000 0.000000 0.000000 0.000000 -0.749235 0.120574 9.194904 -0.466790 -0.280074 -0.140037 -1.120297 0.000000 -0.186716
699 12:00:06.980 0.000000 0.000000 0.000000 0.000000 -0.717387 0.190737 9.204066 -0.456773 -0.274064 -0.137032 -1.096255 0.000000 -0.182709
700 12:00:06.990 0.000000 0.000000 0.000000 0.000000 -0.678251 0.199390 9.253726 -0.445503 -0.267302 -0.133651 -1.069208 0.000000 -0.178201
701 12:00:07.000 0.000000 0.000000 0.000000 0.000000 -0.685699 0.162536 9.216407 -0.433013 -0.259808 -0.129904 -1.039230 0.000000 -0.173205
702 12:00:07.010 0.000000 0.000000 0.000000 0.000000 -0.647288 0.164712 9.197128 -0.419335 -0.251601 -0.125801 -1.006405 0.000000 -0.167734
703 12:00:07.020 0.000000 0.000000 0.000000 0.000000 -0.678835 0.251386 9.232843 -0.404508 -0.242705 -0.121353 -0.970820 0.000000 -0.161803
704 12:00:07.030 0.000000 0.000000 0.000000 0.000000 -0.638106 0.288826 9.257958 -0.388573 -0.233144 -0.116572 -0.932575 0.000000 -0.155429
705 12:00:07.040 0.000000 0.000000 0.000000 0.000000 -0.607138 0.276987 9.262727 -0.371572 -0.222943 -0.111472 -0.891774 0.000000 -0.148629
706 12:00:07.050 0.000000 0.000000 0.000000 0.000000 -0.572424 0.310857 9.363358 -0.353553 -0.212132 -0.106066 -0.848528 0.000000 -0.141421
707 12:00:07.060 0.000000 0.000000 0.000000 0.000000 -0.539205 0.290770 9.357667 -0.334565 -0.200739 -0.100370 -0.802957 0.000000 -0.133826
708 12:00:07.070 0.000000 0.000000 0.000000 0.000000 -0.524003 0.316943 9.375483 -0.314660 -0.188796 -0.094398 -0.755184 0.000000 -0.125864
709 12:00:07.080 0.000000 0.000000 0.000000 0.000000 -0.474615 0.339109 9.419353 -0.293893 -0.176336 -0.088168 -0.705342 0.000000 -0.117557
710 12:00:07.090 0.000000 0.000000 0.000000 0.000000 -0.429913 0.349834 9.475336 -0.272320 -0.163392 -0.081696 -0.653567 0.000000 -0.108928
711 12:00:07.100 0.000000 0.000000 0.000000 0.000000 -0.398293 0.341814 9.441270 -0.250000 -0.150000 -0.075000 -0.600000 0.000000 -0.100000
712 12:00:07.110 0.000000 0.000000 0.000000 0.000000 -0.390905 0.353026 9.466999 -0.226995 -0.136197 -0.068099 -0.544789 0.000000 -0.090798
713 12:00:07.120 0.000000 0.000000 0.000000 0.000000 -0.297130 0.347850 9.504921 -0.203368 -0.122021 -0.061010 -0.488084 0.000000 -0.081347
714 12:00:07.130 0.000000 0.000000 0.000000 0.000000 -0.250573 0.383077 9.516185 -0.179184 -0.107510 -0.053755 -0.430042 0.000000 -0.071674
715 12:00:07.140 0.000000 0.000000 0.000000 0.000000 -0.235963 0.396569 9.510370 -0.154508 -0.092705 -0.046353 -0.370820 0.000000 -0.061803
716 12:00:07.150 0.000000 0.000000 0.000000 0.000000 -0.196437 0.369078 9.596030 -0.129410 -0.077646 -0.038823 -0.310583 0.000000 -0.051764
717 12:00:07.160 0.000000 0.000000 0.000000 0.000000 -0.164263 0.391611 9.677156 -0.103956 -0.062374 -0.031187 -0.249494 0.000000 -0.041582
718 12:00:07.170 0.000000 0.000000 0.000000 0.000000 -0.138587 0.417302 9.675565 -0.078217 -0.046930 -0.023465 -0.187721 0.000000 -0.031287
719 12:00:07.180 0.000000 0.000000 0.000000 0.000000 -0.087640 0.389221 9.776701 -0.052264 -0.031359 -0.015679 -0.125434 0.000000 -0.020906
720 12:00:07.190 0.000000 0.000000 0.000000 0.000000 -0.081335 0.444327 9.787138 -0.026168 -0.015701 -0.007850 -0.062803 0.000000 -0.010467
721 12:00:07.200 0.000000 26.301402 0.940280 0.234040 0.043659 0.406502 9.747827 0.000000 0.000000 0.000000 0.000000 -16.000000 0.000000
722 12:00:07.210 0.000000 30.866542 0.000000 0.796979 0.046904 0.424914 9.900891 0.026168 0.015701 0.007850 0.062803 -15.737705 0.010467
723 12:00:07.220 1.100783 38.472935 0.989675 0.000000 0.089532 0.397605 9.870156 0.052264 0.031359 0.015679 0.125434 -15.475410 0.020906
724 12:00:07.230 0.000000 43.516813 3.907166 0.263406 0.153271 0.380175 9.918911 0.078217 0.046930 0.023465 0.187721 -15.213115 0.031287
725 12:00:07.240 0.421144 49.594891 4.420912 0.016345 0.141161 0.368212 9.979781 0.103956 0.062374 0.031187 0.249494 -14.950820 0.041582
726 12:00:07.250 0.873193 53.854504 2.498301 0.987581 0.193066 0.396394 9.986058 0.129410 0.077646 0.038823 0.310583 -14.688525 0.051764
727 12:00:07.260 0.331202 59.395742 4.192278 1.470780 0.231571 0.414128 10.066298 0.154508 0.092705 0.046353 0.370820 -14.426230 0.061803
728 12:00:07.270 0.000000 64.365037 5.751329 0.000000 0.305961 0.355995 10.081748 0.179184 0.107510 0.053755 0.430042 -14.163934 0.071674
729 12:00:07.280 0.000000 69.050185 7.791337 0.021612 0.313867 0.367175 10.079135 0.203368 0.122021 0.061010 0.488084 -13.901639 0.081347
730 12:00:07.290 0.242119 71.703841 7.671106 1.903425 0.342433 0.327308 10.175687 0.226995 0.136197 0.068099 0.544789 -13.639344 0.090798
731 12:00:07.300 0.682851 72.355406 10.079913 0.000000 0.376801 0.359352 10.139894 0.250000 0.150000 0.075000 0.600000 -13.377049 0.100000
732 12:00:07.310 1.130265 74.759070 12.617112 0.000000 0.482216 0.323903 10.166930 0.272320 0.163392 0.081696 0.653567 -13.114754 0.108928
733 12:00:07.320 1.173714 71.532638 13.781843 0.000000 0.480757 0.329787 10.256722 0.293893 0.176336 0.088168 0.705342 -12.852459 0.117557
734 12:00:07.330 0.000000 71.104563 18.335412 0.000000 0.493398 0.305194 10.251247 0.314660 0.188796 0.094398 0.755184 -12.590164 0.125864
735 12:00:07.340 0.000000 68.211300 19.558932 0.551228 0.513352 0.275054 10.307277 0.334565 0.200739 0.100370 0.802957 -12.327869 0.133826
736 12:00:07.350 0.930811 63.887933 23.775862 1.079444 0.551022 0.308236 10.294245 0.353553 0.212132 0.106066 0.848528 -12.065574 0.141421
737 12:00:07.360 0.000000 59.461750 27.488063 0.387117 0.582682 0.249049 10.353416 0.371572 0.222943 0.111472 0.891774 -11.803279 0.148629
738 12:00:07.370 0.000000 55.562561 31.853904 2.210231 0.629018 0.202327 10.326123 0.388573 0.233144 0.116572 0.932575 -11.540984 0.155429
739 12:00:07.380 1.163818 47.043017 35.449657 1.180329 0.668153 0.227600 10.400521 0.404508 0.242705 0.121353 0.970820 -11.278689 0.161803
740 12:00:07.390 2.466572 43.054714 40.643352 0.399234 0.660657 0.248603 10.428572 0.419335 0.251601 0.125801 1.006405 -11.016393 0.167734
741 12:00:07.400 3.660471 37.750811 43.864070 2.144581 0.667125 0.212821 10.443354 0.433013 0.259808 0.129904 1.039230 -10.754098 0.173205
742 12:00:07.410 2.302903 31.261067 50.128687 2.947735 0.711739 0.210478 10.382519 0.445503 0.267302 0.133651 1.069208 -10.491803 0.178201
743 12:00:07.420 4.447935 26.234807 54.216965 4.326336 0.739112 0.132588 10.460919 0.456773 0.274064 0.137032 1.096255 -10.229508 0.182709
744 12:00:07.430 4.641531 22.628758 57.591787 6.382764 0.709429 0.150819 10.465116 0.466790 0.280074 0.140037 1.120297 -9.967213 0.186716
745 12:00:07.440 6.124050 18.070304 59.868758 6.591553 0.754864 0.155453 10.489660 0.475528 0.285317 0.142658 1.141268 -9.704918 0.190211
746 12:00:07.450 7.274382 13.235761 64.433143 9.080841 0.771237 0.119877 10.468511 0.482963 0.289778 0.144889 1.159111 -9.442623 0.193185
747 12:00:07.460 12.473249 11.633571 68.728353 14.163515 0.787768 0.072387 10.555519 0.489074 0.293444 0.146722 1.173777 -9.180328 0.195630
748 12:00:07.470 14.877202 9.638806 72.370333 17.583621 0.795776 0.010244 10.498816 0.493844 0.296307 0.148153 1.185226 -8.918033 0.197538
749 12:00:07.480 18.235617 6.414340 74.440598 21.200562 0.808619 0.033281 10.533772 0.497261 0.298357 0.149178 1.193426 -8.655738 0.198904
750 12:00:07.490 24.401169 5.160017 73.418748 27.209711 0.774228 0.016572 10.526204 0.499315 0.299589 0.149794 1.198355 -8.393443 0.199726
751 12:00:07.500 27.416233 3.005756 74.546115 30.432040 0.802315 0.015780 10.500779 0.500000 0.300000 0.150000 1.200000 -8.131148 0.200000
752 12:00:07.510 33.010595 3.883498 74.585996 38.332047 0.802311 0.005974 10.512971 0.499315 0.299589 0.149794 1.198355 -7.868852 0.199726
753 12:00:07.520 39.728315 1.998539 74.437845 43.345680 0.748478 -0.064901 10.491833 0.497261 0.298357 0.149178 1.193426 -7.606557 0.198904
754 12:00:07.530 45.642057 3.246681 72.477201 48.660292 0.795973 -0.067414 10.529988 0.493844 0.296307 0.148153 1.185226 -7.344262 0.197538
755 12:00:07.540 51.624516 0.047348 69.640522 58.267167 0.752273 -0.081594 10.538450 0.489074 0.293444 0.146722 1.173777 -7.081967 0.195630
756 12:00:07.550 57.413712 1.110290 68.831609 67.097684 0.778491 -0.124863 10.491068 0.482963 0.289778 0.144889 1.159111 -6.819672 0.193185
757 12:00:07.560 63.258127 0.972656 65.488655 76.062294 0.756739 -0.108246 10.443371 0.475528 0.285317 0.142658 1.141268 -6.557377 0.190211
758 12:00:07.570 73.716046 0.807922 61.706617 83.994641 0.758267 -0.106350 10.467019 0.466790 0.280074 0.140037 1.120297 -6.295082 0.186716
759 12:00:07.580 83.224539 1.827405 58.356794 91.691468 0.683516 -0.163913 10.474254 0.456773 0.274064 0.137032 1.096255 -6.032787 0.182709
760 12:00:07.590 89.170525 0.000000 53.843562 100.806219 0.697762 -0.198033 10.458817 0.445503 0.267302 0.133651 1.069208 -5.770492 0.178201
761 12:00:07.600 95.990258 0.000000 48.509543 109.380283 0.687033 -0.187629 10.445511 0.433013 0.259808 0.129904 1.039230 -5.508197 0.173205
762 12:00:07.610 103.570564 0.000000 43.901376 115.522350 0.657016 -0.236427 10.371260 0.419335 0.251601 0.125801 1.006405 -5.245902 0.167734
763 12:00:07.620 107.755711 0.000000 40.501620 122.081467 0.627809 -0.249843 10.357562 0.404508 0.242705 0.121353 0.970820 -4.983607 0.161803
764 12:00:07.630 111.966692 0.863637 35.968862 129.251942 0.631480 -0.263946 10.353310 0.388573 0.233144 0.116572 0.932575 -4.721311 0.155429
765 12:00:07.640 118.041001 0.000000 32.578684 131.315366 0.595208 -0.265711 10.328432 0.371572 0.222943 0.111472 0.891774 -4.459016 0.148629
766 12:00:07.650 118.477598 0.000000 26.442991 134.613702 0.516038 -0.274453 10.266927 0.353553 0.212132 0.106066 0.848528 -4.196721 0.141421
767 12:00:07.660 120.648171 0.431423 23.499668 134.264699 0.532425 -0.294393 10.322233 0.334565 0.200739 0.100370 0.802957 -3.934426 0.133826
768 12:00:07.670 120.493084 0.000000 21.268549 135.523328 0.504661 -0.283861 10.267697 0.314660 0.188796 0.094398 0.755184 -3.672131 0.125864
769 12:00:07.680 118.267867 0.179811 17.836366 133.989507 0.457593 -0.298662 10.177282 0.293893 0.176336 0.088168 0.705342 -3.409836 0.117557
770 12:00:07.690 115.108644 0.851029 14.908223 131.574588 0.436467 -0.301857 10.186667 0.272320 0.163392 0.081696 0.653567 -3.147541 0.108928
771 12:00:07.700 111.372490 0.000000 12.583582 125.399770 0.392109 -0.328828 10.143502 0.250000 0.150000 0.075000 0.600000 -2.885246 0.100000
772 12:00:07.710 105.118861 0.000000 9.454180 120.223363 0.352553 -0.367587 10.079447 0.226995 0.136197 0.068099 0.544789 -2.622951 0.090798
773 12:00:07.720 102.455413 0.000000 7.577187 114.978434 0.348923 -0.378469 10.063362 0.203368 0.122021 0.061010 0.488084 -2.360656 0.081347
774 12:00:07.730 94.773295 1.400514 7.429021 105.186725 0.330280 -0.371300 10.059404 0.179184 0.107510 0.053755 0.430042 -2.098361 0.071674
775 12:00:07.740 86.261816 0.428535 6.162606 98.467298 0.274718 -0.361460 10.047515 0.154508 0.092705 0.046353 0.370820 -1.836066 0.061803
776 12:00:07.750 78.814609 0.000000 4.050303 89.066303 0.168530 -0.390017 10.002477 0.129410 0.077646 0.038823 0.310583 -1.573770 0.051764
777 12:00:07.760 70.040063 0.216504 5.154152 81.263226 0.168349 -0.390148 9.944486 0.103956 0.062374 0.031187 0.249494 -1.311475 0.041582
778 12:00:07.770 65.086444 0.046592 2.153444 71.491707 0.133826 -0.377024 9.884497 0.078217 0.046930 0.023465 0.187721 -1.049180 0.031287
779 12:00:07.780 57.731098 0.000000 2.862779 65.208865 0.068944 -0.404410 9.866298 0.052264 0.031359 0.015679 0.125434 -0.786885 0.020906
780 12:00:07.790 50.325699 0.947745 2.141892 58.088187 0.043251 -0.406098 9.794082 0.026168 0.015701 0.007850 0.062803 -0.524590 0.010467
781 12:00:07.800 42.169093 1.484795 1.769910 48.515393 -0.007691 -0.382416 9.806657 0.000000 0.000000 0.000000 0.000000 -0.262295 0.000000
782 12:00:07.810 35.736809 0.000000 1.252672 39.761186 -0.056856 -0.416833 9.737468 -0.026168 -0.015701 -0.007850 -0.062803 -0.000000 -0.010467
783 12:00:07.820 0.000000 0.000000 0.000000 0.000000 -0.085753 -0.378413 9.688755 -0.052264 -0.031359 -0.015679 -0.125434 0.000000 -0.020906
784 12:00:07.830 0.000000 0.000000 0.000000 0.000000 -0.093455 -0.369866 9.661526 -0.078217 -0.046930 -0.023465 -0.187721 0.000000 -0.031287
785 12:00:07.840 0.000000 0.000000 0.000000 0.000000 -0.172602 -0.387930 9.648026 -0.103956 -0.062374 -0.031187 -0.249494 0.000000 -0.041582
786 12:00:07.850 0.000000 0.000000 0.000000 0.000000 -0.225085 -0.398059 9.653629 -0.129410 -0.077646 -0.038823 -0.310583 0.000000 -0.051764
787 12:00:07.860 0.000000 0.000000 0.000000 0.000000 -0.245743 -0.391706 9.621247 -0.154508 -0.092705 -0.046353 -0.370820 0.000000 -0.061803
788 12:00:07.870 0.000000 0.000000 0.000000 0.000000 -0.253777 -0.377335 9.578767 -0.179184 -0.107510 -0.053755 -0.430042 0.000000 -0.071674
789 12:00:07.880 0.000000 0.000000 0.000000 0.000000 -0.335119 -0.332147 9.545637 -0.203368 -0.122021 -0.061010 -0.488084 0.000000 -0.081347
790 12:00:07.890 0.000000 0.000000 0.000000 0.000000 -0.372214 -0.361854 9.494394 -0.226995 -0.136197 -0.068099 -0.544789 0.000000 -0.090798
791 12:00:07.900 0.000000 0.000000 0.000000 0.000000 -0.400895 -0.328716 9.428841 -0.250000 -0.150000 -0.075000 -0.600000 0.000000 -0.100000
792 12:00:07.910 0.000000 0.000000 0.000000 0.000000 -0.434138 -0.318657 9.430644 -0.272320 -0.163392 -0.081696 -0.653567 0.000000 -0.108928
793 12:00:07.920 0.000000 0.000000 0.000000 0.000000 -0.490908 -0.325428 9.355876 -0.293893 -0.176336 -0.088168 -0.705342 0.000000 -0.117557
794 12:00:07.930 0.000000 0.000000 0.000000 0.000000 -0.530309 -0.310403 9.355837 -0.314660 -0.188796 -0.094398 -0.755184 0.000000 -0.125864
795 12:00:07.940 0.000000 0.000000 0.000000 0.000000 -0.514833 -0.331817 9.327731 -0.334565 -0.200739 -0.100370 -0.802957 0.000000 -0.133826
796 12:00:07.950 0.000000 0.000000 0.000000 0.000000 -0.574714 -0.295345 9.334147 -0.353553 -0.212132 -0.106066 -0.848528 0.000000 -0.141421
797 12:00:07.960 0.000000 0.000000 0.000000 0.000000 -0.604323 -0.274670 9.327573 -0.371572 -0.222943 -0.111472 -0.891774 0.000000 -0.148629
798 12:00:07.970 0.000000 0.000000 0.000000 0.000000 -0.587681 -0.286278 9.240225 -0.388573 -0.233144 -0.116572 -0.932575 0.000000 -0.155429
799 12:00:07.980 0.000000 0.000000 0.000000 0.000000 -0.664273 -0.239118 9.269850 -0.404508 -0.242705 -0.121353 -0.970820 0.000000 -0.161803
800 12:00:07.990 0.000000 0.000000 0.000000 0.000000 -0.672925 -0.236648 9.223091 -0.419335 -0.251601 -0.125801 -1.006405 0.000000 -0.167734
801 12:00:08.000 0.000000 0.000000 0.000000 0.000000 -0.724769 -0.174850 9.285619 -0.433013 -0.259808 -0.129904 -1.039230 0.000000 -0.173205
802 12:00:08.010 0.000000 0.000000 0.000000 0.000000 -0.725637 -0.200373 9.225861 -0.445503 -0.267302 -0.133651 -1.069208 0.000000 -0.178201
803 12:00:08.020 0.000000 0.000000 0.000000 0.000000 -0.749503 -0.165557 9.130171 -0.456773 -0.274064 -0.137032 -1.096255 0.000000 -0.182709
804 12:00:08.030 0.000000 0.000000 0.000000 0.000000 -0.739456 -0.135983 9.129544 -0.466790 -0.280074 -0.140037 -1.120297 0.000000 -0.186716
805 12:00:08.040 0.000000 0.000000 0.000000 0.000000 -0.782880 -0.093563 9.146716 -0.475528 -0.285317 -0.142658 -1.141268 0.000000 -0.190211
806 12:00:08.050 0.000000 0.000000 0.000000 0.000000 -0.793619 -0.144809 9.103565 -0.482963 -0.289778 -0.144889 -1.159111 0.000000 -0.193185
807 12:00:08.060 0.000000 0.000000 0.000000 0.000000 -0.752668 -0.081984 9.108016 -0.489074 -0.293444 -0.146722 -1.173777 0.000000 -0.195630
808 12:00:08.070 0.000000 0.000000 0.000000 0.000000 -0.762659 -0.078988 9.072722 -0.493844 -0.296307 -0.148153 -1.185226 0.000000 -0.197538
809 12:00:08.080 0.000000 0.000000 0.000000 0.000000 -0.781389 -0.025044 9.140944 -0.497261 -0.298357 -0.149178 -1.193426 0.000000 -0.198904
810 12:00:08.090 0.000000 0.000000 0.000000 0.000000 -0.778060 -0.039848 9.134924 -0.499315 -0.299589 -0.149794 -1.198355 0.000000 -0.199726
811 12:00:08.100 0.000000 0.000000 0.000000 0.000000 -0.804781 0.001677 9.106038 -0.500000 -0.300000 -0.150000 -1.200000 0.000000 -0.200000
812 12:00:08.110 0.000000 0.000000 0.000000 0.000000 -0.796534 0.041081 9.118174 -0.499315 -0.299589 -0.149794 -1.198355 0.000000 -0.199726
813 12:00:08.120 0.000000 0.000000 0.000000 0.000000 -0.802650 0.052078 9.117508 -0.497261 -0.298357 -0.149178 -1.193426 0.000000 -0.198904
814 12:00:08.130 0.000000 0.000000 0.000000 0.000000 -0.742958 0.060399 9.149509 -0.493844 -0.296307 -0.148153 -1.185226 0.000000 -0.197538
815 12:00:08.140 0.000000 0.000000 0.000000 0.000000 -0.767126 0.104049 9.139669 -0.489074 -0.293444 -0.146722 -1.173777 0.000000 -0.195630
816 12:00:08.150 0.000000 0.000000 0.000000 0.000000 -0.760335 0.110855 9.147524 -0.482963 -0.289778 -0.144889 -1.159111 0.000000 -0.193185
817 12:00:08.160 0.000000 0.000000 0.000000 0.000000 -0.736730 0.151027 9.137876 -0.475528 -0.285317 -0.142658 -1.141268 0.000000 -0.190211
818 12:00:08.170 0.000000 0.000000 0.000000 0.000000 -0.740427 0.135499 9.185493 -0.466790 -0.280074 -0.140037 -1.120297 0.000000 -0.186716
819 12:00:08.180 0.000000 0.000000 0.000000 0.000000 -0.768725 0.197773 9.195731 -0.456773 -0.274064 -0.137032 -1.096255 0.000000 -0.182709
820 12:00:08.190 0.000000 0.000000 0.000000 0.000000 -0.740083 0.185467 9.193931 -0.445503 -0.267302 -0.133651 -1.069208 0.000000 -0.178201
821 12:00:08.200 0.000000 0.000000 0.000000 0.000000 -0.700844 0.219610 9.168200 -0.433013 -0.259808 -0.129904 -1.039230 0.000000 -0.173205
822 12:00:08.210 0.000000 0.000000 0.000000 0.000000 -0.631551 0.251150 9.235078 -0.419335 -0.251601 -0.125801 -1.006405 0.000000 -0.167734
823 12:00:08.220 0.000000 0.000000 0.000000 0.000000 -0.625383 0.261482 9.309201 -0.404508 -0.242705 -0.121353 -0.970820 0.000000 -0.161803
824 12:00:08.230 0.000000 0.000000 0.000000 0.000000 -0.624365 0.250386 9.257036 -0.388573 -0.233144 -0.116572 -0.932575 0.000000 -0.155429
825 12:00:08.240 0.000000 0.000000 0.000000 0.000000 -0.584765 0.258221 9.301885 -0.371572 -0.222943 -0.111472 -0.891774 0.000000 -0.148629
826 12:00:08.250 0.000000 0.000000 0.000000 0.000000 -0.557537 0.259437 9.318225 -0.353553 -0.212132 -0.106066 -0.848528 0.000000 -0.141421
827 12:00:08.260 0.000000 0.000000 0.000000 0.000000 -0.558803 0.312510 9.360359 -0.334565 -0.200739 -0.100370 -0.802957 0.000000 -0.133826
828 12:00:08.270 0.000000 0.000000 0.000000 0.000000 -0.511093 0.301672 9.363937 -0.314660 -0.188796 -0.094398 -0.755184 0.000000 -0.125864
829 12:00:08.280 0.000000 0.000000 0.000000 0.000000 -0.498400 0.319185 9.462069 -0.293893 -0.176336 -0.088168 -0.705342 0.000000 -0.117557
830 12:00:08.290 0.000000 0.000000 0.000000 0.000000 -0.433721 0.324625 9.410356 -0.272320 -0.163392 -0.081696 -0.653567 0.000000 -0.108928
831 12:00:08.300 0.000000 0.000000 0.000000 0.000000 -0.407394 0.325772 9.502537 -0.250000 -0.150000 -0.075000 -0.600000 0.000000 -0.100000
832 12:00:08.310 0.000000 0.000000 0.000000 0.000000 -0.355410 0.346505 9.480483 -0.226995 -0.136197 -0.068099 -0.544789 0.000000 -0.090798
833 12:00:08.320 0.000000 0.000000 0.000000 0.000000 -0.311842 0.336304 9.582398 -0.203368 -0.122021 -0.061010 -0.488084 0.000000 -0.081347
834 12:00:08.330 0.000000 0.000000 0.000000 0.000000 -0.281784 0.377753 9.516651 -0.179184 -0.107510 -0.053755 -0.430042 0.000000 -0.071674
835 12:00:08.340 0.000000 0.000000 0.000000 0.000000 -0.269514 0.347352 9.597622 -0.154508 -0.092705 -0.046353 -0.370820 0.000000 -0.061803
836 12:00:08.350 0.000000 0.000000 0.000000 0.000000 -0.221058 0.390216 9.636027 -0.129410 -0.077646 -0.038823 -0.310583 0.000000 -0.051764
837 12:00:08.360 0.000000 0.000000 0.000000 0.000000 -0.206552 0.421236 9.678111 -0.103956 -0.062374 -0.031187 -0.249494 0.000000 -0.041582
838 12:00:08.370 0.000000 0.000000 0.000000 0.000000 -0.090000 0.427184 9.718441 -0.078217 -0.046930 -0.023465 -0.187721 0.000000 -0.031287
839 12:00:08.380 0.000000 0.000000 0.000000 0.000000 -0.054877 0.377402 9.752760 -0.052264 -0.031359 -0.015679 -0.125434 0.000000 -0.020906
840 12:00:08.390 0.000000 0.000000 0.000000 0.000000 -0.048712 0.412211 9.795764 -0.026168 -0.015701 -0.007850 -0.062803 0.000000 -0.010467
841 12:00:08.400 0.659300 25.428687 0.556874 0.956694 0.014065 0.397525 9.789251 0.000000 0.000000 0.000000 0.000000 -16.000000 0.000000
842 12:00:08.410 0.000000 32.155479 0.000000 0.000000 0.039813 0.394099 9.882775 0.026168 0.015701 0.007850 0.062803 -15.737705 0.010467
843 12:00:08.420 0.000000 37.243589 0.108442 0.000000 0.090438 0.400789 9.919624 0.052264 0.031359 0.015679 0.125434 -15.475410 0.020906
844 12:00:08.430 0.256304 44.577082 2.299175 0.000000 0.147047 0.427861 9.907511 0.078217 0.046930 0.023465 0.187721 -15.213115 0.031287
845 12:00:08.440 0.000000 50.149105 1.669790 0.000000 0.147737 0.391746 9.979522 0.103956 0.062374 0.031187 0.249494 -14.950820 0.041582
846 12:00:08.450 0.409994 55.599068 4.546627 0.000000 0.195248 0.378274 9.943101 0.129410 0.077646 0.038823 0.310583 -14.688525 0.051764
847 12:00:08.460 1.158344 57.550426 3.613079 0.344246 0.230676 0.400365 10.012770 0.154508 0.092705 0.046353 0.370820 -14.426230 0.061803
848 12:00:08.470 0.213721 63.953273 5.962259 0.000000 0.290702 0.403438 10.042698 0.179184 0.107510 0.053755 0.430042 -14.163934 0.071674
849 12:00:08.480 0.000000 69.448421 7.163534 0.000000 0.331384 0.353889 10.074609 0.203368 0.122021 0.061010 0.488084 -13.901639 0.081347
850 12:00:08.490 0.840044 70.761971 9.014686 0.194493 0.349924 0.352365 10.141604 0.226995 0.136197 0.068099 0.544789 -13.639344 0.090798
851 12:00:08.500 0.000000 73.184336 11.083554 1.374915 0.400154 0.331496 10.173613 0.250000 0.150000 0.075000 0.600000 -13.377049 0.100000
852 12:00:08.510 1.426133 75.842668 12.753009 0.011483 0.438059 0.338295 10.185555 0.272320 0.163392 0.081696 0.653567 -13.114754 0.108928
853 12:00:08.520 0.000000 72.166304 16.106595 0.000000 0.474132 0.330068 10.231345 0.293893 0.176336 0.088168 0.705342 -12.852459 0.117557
854 12:00:08.530 0.570859 71.579571 19.173859 2.169108 0.507801 0.282154 10.266593 0.314660 0.188796 0.094398 0.755184 -12.590164 0.125864
855 12:00:08.540 0.000000 69.479740 18.187399 0.503670 0.516881 0.294971 10.226795 0.334565 0.200739 0.100370 0.802957 -12.327869 0.133826
856 12:00:08.550 1.485826 62.475563 22.923891 2.556042 0.568068 0.318490 10.335463 0.353553 0.212132 0.106066 0.848528 -12.065574 0.141421
857 12:00:08.560 1.428900 59.944418 26.670655 1.771460 0.601497 0.271628 10.347256 0.371572 0.222943 0.111472 0.891774 -11.803279 0.148629
858 12:00:08.570 1.348385 54.844756 32.013318 0.000000 0.615743 0.278590 10.360984 0.388573 0.233144 0.116572 0.932575 -11.540984 0.155429
859 12:00:08.580 2.862129 50.340998 35.944307 0.685838 0.625767 0.178972 10.390308 0.404508 0.242705 0.121353 0.970820 -11.278689 0.161803
860 12:00:08.590 2.243522 43.761600 41.262304 1.153210 0.660486 0.242724 10.428579 0.419335 0.251601 0.125801 1.006405 -11.016393 0.167734
861 12:00:08.600 2.372125 36.844228 44.922481 1.259585 0.706502 0.209756 10.433439 0.433013 0.259808 0.129904 1.039230 -10.754098 0.173205
862 12:00:08.610 2.026403 31.205799 50.832386 3.651606 0.683194 0.227873 10.449167 0.445503 0.267302 0.133651 1.069208 -10.491803 0.178201
863 12:00:08.620 4.449776 27.084316 54.762218 6.425775 0.726480 0.118516 10.458106 0.456773 0.274064 0.137032 1.096255 -10.229508 0.182709
864 12:00:08.630 4.841247 23.644924 58.155493 5.870493 0.736724 0.126333 10.510793 0.466790 0.280074 0.140037 1.120297 -9.967213 0.186716
865 12:00:08.640 7.443813 18.329032 64.207729 9.980585 0.747310 0.140496 10.465760 0.475528 0.285317 0.142658 1.141268 -9.704918 0.190211
866 12:00:08.650 11.642201 14.369386 64.084062 13.195565 0.791917 0.087922 10.458283 0.482963 0.289778 0.144889 1.159111 -9.442623 0.193185
867 12:00:08.660 13.168572 13.110294 67.101070 11.934772 0.788554 0.040307 10.478978 0.489074 0.293444 0.146722 1.173777 -9.180328 0.195630
868 12:00:08.670 14.838915 9.128107 72.258148 17.995147 0.767397 0.057393 10.507643 0.493844 0.296307 0.148153 1.185226 -8.918033 0.197538
869 12:00:08.680 17.918171 5.163002 73.687496 20.793049 0.798418 -0.004208 10.536884 0.497261 0.298357 0.149178 1.193426 -8.655738 0.198904
870 12:00:08.690 22.994516 4.207464 75.379651 23.635886 0.834665 0.035494 10.544441 0.499315 0.299589 0.149794 1.198355 -8.393443 0.199726
871 12:00:08.700 27.470972 5.137434 75.365068 31.985263 0.795225 0.029500 10.466362 0.500000 0.300000 0.150000 1.200000 -8.131148 0.200000
872 12:00:08.710 31.306767 3.099277 75.736588 35.759137 0.806318 -0.000851 10.533722 0.499315 0.299589 0.149794 1.198355 -7.868852 0.199726
873 12:00:08.720 38.769742 1.545667 72.214529 44.017232 0.785033 -0.092359 10.499097 0.497261 0.298357 0.149178 1.193426 -7.606557 0.198904
874 12:00:08.730 43.624652 1.694813 73.381512 50.125060 0.804691 -0.090555 10.466947 0.493844 0.296307 0.148153 1.185226 -7.344262 0.197538
875 12:00:08.740 50.509480 2.018991 70.698964 59.607746 0.766238 -0.093028 10.504275 0.489074 0.293444 0.146722 1.173777 -7.081967 0.195630
876 12:00:08.750 58.088988 1.074724 69.365969 65.456700 0.775619 -0.112111 10.448680 0.482963 0.289778 0.144889 1.159111 -6.819672 0.193185
877 12:00:08.760 66.082709 0.618082 64.026122 77.377348 0.765003 -0.138229 10.443666 0.475528 0.285317 0.142658 1.141268 -6.557377 0.190211
878 12:00:08.770 73.536038 1.383382 61.392545 83.466645 0.738870 -0.131026 10.452895 0.466790 0.280074 0.140037 1.120297 -6.295082 0.186716
879 12:00:08.780 82.123890 0.200842 58.762843 92.562032 0.746835 -0.185404 10.450405 0.456773 0.274064 0.137032 1.096255 -6.032787 0.182709
880 12:00:08.790 90.233980 0.000000 53.579146 101.901732 0.684584 -0.157079 10.434258 0.445503 0.267302 0.133651 1.069208 -5.770492 0.178201
881 12:00:08.800 96.071961 1.252771 48.530849 108.131833 0.680683 -0.189896 10.415717 0.433013 0.259808 0.129904 1.039230 -5.508197 0.173205
882 12:00:08.810 102.919376 0.000000 44.546998 115.548044 0.695112 -0.265076 10.429219 0.419335 0.251601 0.125801 1.006405 -5.245902 0.167734
883 12:00:08.820 110.168267 0.000000 39.108659 122.992019 0.657308 -0.222323 10.445856 0.404508 0.242705 0.121353 0.970820 -4.983607 0.161803
884 12:00:08.830 113.272095 0.724772 35.051647 128.680973 0.631404 -0.257489 10.389362 0.388573 0.233144 0.116572 0.932575 -4.721311 0.155429
885 12:00:08.840 117.400225 1.239635 31.615542 131.737869 0.613610 -0.285993 10.383854 0.371572 0.222943 0.111472 0.891774 -4.459016 0.148629
886 12:00:08.850 118.732977 0.000000 26.489693 135.476695 0.587523 -0.307553 10.294106 0.353553 0.212132 0.106066 0.848528 -4.196721 0.141421
887 12:00:08.860 121.051905 0.000000 25.596471 137.383430 0.562751 -0.324588 10.250079 0.334565 0.200739 0.100370 0.802957 -3.934426 0.133826
888 12:00:08.870 121.304121 0.000000 20.915505 135.436421 0.511663 -0.317384 10.263888 0.314660 0.188796 0.094398 0.755184 -3.672131 0.125864
889 12:00:08.880 119.165473 0.000000 19.384462 133.128816 0.482090 -0.335855 10.222827 0.293893 0.176336 0.088168 0.705342 -3.409836 0.117557
890 12:00:08.890 114.331746 0.000000 14.992245 130.652214 0.444190 -0.348918 10.173337 0.272320 0.163392 0.081696 0.653567 -3.147541 0.108928
891 12:00:08.900 111.126331 0.000000 11.980775 126.724701 0.425908 -0.357481 10.198909 0.250000 0.150000 0.075000 0.600000 -2.885246 0.100000
892 12:00:08.910 106.183012 0.000000 9.602112 120.954730 0.377481 -0.343754 10.165849 0.226995 0.136197 0.068099 0.544789 -2.622951 0.090798
893 12:00:08.920 99.954795 1.109240 9.012831 114.112723 0.303661 -0.368606 10.095797 0.203368 0.122021 0.061010 0.488084 -2.360656 0.081347
894 12:00:08.930 94.264876 0.189016 5.501465 107.338873 0.263206 -0.373253 10.053566 0.179184 0.107510 0.053755 0.430042 -2.098361 0.071674
895 12:00:08.940 86.784610 0.021162 7.070120 99.176246 0.199747 -0.381915 10.021133 0.154508 0.092705 0.046353 0.370820 -1.836066 0.061803
896 12:00:08.950 78.561621 0.000000 4.090729 88.423233 0.208917 -0.384366 10.016153 0.129410 0.077646 0.038823 0.310583 -1.573770 0.051764
897 12:00:08.960 69.921964 0.538582 3.864432 81.489221 0.147098 -0.404451 9.908286 0.103956 0.062374 0.031187 0.249494 -1.311475 0.041582
898 12:00:08.970 64.988400 0.000000 2.812995 73.105988 0.118094 -0.375360 9.922127 0.078217 0.046930 0.023465 0.187721 -1.049180 0.031287
899 12:00:08.980 56.108654 0.000000 1.936912 64.054203 0.062273 -0.353238 9.892246 0.052264 0.031359 0.015679 0.125434 -0.786885 0.020906
900 12:00:08.990 49.620408 0.281789 3.495853 54.131588 0.039858 -0.409247 9.809234 0.026168 0.015701 0.007850 0.062803 -0.524590 0.010467
901 12:00:09.000 43.249081 0.000000 0.000000 48.922191 -0.000820 -0.430721 9.828285 0.000000 0.000000 0.000000 0.000000 -0.262295 0.000000
902 12:00:09.010 38.432036 0.000000 1.538891 40.570170 -0.064834 -0.447744 9.804234 -0.026168 -0.015701 -0.007850 -0.062803 -0.000000 -0.010467
903 12:00:09.020 0.000000 0.000000 0.000000 0.000000 -0.103300 -0.407649 9.725491 -0.052264 -0.031359 -0.015679 -0.125434 0.000000 -0.020906
904 12:00:09.030 0.000000 0.000000 0.000000 0.000000 -0.085275 -0.403764 9.717289 -0.078217 -0.046930 -0.023465 -0.187721 0.000000 -0.031287
905 12:00:09.040 0.000000 0.000000 0.000000 0.000000 -0.165647 -0.409821 9.603695 -0.103956 -0.062374 -0.031187 -0.249494 0.000000 -0.041582
906 12:00:09.050 0.000000 0.000000 0.000000 0.000000 -0.192906 -0.383388 9.606992 -0.129410 -0.077646 -0.038823 -0.310583 0.000000 -0.051764
907 12:00:09.060 0.000000 0.000000 0.000000 0.000000 -0.258962 -0.369493 9.630855 -0.154508 -0.092705 -0.046353 -0.370820 0.000000 -0.061803
908 12:00:09.070 0.000000 0.000000 0.000000 0.000000 -0.264816 -0.382272 9.498044 -0.179184 -0.107510 -0.053755 -0.430042 0.000000 -0.071674
909 12:00:09.080 0.000000 0.000000 0.000000 0.000000 -0.314238 -0.376975 9.556893 -0.203368 -0.122021 -0.061010 -0.488084 0.000000 -0.081347
910 12:00:09.090 0.000000 0.000000 0.000000 0.000000 -0.349171 -0.360420 9.505660 -0.226995 -0.136197 -0.068099 -0.544789 0.000000 -0.090798
911 12:00:09.100 0.000000 0.000000 0.000000 0.000000 -0.384597 -0.361868 9.478325 -0.250000 -0.150000 -0.075000 -0.600000 0.000000 -0.100000
912 12:00:09.110 0.000000 0.000000 0.000000 0.000000 -0.454881 -0.328838 9.429598 -0.272320 -0.163392 -0.081696 -0.653567 0.000000 -0.108928
913 12:00:09.120 0.000000 0.000000 0.000000 0.000000 -0.453944 -0.347610 9.386928 -0.293893 -0.176336 -0.088168 -0.705342 0.000000 -0.117557
914 12:00:09.130 0.000000 0.000000 0.000000 0.000000 -0.513495 -0.297789 9.346564 -0.314660 -0.188796 -0.094398 -0.755184 0.000000 -0.125864
915 12:00:09.140 0.000000 0.000000 0.000000 0.000000 -0.512883 -0.289470 9.315203 -0.334565 -0.200739 -0.100370 -0.802957 0.000000 -0.133826
916 12:00:09.150 0.000000 0.000000 0.000000 0.000000 -0.508012 -0.282171 9.294048 -0.353553 -0.212132 -0.106066 -0.848528 0.000000 -0.141421
917 12:00:09.160 0.000000 0.000000 0.000000 0.000000 -0.588177 -0.233565 9.333269 -0.371572 -0.222943 -0.111472 -0.891774 0.000000 -0.148629
918 12:00:09.170 0.000000 0.000000 0.000000 0.000000 -0.634124 -0.261473 9.268468 -0.388573 -0.233144 -0.116572 -0.932575 0.000000 -0.155429
919 12:00:09.180 0.000000 0.000000 0.000000 0.000000 -0.664221 -0.221370 9.261758 -0.404508 -0.242705 -0.121353 -0.970820 0.000000 -0.161803
920 12:00:09.190 0.000000 0.000000 0.000000 0.000000 -0.647299 -0.216898 9.216810 -0.419335 -0.251601 -0.125801 -1.006405 0.000000 -0.167734
921 12:00:09.200 0.000000 0.000000 0.000000 0.000000 -0.685427 -0.212472 9.275569 -0.433013 -0.259808 -0.129904 -1.039230 0.000000 -0.173205
922 12:00:09.210 0.000000 0.000000 0.000000 0.000000 -0.728831 -0.173226 9.182893 -0.445503 -0.267302 -0.133651 -1.069208 0.000000 -0.178201
923 12:00:09.220 0.000000 0.000000 0.000000 0.000000 -0.714336 -0.150059 9.155961 -0.456773 -0.274064 -0.137032 -1.096255 0.000000 -0.182709
924 12:00:09.230 0.000000 0.000000 0.000000 0.000000 -0.721917 -0.115914 9.123349 -0.466790 -0.280074 -0.140037 -1.120297 0.000000 -0.186716
925 12:00:09.240 0.000000 0.000000 0.000000 0.000000 -0.765960 -0.112034 9.163339 -0.475528 -0.285317 -0.142658 -1.141268 0.000000 -0.190211
926 12:00:09.250 0.000000 0.000000 0.000000 0.000000 -0.777817 -0.108622 9.154170 -0.482963 -0.289778 -0.144889 -1.159111 0.000000 -0.193185
927 12:00:09.260 0.000000 0.000000 0.000000 0.000000 -0.788004 -0.107329 9.145934 -0.489074 -0.293444 -0.146722 -1.173777 0.000000 -0.195630
928 12:00:09.270 0.000000 0.000000 0.000000 0.000000 -0.800648 -0.050178 9.119287 -0.493844 -0.296307 -0.148153 -1.185226 0.000000 -0.197538
929 12:00:09.280 0.000000 0.000000 0.000000 0.000000 -0.809010 -0.012349 9.047864 -0.497261 -0.298357 -0.149178 -1.193426 0.000000 -0.198904
930 12:00:09.290 0.000000 0.000000 0.000000 0.000000 -0.772475 -0.026671 9.129174 -0.499315 -0.299589 -0.149794 -1.198355 0.000000 -0.199726
931 12:00:09.300 0.000000 0.000000 0.000000 0.000000 -0.807361 0.019784 9.110009 -0.500000 -0.300000 -0.150000 -1.200000 0.000000 -0.200000
932 12:00:09.310 0.000000 0.000000 0.000000 0.000000 -0.828696 0.069853 9.112566 -0.499315 -0.299589 -0.149794 -1.198355 0.000000 -0.199726
933 12:00:09.320 0.000000 0.000000 0.000000 0.000000 -0.786421 0.061925 9.066854 -0.497261 -0.298357 -0.149178 -1.193426 0.000000 -0.198904
934 12:00:09.330 0.000000 0.000000 0.000000 0.000000 -0.772488 0.041926 9.170311 -0.493844 -0.296307 -0.148153 -1.185226 0.000000 -0.197538
935 12:00:09.340 0.000000 0.000000 0.000000 0.000000 -0.807784 0.128807 9.126574 -0.489074 -0.293444 -0.146722 -1.173777 0.000000 -0.195630
936 12:00:09.350 0.000000 0.000000 0.000000 0.000000 -0.742647 0.146883 9.160455 -0.482963 -0.289778 -0.144889 -1.159111 0.000000 -0.193185
937 12:00:09.360 0.000000 0.000000 0.000000 0.000000 -0.788219 0.134448 9.151379 -0.475528 -0.285317 -0.142658 -1.141268 0.000000 -0.190211
938 12:00:09.370 0.000000 0.000000 0.000000 0.000000 -0.743642 0.127868 9.126162 -0.466790 -0.280074 -0.140037 -1.120297 0.000000 -0.186716
939 12:00:09.380 0.000000 0.000000 0.000000 0.000000 -0.719800 0.162236 9.203074 -0.456773 -0.274064 -0.137032 -1.096255 0.000000 -0.182709
940 12:00:09.390 0.000000 0.000000 0.000000 0.000000 -0.694498 0.194246 9.165010 -0.445503 -0.267302 -0.133651 -1.069208 0.000000 -0.178201
941 12:00:09.400 0.000000 0.000000 0.000000 0.000000 -0.695144 0.216946 9.180886 -0.433013 -0.259808 -0.129904 -1.039230 0.000000 -0.173205
942 12:00:09.410 0.000000 0.000000 0.000000 0.000000 -0.666140 0.226467 9.224905 -0.419335 -0.251601 -0.125801 -1.006405 0.000000 -0.167734
943 12:00:09.420 0.000000 0.000000 0.000000 0.000000 -0.621431 0.224607 9.224075 -0.404508 -0.242705 -0.121353 -0.970820 0.000000 -0.161803
944 12:00:09.430 0.000000 0.000000 0.000000 0.000000 -0.621541 0.263961 9.196346 -0.388573 -0.233144 -0.116572 -0.932575 0.000000 -0.155429
945 12:00:09.440 0.000000 0.000000 0.000000 0.000000 -0.590118 0.296700 9.290290 -0.371572 -0.222943 -0.111472 -0.891774 0.000000 -0.148629
946 12:00:09.450 0.000000 0.000000 0.000000 0.000000 -0.589733 0.281735 9.331512 -0.353553 -0.212132 -0.106066 -0.848528 0.000000 -0.141421
947 12:00:09.460 0.000000 0.000000 0.000000 0.000000 -0.510618 0.291122 9.396613 -0.334565 -0.200739 -0.100370 -0.802957 0.000000 -0.133826
948 12:00:09.470 0.000000 0.000000 0.000000 0.000000 -0.531007 0.290447 9.392680 -0.314660 -0.188796 -0.094398 -0.755184 0.000000 -0.125864
949 12:00:09.480 0.000000 0.000000 0.000000 0.000000 -0.496358 0.351827 9.400770 -0.293893 -0.176336 -0.088168 -0.705342 0.000000 -0.117557
950 12:00:09.490 0.000000 0.000000 0.000000 0.000000 -0.418648 0.365899 9.394858 -0.272320 -0.163392 -0.081696 -0.653567 0.000000 -0.108928
951 12:00:09.500 0.000000 0.000000 0.000000 0.000000 -0.431056 0.375338 9.453673 -0.250000 -0.150000 -0.075000 -0.600000 0.000000 -0.100000
952 12:00:09.510 0.000000 0.000000 0.000000 0.000000 -0.398494 0.354590 9.522023 -0.226995 -0.136197 -0.068099 -0.544789 0.000000 -0.090798
953 12:00:09.520 0.000000 0.000000 0.000000 0.000000 -0.329796 0.408844 9.518001 -0.203368 -0.122021 -0.061010 -0.488084 0.000000 -0.081347
954 12:00:09.530 0.000000 0.000000 0.000000 0.000000 -0.290339 0.405470 9.567581 -0.179184 -0.107510 -0.053755 -0.430042 0.000000 -0.071674
955 12:00:09.540 0.000000 0.000000 0.000000 0.000000 -0.217053 0.347615 9.528088 -0.154508 -0.092705 -0.046353 -0.370820 0.000000 -0.061803
956 12:00:09.550 0.000000 0.000000 0.000000 0.000000 -0.195126 0.354029 9.612145 -0.129410 -0.077646 -0.038823 -0.310583 0.000000 -0.051764
957 12:00:09.560 0.000000 0.000000 0.000000 0.000000 -0.171139 0.391726 9.701447 -0.103956 -0.062374 -0.031187 -0.249494 0.000000 -0.041582
958 12:00:09.570 0.000000 0.000000 0.000000 0.000000 -0.131065 0.403538 9.669827 -0.078217 -0.046930 -0.023465 -0.187721 0.000000 -0.031287
959 12:00:09.580 0.000000 0.000000 0.000000 0.000000 -0.081028 0.395213 9.729878 -0.052264 -0.031359 -0.015679 -0.125434 0.000000 -0.020906
960 12:00:09.590 0.000000 0.000000 0.000000 0.000000 -0.009567 0.380171 9.815422 -0.026168 -0.015701 -0.007850 -0.062803 0.000000 -0.010467
