StepWise synthetic software-test fixture
SYNTHETIC DATA - NOT CLINICAL OR HUMAN-SUBJECT DATA
Generated deterministically for parser, segmentation, API, and demo testing.
Fields: Sample SystemTime P1 P2 P3 P4 AccX AccY AccZ GyrX GyrY GyrZ Pitch Roll Yaw
--------------------------------------------------------------------------------
1 12:00:00.000 0.063243 77.751148 2.994513 0.888695 -0.009366 0.400801 9.762496 0.000000 0.000000 0.000000 -7.000000 0.000000 0.000000
2 12:00:00.010 0.000000 93.115437 2.479450 0.000000 0.061918 0.396408 9.821464 0.026168 0.015701 0.007850 -6.937197 0.000000 0.010467
3 12:00:00.020 0.000000 106.221751 1.783652 0.636718 0.063121 0.411607 9.840927 0.052264 0.031359 0.015679 -6.874566 0.000000 0.020906
4 12:00:00.030 0.188468 122.925963 2.688097 1.019728 0.126090 0.412712 9.901748 0.078217 0.046930 0.023465 -6.812279 0.000000 0.031287
5 12:00:00.040 0.000000 139.967044 4.246988 1.455658 0.161348 0.390976 9.971697 0.103956 0.062374 0.031187 -6.750506 0.000000 0.041582
6 12:00:00.050 0.000000 156.990080 2.580495 0.000000 0.232319 0.401832 10.004544 0.129410 0.077646 0.038823 -6.689417 0.000000 0.051764
7 12:00:00.060 0.000000 169.010404 4.351192 0.000000 0.274806 0.394427 10.044846 0.154508 0.092705 0.046353 -6.629180 0.000000 0.061803
8 12:00:00.070 0.000000 183.867399 3.944093 0.940360 0.286280 0.363631 10.039696 0.179184 0.107510 0.053755 -6.569958 0.000000 0.071674
9 12:00:00.080 1.663762 195.131555 6.697505 0.186899 0.298993 0.339694 10.092692 0.203368 0.122021 0.061010 -6.511916 0.000000 0.081347
10 12:00:00.090 0.000000 202.883934 7.952208 1.271647 0.388979 0.344692 10.158271 0.226995 0.136197 0.068099 -6.455211 0.000000 0.090798
11 12:00:00.100 0.000000 208.609897 11.976317 0.203037 0.398475 0.358450 10.154482 0.250000 0.150000 0.075000 -6.400000 0.000000 0.100000
12 12:00:00.110 0.959104 212.321985 11.433372 1.021287 0.433914 0.323738 10.196758 0.272320 0.163392 0.081696 -6.346433 0.000000 0.108928
13 12:00:00.120 1.773088 207.287299 15.087505 0.021906 0.432116 0.305507 10.210143 0.293893 0.176336 0.088168 -6.294658 0.000000 0.117557
14 12:00:00.130 0.000000 203.975138 17.938017 0.972284 0.483878 0.290091 10.258772 0.314660 0.188796 0.094398 -6.244816 0.000000 0.125864
15 12:00:00.140 0.434657 193.208244 20.643167 0.000000 0.523416 0.295130 10.228555 0.334565 0.200739 0.100370 -6.197043 0.000000 0.133826
16 12:00:00.150 0.617044 183.889544 23.728278 1.387019 0.556710 0.272968 10.325909 0.353553 0.212132 0.106066 -6.151472 0.000000 0.141421
17 12:00:00.160 1.821310 170.385054 25.790616 1.586892 0.591536 0.249906 10.326278 0.371572 0.222943 0.111472 -6.108226 0.000000 0.148629
18 12:00:00.170 0.000966 154.058595 31.355197 1.564346 0.637801 0.239132 10.360451 0.388573 0.233144 0.116572 -6.067425 0.000000 0.155429
19 12:00:00.180 0.780249 140.459334 36.264610 0.000000 0.677376 0.222664 10.372664 0.404508 0.242705 0.121353 -6.029180 0.000000 0.161803
20 12:00:00.190 3.923839 122.269484 40.379805 0.743549 0.670678 0.223078 10.417438 0.419335 0.251601 0.125801 -5.993595 0.000000 0.167734
21 12:00:00.200 4.247221 108.438366 43.763946 0.189533 0.674120 0.198193 10.457310 0.433013 0.259808 0.129904 -5.960770 0.000000 0.173205
22 12:00:00.210 3.924615 89.947277 49.901985 1.625056 0.693679 0.205613 10.396919 0.445503 0.267302 0.133651 -5.930792 0.000000 0.178201
23 12:00:00.220 6.756049 75.988794 55.781209 1.799640 0.721322 0.194357 10.429552 0.456773 0.274064 0.137032 -5.903745 0.000000 0.182709
24 12:00:00.230 6.750973 63.007349 57.641560 3.758996 0.754554 0.146574 10.446255 0.466790 0.280074 0.140037 -5.879703 0.000000 0.186716
25 12:00:00.240 7.422924 51.779242 60.961011 2.971613 0.766409 0.119939 10.498962 0.475528 0.285317 0.142658 -5.858732 0.000000 0.190211
26 12:00:00.250 13.889351 40.313026 63.900850 4.612379 0.753892 0.122447 10.534716 0.482963 0.289778 0.144889 -5.840889 0.000000 0.193185
27 12:00:00.260 17.072484 32.300980 70.934415 4.060181 0.781888 0.090280 10.497156 0.489074 0.293444 0.146722 -5.826223 0.000000 0.195630
28 12:00:00.270 20.427665 23.976768 70.806058 6.268764 0.804285 0.069632 10.461431 0.493844 0.296307 0.148153 -5.814774 0.000000 0.197538
29 12:00:00.280 23.146148 20.058419 73.952483 5.811890 0.802950 0.030214 10.473443 0.497261 0.298357 0.149178 -5.806574 0.000000 0.198904
30 12:00:00.290 30.160932 14.091531 76.295589 10.473658 0.768180 0.019962 10.458059 0.499315 0.299589 0.149794 -5.801645 0.000000 0.199726
31 12:00:00.300 36.498677 11.498483 75.687605 11.514879 0.774716 0.025001 10.537699 0.500000 0.300000 0.150000 -5.800000 0.000000 0.200000
32 12:00:00.310 43.812537 7.744414 76.807634 11.944493 0.763696 -0.053250 10.540520 0.499315 0.299589 0.149794 -5.801645 0.000000 0.199726
33 12:00:00.320 49.285885 7.436745 73.192720 13.732437 0.821103 -0.033673 10.546847 0.497261 0.298357 0.149178 -5.806574 0.000000 0.198904
34 12:00:00.330 58.469272 4.477531 73.781021 17.395655 0.786855 -0.050242 10.498319 0.493844 0.296307 0.148153 -5.814774 0.000000 0.197538
35 12:00:00.340 69.199810 2.473538 70.785266 19.005620 0.796950 -0.099620 10.498074 0.489074 0.293444 0.146722 -5.826223 0.000000 0.195630
36 12:00:00.350 79.547677 0.736509 67.504625 22.581952 0.772327 -0.098558 10.476538 0.482963 0.289778 0.144889 -5.840889 0.000000 0.193185
37 12:00:00.360 87.742501 1.574494 64.974441 23.719855 0.765994 -0.110537 10.439559 0.475528 0.285317 0.142658 -5.858732 0.000000 0.190211
38 12:00:00.370 98.986222 0.000000 62.003571 30.039463 0.734655 -0.115768 10.459103 0.466790 0.280074 0.140037 -5.879703 0.000000 0.186716
39 12:00:00.380 109.822631 0.545464 57.165841 30.103062 0.730508 -0.169603 10.465577 0.456773 0.274064 0.137032 -5.903745 0.000000 0.182709
40 12:00:00.390 118.818437 0.274966 53.586589 33.913160 0.736269 -0.168297 10.469665 0.445503 0.267302 0.133651 -5.930792 0.000000 0.178201
41 12:00:00.400 125.565025 1.561916 49.266599 35.730757 0.699006 -0.200448 10.390236 0.433013 0.259808 0.129904 -5.960770 0.000000 0.173205
42 12:00:00.410 137.844349 0.451220 44.447888 39.798157 0.702883 -0.209256 10.402648 0.419335 0.251601 0.125801 -5.993595 0.000000 0.167734
43 12:00:00.420 143.095241 0.064988 40.849722 40.569896 0.689503 -0.218506 10.319425 0.404508 0.242705 0.121353 -6.029180 0.000000 0.161803
44 12:00:00.430 150.903705 0.000000 36.193425 42.050653 0.640654 -0.294835 10.284546 0.388573 0.233144 0.116572 -6.067425 0.000000 0.155429
45 12:00:00.440 157.682478 1.046156 32.551837 43.771931 0.552927 -0.291276 10.308544 0.371572 0.222943 0.111472 -6.108226 0.000000 0.148629
46 12:00:00.450 159.781066 0.809508 28.854360 46.401742 0.585281 -0.276881 10.306080 0.353553 0.212132 0.106066 -6.151472 0.000000 0.141421
47 12:00:00.460 160.789382 0.000000 25.591779 44.790149 0.571860 -0.284917 10.246245 0.334565 0.200739 0.100370 -6.197043 0.000000 0.133826
48 12:00:00.470 160.676269 0.362536 22.723851 44.345979 0.479095 -0.326115 10.284348 0.314660 0.188796 0.094398 -6.244816 0.000000 0.125864
49 12:00:00.480 158.392125 0.000000 18.546667 46.304065 0.468743 -0.274561 10.219288 0.293893 0.176336 0.088168 -6.294658 0.000000 0.117557
50 12:00:00.490 155.383194 0.000000 14.905399 42.525220 0.406539 -0.328412 10.173146 0.272320 0.163392 0.081696 -6.346433 0.000000 0.108928
51 12:00:00.500 150.735413 0.000000 12.531561 41.563891 0.434960 -0.342836 10.204262 0.250000 0.150000 0.075000 -6.400000 0.000000 0.100000
52 12:00:00.510 143.430373 0.000000 9.002150 39.966612 0.326188 -0.358326 10.128661 0.226995 0.136197 0.068099 -6.455211 0.000000 0.090798
53 12:00:00.520 136.231992 0.484731 8.982504 38.233809 0.379514 -0.365248 10.104146 0.203368 0.122021 0.061010 -6.511916 0.000000 0.081347
54 12:00:00.530 124.675574 0.989986 4.567643 36.742698 0.267660 -0.362344 10.062955 0.179184 0.107510 0.053755 -6.569958 0.000000 0.071674
55 12:00:00.540 115.303052 0.587791 5.338052 33.249451 0.220713 -0.393274 9.959820 0.154508 0.092705 0.046353 -6.629180 0.000000 0.061803
56 12:00:00.550 105.778287 0.000000 4.838153 31.069642 0.227243 -0.389623 9.979087 0.129410 0.077646 0.038823 -6.689417 0.000000 0.051764
57 12:00:00.560 92.654982 0.000000 2.592949 27.226767 0.168387 -0.394766 9.995210 0.103956 0.062374 0.031187 -6.750506 0.000000 0.041582
58 12:00:00.570 84.923000 0.784584 2.503826 24.965219 0.120778 -0.399924 9.893517 0.078217 0.046930 0.023465 -6.812279 0.000000 0.031287
59 12:00:00.580 75.144186 0.178655 4.433415 20.629908 0.128981 -0.416612 9.837100 0.052264 0.031359 0.015679 -6.874566 0.000000 0.020906
60 12:00:00.590 67.031890 0.000000 3.185679 19.015339 0.007087 -0.394458 9.898225 0.026168 0.015701 0.007850 -6.937197 0.000000 0.010467
61 12:00:00.600 58.011457 0.425284 1.232841 16.614493 -0.018613 -0.414884 9.768265 0.000000 0.000000 0.000000 -7.000000 0.000000 0.000000
62 12:00:00.610 49.865936 1.737480 1.038998 14.273370 -0.070014 -0.407232 9.758303 -0.026168 -0.015701 -0.007850 -7.062803 0.000000 -0.010467
63 12:00:00.620 0.000000 0.000000 0.000000 0.000000 -0.057180 -0.355866 9.749392 -0.052264 -0.031359 -0.015679 -7.125434 0.000000 -0.020906
64 12:00:00.630 0.000000 0.000000 0.000000 0.000000 -0.124654 -0.419611 9.728751 -0.078217 -0.046930 -0.023465 -7.187721 0.000000 -0.031287
65 12:00:00.640 0.000000 0.000000 0.000000 0.000000 -0.159940 -0.387163 9.691445 -0.103956 -0.062374 -0.031187 -7.249494 0.000000 -0.041582
66 12:00:00.650 0.000000 0.000000 0.000000 0.000000 -0.207378 -0.383839 9.598728 -0.129410 -0.077646 -0.038823 -7.310583 0.000000 -0.051764
67 12:00:00.660 0.000000 0.000000 0.000000 0.000000 -0.227785 -0.401324 9.639969 -0.154508 -0.092705 -0.046353 -7.370820 0.000000 -0.061803
68 12:00:00.670 0.000000 0.000000 0.000000 0.000000 -0.312690 -0.384466 9.573431 -0.179184 -0.107510 -0.053755 -7.430042 0.000000 -0.071674
69 12:00:00.680 0.000000 0.000000 0.000000 0.000000 -0.338098 -0.358904 9.496354 -0.203368 -0.122021 -0.061010 -7.488084 0.000000 -0.081347
70 12:00:00.690 0.000000 0.000000 0.000000 0.000000 -0.331141 -0.355937 9.560480 -0.226995 -0.136197 -0.068099 -7.544789 0.000000 -0.090798
71 12:00:00.700 0.000000 0.000000 0.000000 0.000000 -0.380675 -0.346806 9.413084 -0.250000 -0.150000 -0.075000 -7.600000 0.000000 -0.100000
72 12:00:00.710 0.000000 0.000000 0.000000 0.000000 -0.439060 -0.350912 9.396403 -0.272320 -0.163392 -0.081696 -7.653567 0.000000 -0.108928
73 12:00:00.720 0.000000 0.000000 0.000000 0.000000 -0.493065 -0.330118 9.366784 -0.293893 -0.176336 -0.088168 -7.705342 0.000000 -0.117557
74 12:00:00.730 0.000000 0.000000 0.000000 0.000000 -0.519629 -0.314506 9.389272 -0.314660 -0.188796 -0.094398 -7.755184 0.000000 -0.125864
75 12:00:00.740 0.000000 0.000000 0.000000 0.000000 -0.542869 -0.269967 9.328162 -0.334565 -0.200739 -0.100370 -7.802957 0.000000 -0.133826
76 12:00:00.750 0.000000 0.000000 0.000000 0.000000 -0.594751 -0.295459 9.321864 -0.353553 -0.212132 -0.106066 -7.848528 0.000000 -0.141421
77 12:00:00.760 0.000000 0.000000 0.000000 0.000000 -0.565138 -0.234153 9.310917 -0.371572 -0.222943 -0.111472 -7.891774 0.000000 -0.148629
78 12:00:00.770 0.000000 0.000000 0.000000 0.000000 -0.609668 -0.241920 9.244850 -0.388573 -0.233144 -0.116572 -7.932575 0.000000 -0.155429
79 12:00:00.780 0.000000 0.000000 0.000000 0.000000 -0.639498 -0.238281 9.184334 -0.404508 -0.242705 -0.121353 -7.970820 0.000000 -0.161803
80 12:00:00.790 0.000000 0.000000 0.000000 0.000000 -0.668613 -0.192888 9.168626 -0.419335 -0.251601 -0.125801 -8.006405 0.000000 -0.167734
81 12:00:00.800 0.000000 0.000000 0.000000 0.000000 -0.723428 -0.215668 9.229352 -0.433013 -0.259808 -0.129904 -8.039230 0.000000 -0.173205
82 12:00:00.810 0.000000 0.000000 0.000000 0.000000 -0.711728 -0.173681 9.184462 -0.445503 -0.267302 -0.133651 -8.069208 0.000000 -0.178201
83 12:00:00.820 0.000000 0.000000 0.000000 0.000000 -0.749344 -0.180805 9.168682 -0.456773 -0.274064 -0.137032 -8.096255 0.000000 -0.182709
84 12:00:00.830 0.000000 0.000000 0.000000 0.000000 -0.742457 -0.157333 9.192097 -0.466790 -0.280074 -0.140037 -8.120297 0.000000 -0.186716
85 12:00:00.840 0.000000 0.000000 0.000000 0.000000 -0.784516 -0.120905 9.145932 -0.475528 -0.285317 -0.142658 -8.141268 0.000000 -0.190211
86 12:00:00.850 0.000000 0.000000 0.000000 0.000000 -0.752788 -0.114423 9.115999 -0.482963 -0.289778 -0.144889 -8.159111 0.000000 -0.193185
87 12:00:00.860 0.000000 0.000000 0.000000 0.000000 -0.823508 -0.071101 9.164575 -0.489074 -0.293444 -0.146722 -8.173777 0.000000 -0.195630
88 12:00:00.870 0.000000 0.000000 0.000000 0.000000 -0.802155 -0.067209 9.117179 -0.493844 -0.296307 -0.148153 -8.185226 0.000000 -0.197538
89 12:00:00.880 0.000000 0.000000 0.000000 0.000000 -0.790958 -0.066205 9.134187 -0.497261 -0.298357 -0.149178 -8.193426 0.000000 -0.198904
90 12:00:00.890 0.000000 0.000000 0.000000 0.000000 -0.784854 -0.012151 9.156630 -0.499315 -0.299589 -0.149794 -8.198355 0.000000 -0.199726
91 12:00:00.900 0.000000 0.000000 0.000000 0.000000 -0.826185 0.021645 9.089143 -0.500000 -0.300000 -0.150000 -8.200000 0.000000 -0.200000
92 12:00:00.910 0.000000 0.000000 0.000000 0.000000 -0.816662 0.012509 9.060984 -0.499315 -0.299589 -0.149794 -8.198355 0.000000 -0.199726
93 12:00:00.920 0.000000 0.000000 0.000000 0.000000 -0.805522 0.015245 9.119126 -0.497261 -0.298357 -0.149178 -8.193426 0.000000 -0.198904
94 12:00:00.930 0.000000 0.000000 0.000000 0.000000 -0.802272 0.061889 9.048732 -0.493844 -0.296307 -0.148153 -8.185226 0.000000 -0.197538
95 12:00:00.940 0.000000 0.000000 0.000000 0.000000 -0.806877 0.072606 9.160475 -0.489074 -0.293444 -0.146722 -8.173777 0.000000 -0.195630
96 12:00:00.950 0.000000 0.000000 0.000000 0.000000 -0.796071 0.131637 9.120456 -0.482963 -0.289778 -0.144889 -8.159111 0.000000 -0.193185
97 12:00:00.960 0.000000 0.000000 0.000000 0.000000 -0.738137 0.093572 9.123078 -0.475528 -0.285317 -0.142658 -8.141268 0.000000 -0.190211
98 12:00:00.970 0.000000 0.000000 0.000000 0.000000 -0.744709 0.151186 9.159215 -0.466790 -0.280074 -0.140037 -8.120297 0.000000 -0.186716
99 12:00:00.980 0.000000 0.000000 0.000000 0.000000 -0.719539 0.180087 9.134187 -0.456773 -0.274064 -0.137032 -8.096255 0.000000 -0.182709
100 12:00:00.990 0.000000 0.000000 0.000000 0.000000 -0.698440 0.168537 9.160848 -0.445503 -0.267302 -0.133651 -8.069208 0.000000 -0.178201
101 12:00:01.000 0.000000 0.000000 0.000000 0.000000 -0.658116 0.187148 9.219085 -0.433013 -0.259808 -0.129904 -8.039230 0.000000 -0.173205
102 12:00:01.010 0.000000 0.000000 0.000000 0.000000 -0.661706 0.225880 9.205892 -0.419335 -0.251601 -0.125801 -8.006405 0.000000 -0.167734
103 12:00:01.020 0.000000 0.000000 0.000000 0.000000 -0.640507 0.263328 9.291445 -0.404508 -0.242705 -0.121353 -7.970820 0.000000 -0.161803
104 12:00:01.030 0.000000 0.000000 0.000000 0.000000 -0.614382 0.266666 9.240857 -0.388573 -0.233144 -0.116572 -7.932575 0.000000 -0.155429
105 12:00:01.040 0.000000 0.000000 0.000000 0.000000 -0.596311 0.269107 9.329682 -0.371572 -0.222943 -0.111472 -7.891774 0.000000 -0.148629
106 12:00:01.050 0.000000 0.000000 0.000000 0.000000 -0.512347 0.284954 9.293578 -0.353553 -0.212132 -0.106066 -7.848528 0.000000 -0.141421
107 12:00:01.060 0.000000 0.000000 0.000000 0.000000 -0.570475 0.303601 9.348449 -0.334565 -0.200739 -0.100370 -7.802957 0.000000 -0.133826
108 12:00:01.070 0.000000 0.000000 0.000000 0.000000 -0.526171 0.312491 9.347301 -0.314660 -0.188796 -0.094398 -7.755184 0.000000 -0.125864
109 12:00:01.080 0.000000 0.000000 0.000000 0.000000 -0.493631 0.311616 9.393627 -0.293893 -0.176336 -0.088168 -7.705342 0.000000 -0.117557
110 12:00:01.090 0.000000 0.000000 0.000000 0.000000 -0.450614 0.321943 9.415718 -0.272320 -0.163392 -0.081696 -7.653567 0.000000 -0.108928
111 12:00:01.100 0.000000 0.000000 0.000000 0.000000 -0.422708 0.361073 9.468444 -0.250000 -0.150000 -0.075000 -7.600000 0.000000 -0.100000
112 12:00:01.110 0.000000 0.000000 0.000000 0.000000 -0.381134 0.349557 9.523877 -0.226995 -0.136197 -0.068099 -7.544789 0.000000 -0.090798
113 12:00:01.120 0.000000 0.000000 0.000000 0.000000 -0.310505 0.378487 9.502962 -0.203368 -0.122021 -0.061010 -7.488084 0.000000 -0.081347
114 12:00:01.130 0.000000 0.000000 0.000000 0.000000 -0.277116 0.378214 9.522846 -0.179184 -0.107510 -0.053755 -7.430042 0.000000 -0.071674
115 12:00:01.140 0.000000 0.000000 0.000000 0.000000 -0.234953 0.365621 9.577080 -0.154508 -0.092705 -0.046353 -7.370820 0.000000 -0.061803
116 12:00:01.150 0.000000 0.000000 0.000000 0.000000 -0.248519 0.360343 9.589173 -0.129410 -0.077646 -0.038823 -7.310583 0.000000 -0.051764
117 12:00:01.160 0.000000 0.000000 0.000000 0.000000 -0.156915 0.402056 9.681809 -0.103956 -0.062374 -0.031187 -7.249494 0.000000 -0.041582
118 12:00:01.170 0.000000 0.000000 0.000000 0.000000 -0.107752 0.418954 9.724247 -0.078217 -0.046930 -0.023465 -7.187721 0.000000 -0.031287
119 12:00:01.180 0.000000 0.000000 0.000000 0.000000 -0.101592 0.393086 9.710730 -0.052264 -0.031359 -0.015679 -7.125434 0.000000 -0.020906
120 12:00:01.190 0.000000 0.000000 0.000000 0.000000 -0.049025 0.370558 9.795895 -0.026168 -0.015701 -0.007850 -7.062803 0.000000 -0.010467
121 12:00:01.200 0.000000 77.239409 1.140598 0.000000 -0.041193 0.390994 9.773430 0.000000 0.000000 0.000000 -7.000000 0.000000 0.000000
122 12:00:01.210 0.000000 91.304609 2.319669 0.866199 0.057643 0.385489 9.883824 0.026168 0.015701 0.007850 -6.937197 0.000000 0.010467
123 12:00:01.220 1.850213 106.325934 1.845266 0.000000 0.098538 0.413068 9.879376 0.052264 0.031359 0.015679 -6.874566 0.000000 0.020906
124 12:00:01.230 0.000000 123.548314 2.267264 0.000000 0.148549 0.388445 9.899749 0.078217 0.046930 0.023465 -6.812279 0.000000 0.031287
125 12:00:01.240 0.134899 142.090274 3.054043 0.000000 0.194341 0.382343 9.944373 0.103956 0.062374 0.031187 -6.750506 0.000000 0.041582
126 12:00:01.250 0.000000 155.924517 2.727948 0.000000 0.242967 0.405086 10.006255 0.129410 0.077646 0.038823 -6.689417 0.000000 0.051764
127 12:00:01.260 0.000000 171.524089 4.219812 0.372352 0.239964 0.366000 10.047490 0.154508 0.092705 0.046353 -6.629180 0.000000 0.061803
128 12:00:01.270 0.840558 183.398562 5.161628 0.000000 0.292012 0.398422 10.051173 0.179184 0.107510 0.053755 -6.569958 0.000000 0.071674
129 12:00:01.280 0.000000 194.544069 6.364849 0.000000 0.347361 0.359747 10.149383 0.203368 0.122021 0.061010 -6.511916 0.000000 0.081347
130 12:00:01.290 0.000000 202.579686 8.266466 0.000000 0.384963 0.343462 10.094859 0.226995 0.136197 0.068099 -6.455211 0.000000 0.090798
131 12:00:01.300 0.252326 209.612886 12.084934 0.129750 0.395887 0.326576 10.171794 0.250000 0.150000 0.075000 -6.400000 0.000000 0.100000
132 12:00:01.310 0.533693 210.092146 13.425655 0.154597 0.435417 0.313464 10.156221 0.272320 0.163392 0.081696 -6.346433 0.000000 0.108928
133 12:00:01.320 0.000000 208.170713 14.366334 0.049642 0.490191 0.339864 10.262941 0.293893 0.176336 0.088168 -6.294658 0.000000 0.117557
134 12:00:01.330 0.000000 202.883350 19.025261 0.000000 0.473752 0.302357 10.248450 0.314660 0.188796 0.094398 -6.244816 0.000000 0.125864
135 12:00:01.340 0.896288 193.201558 21.391573 1.301179 0.530194 0.271886 10.265861 0.334565 0.200739 0.100370 -6.197043 0.000000 0.133826
136 12:00:01.350 0.034874 181.267228 24.896502 0.000000 0.547768 0.281675 10.262788 0.353553 0.212132 0.106066 -6.151472 0.000000 0.141421
137 12:00:01.360 2.184950 170.622880 26.316122 0.929712 0.604800 0.275793 10.371802 0.371572 0.222943 0.111472 -6.108226 0.000000 0.148629
138 12:00:01.370 0.000000 154.909509 32.360835 0.000000 0.629816 0.277656 10.386048 0.388573 0.233144 0.116572 -6.067425 0.000000 0.155429
139 12:00:01.380 1.029824 139.061862 35.944599 0.000000 0.629878 0.242858 10.390062 0.404508 0.242705 0.121353 -6.029180 0.000000 0.161803
140 12:00:01.390 2.399456 123.162695 40.933560 1.232104 0.667962 0.206844 10.346439 0.419335 0.251601 0.125801 -5.993595 0.000000 0.167734
141 12:00:01.400 3.511964 107.678742 45.035261 0.000000 0.698163 0.217226 10.440377 0.433013 0.259808 0.129904 -5.960770 0.000000 0.173205
142 12:00:01.410 5.411121 90.546630 47.755509 2.600011 0.676012 0.193669 10.479811 0.445503 0.267302 0.133651 -5.930792 0.000000 0.178201
143 12:00:01.420 7.086880 76.547368 54.183265 2.048675 0.735239 0.188619 10.419172 0.456773 0.274064 0.137032 -5.903745 0.000000 0.182709
144 12:00:01.430 7.547311 64.626984 58.415858 1.969172 0.752107 0.164340 10.471440 0.466790 0.280074 0.140037 -5.879703 0.000000 0.186716
145 12:00:01.440 10.703696 49.442136 60.793151 2.874386 0.779693 0.151064 10.446602 0.475528 0.285317 0.142658 -5.858732 0.000000 0.190211
146 12:00:01.450 11.741022 40.839248 64.739336 4.532320 0.766070 0.086690 10.510042 0.482963 0.289778 0.144889 -5.840889 0.000000 0.193185
147 12:00:01.460 16.255178 32.654958 67.662797 4.264445 0.802134 0.108522 10.469712 0.489074 0.293444 0.146722 -5.826223 0.000000 0.195630
148 12:00:01.470 20.084727 26.056860 72.102921 5.970678 0.812168 0.041787 10.463840 0.493844 0.296307 0.148153 -5.814774 0.000000 0.197538
149 12:00:01.480 25.144995 19.850679 72.851619 6.365200 0.799332 0.028095 10.569749 0.497261 0.298357 0.149178 -5.806574 0.000000 0.198904
150 12:00:01.490 30.371458 14.718231 75.099777 9.373881 0.805133 0.012511 10.578765 0.499315 0.299589 0.149794 -5.801645 0.000000 0.199726
151 12:00:01.500 36.032202 9.279502 74.113771 11.005136 0.769439 0.008079 10.456991 0.500000 0.300000 0.150000 -5.800000 0.000000 0.200000
152 12:00:01.510 42.881045 9.496972 74.546466 13.269341 0.836403 0.021116 10.486844 0.499315 0.299589 0.149794 -5.801645 0.000000 0.199726
153 12:00:01.520 50.544620 5.248840 74.686404 15.253328 0.835455 -0.072223 10.532907 0.497261 0.298357 0.149178 -5.806574 0.000000 0.198904
154 12:00:01.530 60.257460 3.377963 72.963684 15.574347 0.786096 -0.053280 10.549494 0.493844 0.296307 0.148153 -5.814774 0.000000 0.197538
155 12:00:01.540 69.733428 2.174431 70.770400 19.388565 0.803780 -0.073597 10.535144 0.489074 0.293444 0.146722 -5.826223 0.000000 0.195630
156 12:00:01.550 78.063484 1.830179 68.383364 23.013448 0.807398 -0.083359 10.466824 0.482963 0.289778 0.144889 -5.840889 0.000000 0.193185
157 12:00:01.560 87.235360 0.801688 63.978419 24.776000 0.769299 -0.129157 10.486329 0.475528 0.285317 0.142658 -5.858732 0.000000 0.190211
158 12:00:01.570 98.319132 1.774409 62.194456 26.263674 0.762168 -0.137990 10.478122 0.466790 0.280074 0.140037 -5.879703 0.000000 0.186716
159 12:00:01.580 110.655297 2.022499 58.602819 29.218183 0.697722 -0.168861 10.463301 0.456773 0.274064 0.137032 -5.903745 0.000000 0.182709
160 12:00:01.590 118.237825 1.538391 53.713176 34.311835 0.706962 -0.221909 10.501913 0.445503 0.267302 0.133651 -5.930792 0.000000 0.178201
161 12:00:01.600 128.796793 0.088411 50.169165 37.114032 0.711880 -0.180243 10.404680 0.433013 0.259808 0.129904 -5.960770 0.000000 0.173205
162 12:00:01.610 136.422056 1.101561 44.921532 37.814882 0.684567 -0.216338 10.358305 0.419335 0.251601 0.125801 -5.993595 0.000000 0.167734
163 12:00:01.620 146.015186 0.591409 40.444772 38.451452 0.652490 -0.256180 10.399608 0.404508 0.242705 0.121353 -6.029180 0.000000 0.161803
164 12:00:01.630 150.690613 0.957912 35.539709 40.665417 0.623537 -0.235050 10.337502 0.388573 0.233144 0.116572 -6.067425 0.000000 0.155429
165 12:00:01.640 155.681447 0.126410 30.551456 44.656706 0.597803 -0.267095 10.333098 0.371572 0.222943 0.111472 -6.108226 0.000000 0.148629
166 12:00:01.650 159.617045 1.459180 29.661683 44.169640 0.553826 -0.307282 10.338256 0.353553 0.212132 0.106066 -6.151472 0.000000 0.141421
167 12:00:01.660 160.533391 0.320854 24.622477 46.220405 0.573218 -0.318119 10.281832 0.334565 0.200739 0.100370 -6.197043 0.000000 0.133826
168 12:00:01.670 160.911078 0.079798 23.661423 44.650873 0.525348 -0.306158 10.290692 0.314660 0.188796 0.094398 -6.244816 0.000000 0.125864
169 12:00:01.680 157.807916 0.000000 16.333440 43.884125 0.461703 -0.300163 10.238879 0.293893 0.176336 0.088168 -6.294658 0.000000 0.117557
170 12:00:01.690 154.816365 1.950451 15.979733 43.221039 0.444657 -0.335201 10.196455 0.272320 0.163392 0.081696 -6.346433 0.000000 0.108928
171 12:00:01.700 148.541740 0.582369 12.170676 41.906990 0.374459 -0.380281 10.157169 0.250000 0.150000 0.075000 -6.400000 0.000000 0.100000
172 12:00:01.710 142.346785 0.000000 11.089223 41.532363 0.408876 -0.344560 10.146235 0.226995 0.136197 0.068099 -6.455211 0.000000 0.090798
173 12:00:01.720 134.423185 0.000000 9.168082 39.381256 0.370038 -0.392254 10.127358 0.203368 0.122021 0.061010 -6.511916 0.000000 0.081347
174 12:00:01.730 127.791294 0.423969 6.295502 35.776963 0.281014 -0.375082 10.096533 0.179184 0.107510 0.053755 -6.569958 0.000000 0.071674
175 12:00:01.740 115.617838 0.000000 6.051342 33.398439 0.264581 -0.385839 10.002098 0.154508 0.092705 0.046353 -6.629180 0.000000 0.061803
176 12:00:01.750 106.067874 0.000000 4.702701 29.665721 0.157850 -0.386697 10.000048 0.129410 0.077646 0.038823 -6.689417 0.000000 0.051764
177 12:00:01.760 93.771074 0.000000 4.014959 27.854619 0.167426 -0.417010 10.006826 0.103956 0.062374 0.031187 -6.750506 0.000000 0.041582
178 12:00:01.770 85.650968 0.956305 1.900333 23.822601 0.131937 -0.407755 9.889554 0.078217 0.046930 0.023465 -6.812279 0.000000 0.031287
179 12:00:01.780 75.868393 1.764243 0.000000 20.386949 0.050427 -0.395795 9.908339 0.052264 0.031359 0.015679 -6.874566 0.000000 0.020906
180 12:00:01.790 65.939100 1.040638 0.875790 18.388191 0.066483 -0.394878 9.804969 0.026168 0.015701 0.007850 -6.937197 0.000000 0.010467
181 12:00:01.800 56.820699 0.000000 1.937873 15.507488 -0.016375 -0.411239 9.801637 0.000000 0.000000 0.000000 -7.000000 0.000000 0.000000
182 12:00:01.810 48.625468 0.000000 0.280704 14.477552 -0.031855 -0.387352 9.760114 -0.026168 -0.015701 -0.007850 -7.062803 0.000000 -0.010467
183 12:00:01.820 0.000000 0.000000 0.000000 0.000000 -0.086238 -0.449273 9.701478 -0.052264 -0.031359 -0.015679 -7.125434 0.000000 -0.020906
184 12:00:01.830 0.000000 0.000000 0.000000 0.000000 -0.113796 -0.372240 9.641129 -0.078217 -0.046930 -0.023465 -7.187721 0.000000 -0.031287
185 12:00:01.840 0.000000 0.000000 0.000000 0.000000 -0.138124 -0.411352 9.626432 -0.103956 -0.062374 -0.031187 -7.249494 0.000000 -0.041582
186 12:00:01.850 0.000000 0.000000 0.000000 0.000000 -0.201317 -0.377661 9.685674 -0.129410 -0.077646 -0.038823 -7.310583 0.000000 -0.051764
187 12:00:01.860 0.000000 0.000000 0.000000 0.000000 -0.217203 -0.370988 9.600746 -0.154508 -0.092705 -0.046353 -7.370820 0.000000 -0.061803
188 12:00:01.870 0.000000 0.000000 0.000000 0.000000 -0.280061 -0.366431 9.590611 -0.179184 -0.107510 -0.053755 -7.430042 0.000000 -0.071674
189 12:00:01.880 0.000000 0.000000 0.000000 0.000000 -0.369379 -0.373263 9.565472 -0.203368 -0.122021 -0.061010 -7.488084 0.000000 -0.081347
190 12:00:01.890 0.000000 0.000000 0.000000 0.000000 -0.365810 -0.358099 9.493621 -0.226995 -0.136197 -0.068099 -7.544789 0.000000 -0.090798
191 12:00:01.900 0.000000 0.000000 0.000000 0.000000 -0.375912 -0.345628 9.445604 -0.250000 -0.150000 -0.075000 -7.600000 0.000000 -0.100000
192 12:00:01.910 0.000000 0.000000 0.000000 0.000000 -0.410631 -0.333840 9.373757 -0.272320 -0.163392 -0.081696 -7.653567 0.000000 -0.108928
193 12:00:01.920 0.000000 0.000000 0.000000 0.000000 -0.460486 -0.316374 9.441305 -0.293893 -0.176336 -0.088168 -7.705342 0.000000 -0.117557
194 12:00:01.930 0.000000 0.000000 0.000000 0.000000 -0.522776 -0.283645 9.360329 -0.314660 -0.188796 -0.094398 -7.755184 0.000000 -0.125864
195 12:00:01.940 0.000000 0.000000 0.000000 0.000000 -0.500706 -0.300765 9.316797 -0.334565 -0.200739 -0.100370 -7.802957 0.000000 -0.133826
196 12:00:01.950 0.000000 0.000000 0.000000 0.000000 -0.587384 -0.301746 9.287616 -0.353553 -0.212132 -0.106066 -7.848528 0.000000 -0.141421
197 12:00:01.960 0.000000 0.000000 0.000000 0.000000 -0.585168 -0.302280 9.274048 -0.371572 -0.222943 -0.111472 -7.891774 0.000000 -0.148629
198 12:00:01.970 0.000000 0.000000 0.000000 0.000000 -0.618917 -0.257600 9.264543 -0.388573 -0.233144 -0.116572 -7.932575 0.000000 -0.155429
199 12:00:01.980 0.000000 0.000000 0.000000 0.000000 -0.627734 -0.193176 9.234101 -0.404508 -0.242705 -0.121353 -7.970820 0.000000 -0.161803
200 12:00:01.990 0.000000 0.000000 0.000000 0.000000 -0.666549 -0.213601 9.210805 -0.419335 -0.251601 -0.125801 -8.006405 0.000000 -0.167734
201 12:00:02.000 0.000000 0.000000 0.000000 0.000000 -0.674471 -0.255235 9.215556 -0.433013 -0.259808 -0.129904 -8.039230 0.000000 -0.173205
202 12:00:02.010 0.000000 0.000000 0.000000 0.000000 -0.689567 -0.185756 9.137308 -0.445503 -0.267302 -0.133651 -8.069208 0.000000 -0.178201
203 12:00:02.020 0.000000 0.000000 0.000000 0.000000 -0.720043 -0.169686 9.168069 -0.456773 -0.274064 -0.137032 -8.096255 0.000000 -0.182709
204 12:00:02.030 0.000000 0.000000 0.000000 0.000000 -0.743903 -0.152075 9.181497 -0.466790 -0.280074 -0.140037 -8.120297 0.000000 -0.186716
205 12:00:02.040 0.000000 0.000000 0.000000 0.000000 -0.740860 -0.102529 9.143043 -0.475528 -0.285317 -0.142658 -8.141268 0.000000 -0.190211
206 12:00:02.050 0.000000 0.000000 0.000000 0.000000 -0.776991 -0.124869 9.112845 -0.482963 -0.289778 -0.144889 -8.159111 0.000000 -0.193185
207 12:00:02.060 0.000000 0.000000 0.000000 0.000000 -0.798740 -0.099736 9.159821 -0.489074 -0.293444 -0.146722 -8.173777 0.000000 -0.195630
208 12:00:02.070 0.000000 0.000000 0.000000 0.000000 -0.789728 -0.058716 9.150133 -0.493844 -0.296307 -0.148153 -8.185226 0.000000 -0.197538
209 12:00:02.080 0.000000 0.000000 0.000000 0.000000 -0.809008 -0.088521 9.143082 -0.497261 -0.298357 -0.149178 -8.193426 0.000000 -0.198904
210 12:00:02.090 0.000000 0.000000 0.000000 0.000000 -0.807306 0.007542 9.128346 -0.499315 -0.299589 -0.149794 -8.198355 0.000000 -0.199726
211 12:00:02.100 0.000000 0.000000 0.000000 0.000000 -0.810089 0.017128 9.126226 -0.500000 -0.300000 -0.150000 -8.200000 0.000000 -0.200000
212 12:00:02.110 0.000000 0.000000 0.000000 0.000000 -0.815754 0.029533 9.142226 -0.499315 -0.299589 -0.149794 -8.198355 0.000000 -0.199726
213 12:00:02.120 0.000000 0.000000 0.000000 0.000000 -0.817152 0.038470 9.121034 -0.497261 -0.298357 -0.149178 -8.193426 0.000000 -0.198904
214 12:00:02.130 0.000000 0.000000 0.000000 0.000000 -0.765700 0.061942 9.063891 -0.493844 -0.296307 -0.148153 -8.185226 0.000000 -0.197538
215 12:00:02.140 0.000000 0.000000 0.000000 0.000000 -0.740012 0.109545 9.188659 -0.489074 -0.293444 -0.146722 -8.173777 0.000000 -0.195630
216 12:00:02.150 0.000000 0.000000 0.000000 0.000000 -0.775374 0.136488 9.133486 -0.482963 -0.289778 -0.144889 -8.159111 0.000000 -0.193185
217 12:00:02.160 0.000000 0.000000 0.000000 0.000000 -0.727191 0.104552 9.057850 -0.475528 -0.285317 -0.142658 -8.141268 0.000000 -0.190211
218 12:00:02.170 0.000000 0.000000 0.000000 0.000000 -0.730359 0.128330 9.137822 -0.466790 -0.280074 -0.140037 -8.120297 0.000000 -0.186716
219 12:00:02.180 0.000000 0.000000 0.000000 0.000000 -0.756009 0.141933 9.205974 -0.456773 -0.274064 -0.137032 -8.096255 0.000000 -0.182709
220 12:00:02.190 0.000000 0.000000 0.000000 0.000000 -0.706880 0.197471 9.198275 -0.445503 -0.267302 -0.133651 -8.069208 0.000000 -0.178201
221 12:00:02.200 0.000000 0.000000 0.000000 0.000000 -0.688113 0.210871 9.178838 -0.433013 -0.259808 -0.129904 -8.039230 0.000000 -0.173205
222 12:00:02.210 0.000000 0.000000 0.000000 0.000000 -0.662498 0.216649 9.250812 -0.419335 -0.251601 -0.125801 -8.006405 0.000000 -0.167734
223 12:00:02.220 0.000000 0.000000 0.000000 0.000000 -0.639708 0.236183 9.267677 -0.404508 -0.242705 -0.121353 -7.970820 0.000000 -0.161803
224 12:00:02.230 0.000000 0.000000 0.000000 0.000000 -0.631360 0.284336 9.276328 -0.388573 -0.233144 -0.116572 -7.932575 0.000000 -0.155429
225 12:00:02.240 0.000000 0.000000 0.000000 0.000000 -0.571441 0.226495 9.257931 -0.371572 -0.222943 -0.111472 -7.891774 0.000000 -0.148629
226 12:00:02.250 0.000000 0.000000 0.000000 0.000000 -0.546064 0.327855 9.325705 -0.353553 -0.212132 -0.106066 -7.848528 0.000000 -0.141421
227 12:00:02.260 0.000000 0.000000 0.000000 0.000000 -0.555013 0.288397 9.335201 -0.334565 -0.200739 -0.100370 -7.802957 0.000000 -0.133826
228 12:00:02.270 0.000000 0.000000 0.000000 0.000000 -0.506218 0.301065 9.381154 -0.314660 -0.188796 -0.094398 -7.755184 0.000000 -0.125864
229 12:00:02.280 0.000000 0.000000 0.000000 0.000000 -0.441158 0.312334 9.363500 -0.293893 -0.176336 -0.088168 -7.705342 0.000000 -0.117557
230 12:00:02.290 0.000000 0.000000 0.000000 0.000000 -0.412655 0.367105 9.431225 -0.272320 -0.163392 -0.081696 -7.653567 0.000000 -0.108928
231 12:00:02.300 0.000000 0.000000 0.000000 0.000000 -0.391570 0.354751 9.490274 -0.250000 -0.150000 -0.075000 -7.600000 0.000000 -0.100000
232 12:00:02.310 0.000000 0.000000 0.000000 0.000000 -0.388023 0.347732 9.488490 -0.226995 -0.136197 -0.068099 -7.544789 0.000000 -0.090798
233 12:00:02.320 0.000000 0.000000 0.000000 0.000000 -0.343306 0.387651 9.516913 -0.203368 -0.122021 -0.061010 -7.488084 0.000000 -0.081347
234 12:00:02.330 0.000000 0.000000 0.000000 0.000000 -0.273216 0.384950 9.505006 -0.179184 -0.107510 -0.053755 -7.430042 0.000000 -0.071674
235 12:00:02.340 0.000000 0.000000 0.000000 0.000000 -0.216976 0.416314 9.564796 -0.154508 -0.092705 -0.046353 -7.370820 0.000000 -0.061803
236 12:00:02.350 0.000000 0.000000 0.000000 0.000000 -0.197735 0.372280 9.709194 -0.129410 -0.077646 -0.038823 -7.310583 0.000000 -0.051764
237 12:00:02.360 0.000000 0.000000 0.000000 0.000000 -0.194499 0.401612 9.673809 -0.103956 -0.062374 -0.031187 -7.249494 0.000000 -0.041582
238 12:00:02.370 0.000000 0.000000 0.000000 0.000000 -0.143892 0.387105 9.680620 -0.078217 -0.046930 -0.023465 -7.187721 0.000000 -0.031287
239 12:00:02.380 0.000000 0.000000 0.000000 0.000000 -0.087533 0.368738 9.711282 -0.052264 -0.031359 -0.015679 -7.125434 0.000000 -0.020906
240 12:00:02.390 0.000000 0.000000 0.000000 0.000000 -0.079142 0.388405 9.781892 -0.026168 -0.015701 -0.007850 -7.062803 0.000000 -0.010467
241 12:00:02.400 0.000000 78.170376 0.061380 0.782850 0.014609 0.413811 9.826458 0.000000 0.000000 0.000000 -7.000000 0.000000 0.000000
242 12:00:02.410 0.978542 95.102618 2.262997 0.000000 0.017660 0.405483 9.878020 0.026168 0.015701 0.007850 -6.937197 0.000000 0.010467
243 12:00:02.420 0.337484 107.151926 3.373091 0.000000 0.103159 0.419676 9.874000 0.052264 0.031359 0.015679 -6.874566 0.000000 0.020906
244 12:00:02.430 1.446731 124.103800 2.597376 0.000000 0.134312 0.396656 9.971822 0.078217 0.046930 0.023465 -6.812279 0.000000 0.031287
245 12:00:02.440 1.309636 140.517709 4.298904 0.000000 0.194119 0.393485 9.906975 0.103956 0.062374 0.031187 -6.750506 0.000000 0.041582
246 12:00:02.450 0.000000 157.032123 3.374645 0.000000 0.200663 0.406588 9.986743 0.129410 0.077646 0.038823 -6.689417 0.000000 0.051764
247 12:00:02.460 0.000000 170.451167 4.262195 0.835716 0.238454 0.374272 10.001502 0.154508 0.092705 0.046353 -6.629180 0.000000 0.061803
248 12:00:02.470 0.000000 182.684798 7.394242 0.000000 0.287336 0.392213 10.027779 0.179184 0.107510 0.053755 -6.569958 0.000000 0.071674
249 12:00:02.480 0.621970 196.345357 6.312899 0.368983 0.368778 0.394867 10.032572 0.203368 0.122021 0.061010 -6.511916 0.000000 0.081347
250 12:00:02.490 0.000000 202.731907 8.017639 0.152521 0.368456 0.315002 10.105164 0.226995 0.136197 0.068099 -6.455211 0.000000 0.090798
251 12:00:02.500 0.403189 208.572688 10.506723 0.000000 0.401057 0.357946 10.147270 0.250000 0.150000 0.075000 -6.400000 0.000000 0.100000
252 12:00:02.510 0.000000 212.211860 12.254482 0.000000 0.419819 0.327378 10.186186 0.272320 0.163392 0.081696 -6.346433 0.000000 0.108928
253 12:00:02.520 0.000000 207.784872 14.808203 0.000000 0.502568 0.362375 10.203778 0.293893 0.176336 0.088168 -6.294658 0.000000 0.117557
254 12:00:02.530 0.000000 203.440065 18.173420 0.000000 0.533148 0.327020 10.296318 0.314660 0.188796 0.094398 -6.244816 0.000000 0.125864
255 12:00:02.540 0.000000 193.971133 21.270619 0.216446 0.550038 0.287413 10.257429 0.334565 0.200739 0.100370 -6.197043 0.000000 0.133826
256 12:00:02.550 2.611613 184.074521 24.817723 1.419376 0.567493 0.268868 10.248978 0.353553 0.212132 0.106066 -6.151472 0.000000 0.141421
257 12:00:02.560 0.000000 170.294964 28.769463 0.000000 0.591622 0.264808 10.351311 0.371572 0.222943 0.111472 -6.108226 0.000000 0.148629
258 12:00:02.570 2.131167 156.607051 31.908901 0.000000 0.599252 0.204868 10.316313 0.388573 0.233144 0.116572 -6.067425 0.000000 0.155429
259 12:00:02.580 2.454784 138.181334 37.232804 1.514634 0.666161 0.267169 10.387838 0.404508 0.242705 0.121353 -6.029180 0.000000 0.161803
260 12:00:02.590 1.356201 121.350424 42.446853 1.575056 0.675251 0.212308 10.457393 0.419335 0.251601 0.125801 -5.993595 0.000000 0.167734
261 12:00:02.600 2.167442 108.389803 44.084140 0.794493 0.708344 0.214854 10.463042 0.433013 0.259808 0.129904 -5.960770 0.000000 0.173205
262 12:00:02.610 4.310547 91.318844 49.075075 0.918234 0.694042 0.175212 10.430462 0.445503 0.267302 0.133651 -5.930792 0.000000 0.178201
263 12:00:02.620 5.959655 76.728423 52.492068 1.666852 0.733015 0.157254 10.479915 0.456773 0.274064 0.137032 -5.903745 0.000000 0.182709
264 12:00:02.630 6.855892 63.909552 58.391664 2.541059 0.788006 0.136775 10.480027 0.466790 0.280074 0.140037 -5.879703 0.000000 0.186716
265 12:00:02.640 10.212531 51.131307 61.627708 3.403424 0.804806 0.139280 10.487161 0.475528 0.285317 0.142658 -5.858732 0.000000 0.190211
266 12:00:02.650 14.257447 40.494370 65.301338 3.745785 0.726663 0.080174 10.463553 0.482963 0.289778 0.144889 -5.840889 0.000000 0.193185
267 12:00:02.660 17.160187 32.282114 68.606347 3.430161 0.803276 0.075815 10.542865 0.489074 0.293444 0.146722 -5.826223 0.000000 0.195630
268 12:00:02.670 18.909363 24.814875 69.850471 6.116799 0.793304 0.062462 10.501153 0.493844 0.296307 0.148153 -5.814774 0.000000 0.197538
269 12:00:02.680 21.360910 19.988382 72.866522 7.326856 0.819311 0.026495 10.537727 0.497261 0.298357 0.149178 -5.806574 0.000000 0.198904
270 12:00:02.690 29.605265 15.043227 75.603409 8.425669 0.807919 0.019435 10.509349 0.499315 0.299589 0.149794 -5.801645 0.000000 0.199726
271 12:00:02.700 35.607568 9.049976 73.228229 8.890702 0.796403 0.024235 10.535988 0.500000 0.300000 0.150000 -5.800000 0.000000 0.200000
272 12:00:02.710 43.435090 8.457277 74.738868 11.379679 0.759898 -0.021446 10.488192 0.499315 0.299589 0.149794 -5.801645 0.000000 0.199726
273 12:00:02.720 49.795820 5.260859 72.495455 14.856906 0.827822 -0.052749 10.546297 0.497261 0.298357 0.149178 -5.806574 0.000000 0.198904
274 12:00:02.730 59.588058 2.828282 70.868644 16.182103 0.785868 -0.083700 10.498106 0.493844 0.296307 0.148153 -5.814774 0.000000 0.197538
275 12:00:02.740 69.783531 1.319045 70.432081 18.930762 0.796313 -0.071202 10.490394 0.489074 0.293444 0.146722 -5.826223 0.000000 0.195630
276 12:00:02.750 77.678339 0.135149 67.112362 20.950714 0.784155 -0.108650 10.477116 0.482963 0.289778 0.144889 -5.840889 0.000000 0.193185
277 12:00:02.760 87.804084 0.259971 66.265668 24.645807 0.773771 -0.096443 10.481473 0.475528 0.285317 0.142658 -5.858732 0.000000 0.190211
278 12:00:02.770 98.702724 1.952362 63.193900 28.226717 0.740883 -0.138813 10.460619 0.466790 0.280074 0.140037 -5.879703 0.000000 0.186716
279 12:00:02.780 109.320729 0.673266 56.837820 31.075901 0.716771 -0.143606 10.449467 0.456773 0.274064 0.137032 -5.903745 0.000000 0.182709
280 12:00:02.790 119.104848 0.000000 53.263882 33.605314 0.709367 -0.172662 10.418901 0.445503 0.267302 0.133651 -5.930792 0.000000 0.178201
281 12:00:02.800 127.534096 2.145860 48.996661 36.846620 0.679848 -0.199291 10.407608 0.433013 0.259808 0.129904 -5.960770 0.000000 0.173205
282 12:00:02.810 136.997437 1.555237 46.601089 39.553363 0.675128 -0.228965 10.408062 0.419335 0.251601 0.125801 -5.993595 0.000000 0.167734
283 12:00:02.820 144.150113 0.705498 41.222851 41.134612 0.662579 -0.220746 10.372958 0.404508 0.242705 0.121353 -6.029180 0.000000 0.161803
284 12:00:02.830 150.777466 1.665522 36.077632 41.603499 0.627178 -0.260690 10.342846 0.388573 0.233144 0.116572 -6.067425 0.000000 0.155429
285 12:00:02.840 154.053224 1.075616 31.107573 43.340961 0.631745 -0.254341 10.300718 0.371572 0.222943 0.111472 -6.108226 0.000000 0.148629
286 12:00:02.850 159.455985 0.000000 27.208471 43.226068 0.576799 -0.284080 10.296258 0.353553 0.212132 0.106066 -6.151472 0.000000 0.141421
287 12:00:02.860 158.953612 0.402868 22.119094 45.004045 0.545086 -0.294004 10.223876 0.334565 0.200739 0.100370 -6.197043 0.000000 0.133826
288 12:00:02.870 159.793970 0.824045 20.776390 43.586056 0.527468 -0.267170 10.261965 0.314660 0.188796 0.094398 -6.244816 0.000000 0.125864
289 12:00:02.880 158.563480 1.635436 18.385506 44.886751 0.500293 -0.326114 10.261721 0.293893 0.176336 0.088168 -6.294658 0.000000 0.117557
290 12:00:02.890 154.748821 0.000000 17.054079 43.761213 0.409379 -0.343435 10.244849 0.272320 0.163392 0.081696 -6.346433 0.000000 0.108928
291 12:00:02.900 148.646141 0.000000 12.129369 40.891914 0.384911 -0.339248 10.127740 0.250000 0.150000 0.075000 -6.400000 0.000000 0.100000
292 12:00:02.910 144.139375 0.000000 10.520937 39.267775 0.348302 -0.386182 10.095626 0.226995 0.136197 0.068099 -6.455211 0.000000 0.090798
293 12:00:02.920 135.092253 1.101112 8.857277 37.278915 0.328869 -0.343970 10.087015 0.203368 0.122021 0.061010 -6.511916 0.000000 0.081347
294 12:00:02.930 125.607522 0.000000 6.991217 36.970120 0.283759 -0.384443 10.072981 0.179184 0.107510 0.053755 -6.569958 0.000000 0.071674
295 12:00:02.940 114.320903 1.611819 6.275150 32.976414 0.257587 -0.389509 10.018721 0.154508 0.092705 0.046353 -6.629180 0.000000 0.061803
296 12:00:02.950 104.244812 0.000000 4.921533 30.726467 0.215651 -0.409065 9.956578 0.129410 0.077646 0.038823 -6.689417 0.000000 0.051764
297 12:00:02.960 95.490986 1.777226 4.746912 28.151980 0.179156 -0.389082 9.917095 0.103956 0.062374 0.031187 -6.750506 0.000000 0.041582
298 12:00:02.970 84.504853 0.000000 3.002809 22.854110 0.080479 -0.395324 9.869656 0.078217 0.046930 0.023465 -6.812279 0.000000 0.031287
299 12:00:02.980 75.390676 0.998221 0.477168 21.141444 0.105304 -0.438540 9.874284 0.052264 0.031359 0.015679 -6.874566 0.000000 0.020906
300 12:00:02.990 66.182678 0.000000 1.470088 18.891065 0.063638 -0.357313 9.850952 0.026168 0.015701 0.007850 -6.937197 0.000000 0.010467
301 12:00:03.000 56.372165 0.000000 0.000000 16.857935 -0.019898 -0.410341 9.822594 0.000000 0.000000 0.000000 -7.000000 0.000000 0.000000
302 12:00:03.010 47.600617 0.000000 0.739171 13.378028 -0.042458 -0.385645 9.740161 -0.026168 -0.015701 -0.007850 -7.062803 0.000000 -0.010467
303 12:00:03.020 0.000000 0.000000 0.000000 0.000000 -0.075598 -0.386924 9.750740 -0.052264 -0.031359 -0.015679 -7.125434 0.000000 -0.020906
304 12:00:03.030 0.000000 0.000000 0.000000 0.000000 -0.125926 -0.392638 9.708269 -0.078217 -0.046930 -0.023465 -7.187721 0.000000 -0.031287
305 12:00:03.040 0.000000 0.000000 0.000000 0.000000 -0.199502 -0.391166 9.683891 -0.103956 -0.062374 -0.031187 -7.249494 0.000000 -0.041582
306 12:00:03.050 0.000000 0.000000 0.000000 0.000000 -0.193509 -0.399328 9.641217 -0.129410 -0.077646 -0.038823 -7.310583 0.000000 -0.051764
307 12:00:03.060 0.000000 0.000000 0.000000 0.000000 -0.241285 -0.334046 9.576976 -0.154508 -0.092705 -0.046353 -7.370820 0.000000 -0.061803
308 12:00:03.070 0.000000 0.000000 0.000000 0.000000 -0.278847 -0.378109 9.562727 -0.179184 -0.107510 -0.053755 -7.430042 0.000000 -0.071674
309 12:00:03.080 0.000000 0.000000 0.000000 0.000000 -0.345116 -0.371544 9.508585 -0.203368 -0.122021 -0.061010 -7.488084 0.000000 -0.081347
310 12:00:03.090 0.000000 0.000000 0.000000 0.000000 -0.379097 -0.343014 9.522260 -0.226995 -0.136197 -0.068099 -7.544789 0.000000 -0.090798
311 12:00:03.100 0.000000 0.000000 0.000000 0.000000 -0.359154 -0.385571 9.455619 -0.250000 -0.150000 -0.075000 -7.600000 0.000000 -0.100000
312 12:00:03.110 0.000000 0.000000 0.000000 0.000000 -0.398922 -0.339642 9.405291 -0.272320 -0.163392 -0.081696 -7.653567 0.000000 -0.108928
313 12:00:03.120 0.000000 0.000000 0.000000 0.000000 -0.456210 -0.351853 9.455740 -0.293893 -0.176336 -0.088168 -7.705342 0.000000 -0.117557
314 12:00:03.130 0.000000 0.000000 0.000000 0.000000 -0.477634 -0.297936 9.285949 -0.314660 -0.188796 -0.094398 -7.755184 0.000000 -0.125864
315 12:00:03.140 0.000000 0.000000 0.000000 0.000000 -0.497311 -0.308383 9.360628 -0.334565 -0.200739 -0.100370 -7.802957 0.000000 -0.133826
316 12:00:03.150 0.000000 0.000000 0.000000 0.000000 -0.568295 -0.261991 9.294674 -0.353553 -0.212132 -0.106066 -7.848528 0.000000 -0.141421
317 12:00:03.160 0.000000 0.000000 0.000000 0.000000 -0.571365 -0.262132 9.243022 -0.371572 -0.222943 -0.111472 -7.891774 0.000000 -0.148629
318 12:00:03.170 0.000000 0.000000 0.000000 0.000000 -0.642961 -0.236903 9.238548 -0.388573 -0.233144 -0.116572 -7.932575 0.000000 -0.155429
319 12:00:03.180 0.000000 0.000000 0.000000 0.000000 -0.654344 -0.231427 9.283043 -0.404508 -0.242705 -0.121353 -7.970820 0.000000 -0.161803
320 12:00:03.190 0.000000 0.000000 0.000000 0.000000 -0.666730 -0.201286 9.245304 -0.419335 -0.251601 -0.125801 -8.006405 0.000000 -0.167734
321 12:00:03.200 0.000000 0.000000 0.000000 0.000000 -0.690477 -0.215686 9.158454 -0.433013 -0.259808 -0.129904 -8.039230 0.000000 -0.173205
322 12:00:03.210 0.000000 0.000000 0.000000 0.000000 -0.709377 -0.169048 9.155430 -0.445503 -0.267302 -0.133651 -8.069208 0.000000 -0.178201
323 12:00:03.220 0.000000 0.000000 0.000000 0.000000 -0.721217 -0.181721 9.221100 -0.456773 -0.274064 -0.137032 -8.096255 0.000000 -0.182709
324 12:00:03.230 0.000000 0.000000 0.000000 0.000000 -0.777813 -0.119369 9.118217 -0.466790 -0.280074 -0.140037 -8.120297 0.000000 -0.186716
325 12:00:03.240 0.000000 0.000000 0.000000 0.000000 -0.732348 -0.132653 9.158151 -0.475528 -0.285317 -0.142658 -8.141268 0.000000 -0.190211
326 12:00:03.250 0.000000 0.000000 0.000000 0.000000 -0.785406 -0.128228 9.066862 -0.482963 -0.289778 -0.144889 -8.159111 0.000000 -0.193185
327 12:00:03.260 0.000000 0.000000 0.000000 0.000000 -0.788493 -0.060448 9.085692 -0.489074 -0.293444 -0.146722 -8.173777 0.000000 -0.195630
328 12:00:03.270 0.000000 0.000000 0.000000 0.000000 -0.779465 -0.066365 9.125169 -0.493844 -0.296307 -0.148153 -8.185226 0.000000 -0.197538
329 12:00:03.280 0.000000 0.000000 0.000000 0.000000 -0.771589 -0.031661 9.100504 -0.497261 -0.298357 -0.149178 -8.193426 0.000000 -0.198904
330 12:00:03.290 0.000000 0.000000 0.000000 0.000000 -0.831043 -0.018376 9.064255 -0.499315 -0.299589 -0.149794 -8.198355 0.000000 -0.199726
331 12:00:03.300 0.000000 0.000000 0.000000 0.000000 -0.782161 -0.010635 9.082849 -0.500000 -0.300000 -0.150000 -8.200000 0.000000 -0.200000
332 12:00:03.310 0.000000 0.000000 0.000000 0.000000 -0.765927 0.055733 9.076062 -0.499315 -0.299589 -0.149794 -8.198355 0.000000 -0.199726
333 12:00:03.320 0.000000 0.000000 0.000000 0.000000 -0.831064 0.058007 9.113524 -0.497261 -0.298357 -0.149178 -8.193426 0.000000 -0.198904
334 12:00:03.330 0.000000 0.000000 0.000000 0.000000 -0.765730 0.071342 9.078443 -0.493844 -0.296307 -0.148153 -8.185226 0.000000 -0.197538
335 12:00:03.340 0.000000 0.000000 0.000000 0.000000 -0.815923 0.063818 9.190776 -0.489074 -0.293444 -0.146722 -8.173777 0.000000 -0.195630
336 12:00:03.350 0.000000 0.000000 0.000000 0.000000 -0.798810 0.097040 9.173839 -0.482963 -0.289778 -0.144889 -8.159111 0.000000 -0.193185
337 12:00:03.360 0.000000 0.000000 0.000000 0.000000 -0.780528 0.114625 9.180313 -0.475528 -0.285317 -0.142658 -8.141268 0.000000 -0.190211
338 12:00:03.370 0.000000 0.000000 0.000000 0.000000 -0.773519 0.141180 9.200119 -0.466790 -0.280074 -0.140037 -8.120297 0.000000 -0.186716
339 12:00:03.380 0.000000 0.000000 0.000000 0.000000 -0.715157 0.166430 9.162186 -0.456773 -0.274064 -0.137032 -8.096255 0.000000 -0.182709
340 12:00:03.390 0.000000 0.000000 0.000000 0.000000 -0.713302 0.175026 9.190618 -0.445503 -0.267302 -0.133651 -8.069208 0.000000 -0.178201
341 12:00:03.400 0.000000 0.000000 0.000000 0.000000 -0.677598 0.217605 9.254885 -0.433013 -0.259808 -0.129904 -8.039230 0.000000 -0.173205
342 12:00:03.410 0.000000 0.000000 0.000000 0.000000 -0.681851 0.212533 9.191628 -0.419335 -0.251601 -0.125801 -8.006405 0.000000 -0.167734
343 12:00:03.420 0.000000 0.000000 0.000000 0.000000 -0.680269 0.232328 9.231105 -0.404508 -0.242705 -0.121353 -7.970820 0.000000 -0.161803
344 12:00:03.430 0.000000 0.000000 0.000000 0.000000 -0.625412 0.248468 9.294718 -0.388573 -0.233144 -0.116572 -7.932575 0.000000 -0.155429
345 12:00:03.440 0.000000 0.000000 0.000000 0.000000 -0.628056 0.245594 9.310958 -0.371572 -0.222943 -0.111472 -7.891774 0.000000 -0.148629
346 12:00:03.450 0.000000 0.000000 0.000000 0.000000 -0.599001 0.264925 9.280145 -0.353553 -0.212132 -0.106066 -7.848528 0.000000 -0.141421
347 12:00:03.460 0.000000 0.000000 0.000000 0.000000 -0.546673 0.278617 9.389636 -0.334565 -0.200739 -0.100370 -7.802957 0.000000 -0.133826
348 12:00:03.470 0.000000 0.000000 0.000000 0.000000 -0.489095 0.316900 9.391361 -0.314660 -0.188796 -0.094398 -7.755184 0.000000 -0.125864
349 12:00:03.480 0.000000 0.000000 0.000000 0.000000 -0.456987 0.317505 9.398329 -0.293893 -0.176336 -0.088168 -7.705342 0.000000 -0.117557
350 12:00:03.490 0.000000 0.000000 0.000000 0.000000 -0.389348 0.312442 9.451837 -0.272320 -0.163392 -0.081696 -7.653567 0.000000 -0.108928
351 12:00:03.500 0.000000 0.000000 0.000000 0.000000 -0.424752 0.319564 9.515219 -0.250000 -0.150000 -0.075000 -7.600000 0.000000 -0.100000
352 12:00:03.510 0.000000 0.000000 0.000000 0.000000 -0.305154 0.320428 9.479810 -0.226995 -0.136197 -0.068099 -7.544789 0.000000 -0.090798
353 12:00:03.520 0.000000 0.000000 0.000000 0.000000 -0.334844 0.339517 9.526076 -0.203368 -0.122021 -0.061010 -7.488084 0.000000 -0.081347
354 12:00:03.530 0.000000 0.000000 0.000000 0.000000 -0.270256 0.366416 9.563678 -0.179184 -0.107510 -0.053755 -7.430042 0.000000 -0.071674
355 12:00:03.540 0.000000 0.000000 0.000000 0.000000 -0.269512 0.374543 9.584365 -0.154508 -0.092705 -0.046353 -7.370820 0.000000 -0.061803
356 12:00:03.550 0.000000 0.000000 0.000000 0.000000 -0.217460 0.361945 9.671134 -0.129410 -0.077646 -0.038823 -7.310583 0.000000 -0.051764
357 12:00:03.560 0.000000 0.000000 0.000000 0.000000 -0.163937 0.387100 9.651979 -0.103956 -0.062374 -0.031187 -7.249494 0.000000 -0.041582
358 12:00:03.570 0.000000 0.000000 0.000000 0.000000 -0.104280 0.394634 9.698102 -0.078217 -0.046930 -0.023465 -7.187721 0.000000 -0.031287
359 12:00:03.580 0.000000 0.000000 0.000000 0.000000 -0.074554 0.384132 9.762083 -0.052264 -0.031359 -0.015679 -7.125434 0.000000 -0.020906
360 12:00:03.590 0.000000 0.000000 0.000000 0.000000 -0.028328 0.379278 9.731828 -0.026168 -0.015701 -0.007850 -7.062803 0.000000 -0.010467
361 12:00:03.600 0.000000 77.349338 1.268513 0.695129 0.036557 0.411044 9.852568 0.000000 0.000000 0.000000 -7.000000 0.000000 0.000000
362 12:00:03.610 0.000000 90.965664 1.863054 0.085095 0.044110 0.420665 9.853150 0.026168 0.015701 0.007850 -6.937197 0.000000 0.010467
363 12:00:03.620 0.000000 107.573662 1.556172 0.000000 0.045791 0.367527 9.866086 0.052264 0.031359 0.015679 -6.874566 0.000000 0.020906
364 12:00:03.630 0.000000 122.502812 1.254499 1.358019 0.120707 0.418424 9.883408 0.078217 0.046930 0.023465 -6.812279 0.000000 0.031287
365 12:00:03.640 1.591750 140.324850 3.161890 0.000000 0.137416 0.364257 9.946260 0.103956 0.062374 0.031187 -6.750506 0.000000 0.041582
366 12:00:03.650 0.000000 154.564737 2.236384 0.000000 0.223143 0.370275 9.977192 0.129410 0.077646 0.038823 -6.689417 0.000000 0.051764
367 12:00:03.660 0.000000 171.304012 3.356213 0.000000 0.229152 0.372128 10.067743 0.154508 0.092705 0.046353 -6.629180 0.000000 0.061803
368 12:00:03.670 0.000000 184.299600 6.156984 0.000000 0.275188 0.353183 10.136468 0.179184 0.107510 0.053755 -6.569958 0.000000 0.071674
369 12:00:03.680 0.000000 196.241429 7.439436 0.000000 0.347451 0.359549 10.042339 0.203368 0.122021 0.061010 -6.511916 0.000000 0.081347
370 12:00:03.690 0.000000 204.053594 8.210329 0.621258 0.366306 0.339630 10.031694 0.226995 0.136197 0.068099 -6.455211 0.000000 0.090798
371 12:00:03.700 0.815642 207.852568 10.643328 0.000000 0.399106 0.313102 10.155370 0.250000 0.150000 0.075000 -6.400000 0.000000 0.100000
372 12:00:03.710 0.000000 209.354416 14.189858 0.000000 0.449205 0.346463 10.149416 0.272320 0.163392 0.081696 -6.346433 0.000000 0.108928
373 12:00:03.720 1.797517 209.433351 15.449797 0.748872 0.490017 0.320331 10.171585 0.293893 0.176336 0.088168 -6.294658 0.000000 0.117557
374 12:00:03.730 1.339006 202.942868 18.096045 0.000000 0.491038 0.305005 10.244997 0.314660 0.188796 0.094398 -6.244816 0.000000 0.125864
375 12:00:03.740 0.000000 193.191458 21.433160 0.117506 0.539547 0.291490 10.300229 0.334565 0.200739 0.100370 -6.197043 0.000000 0.133826
376 12:00:03.750 1.004226 183.476938 23.729719 0.000000 0.569030 0.285252 10.278872 0.353553 0.212132 0.106066 -6.151472 0.000000 0.141421
377 12:00:03.760 1.673371 169.940599 25.842515 2.761173 0.593056 0.282445 10.316674 0.371572 0.222943 0.111472 -6.108226 0.000000 0.148629
378 12:00:03.770 0.447187 154.679933 31.361744 0.453616 0.611091 0.231913 10.401437 0.388573 0.233144 0.116572 -6.067425 0.000000 0.155429
379 12:00:03.780 1.861620 139.541550 34.294416 0.000000 0.638001 0.223280 10.413163 0.404508 0.242705 0.121353 -6.029180 0.000000 0.161803
380 12:00:03.790 2.015924 122.117005 41.112954 0.000000 0.669567 0.194668 10.427991 0.419335 0.251601 0.125801 -5.993595 0.000000 0.167734
381 12:00:03.800 1.957744 108.097268 44.533301 0.099690 0.677185 0.210273 10.381195 0.433013 0.259808 0.129904 -5.960770 0.000000 0.173205
382 12:00:03.810 5.056730 91.199202 48.739916 1.572945 0.729661 0.173599 10.433042 0.445503 0.267302 0.133651 -5.930792 0.000000 0.178201
383 12:00:03.820 6.529794 75.929905 52.881547 0.717128 0.756617 0.152834 10.415480 0.456773 0.274064 0.137032 -5.903745 0.000000 0.182709
384 12:00:03.830 8.331469 63.358219 57.509389 1.715404 0.763210 0.157099 10.531420 0.466790 0.280074 0.140037 -5.879703 0.000000 0.186716
385 12:00:03.840 10.695057 51.458780 61.954386 2.592519 0.743280 0.158952 10.470086 0.475528 0.285317 0.142658 -5.858732 0.000000 0.190211
386 12:00:03.850 12.344244 40.453826 65.173391 3.838598 0.757871 0.099835 10.454161 0.482963 0.289778 0.144889 -5.840889 0.000000 0.193185
387 12:00:03.860 17.926743 30.935928 68.891538 6.223364 0.838258 0.037277 10.535695 0.489074 0.293444 0.146722 -5.826223 0.000000 0.195630
388 12:00:03.870 18.912991 24.493908 71.118318 5.297950 0.766764 0.081366 10.512911 0.493844 0.296307 0.148153 -5.814774 0.000000 0.197538
389 12:00:03.880 26.204429 19.718478 72.614953 9.564491 0.812151 0.054006 10.558967 0.497261 0.298357 0.149178 -5.806574 0.000000 0.198904
390 12:00:03.890 31.074590 14.651683 72.792980 7.751532 0.794785 0.019072 10.485723 0.499315 0.299589 0.149794 -5.801645 0.000000 0.199726
391 12:00:03.900 36.566934 8.924468 72.938355 9.159522 0.798783 -0.009828 10.528512 0.500000 0.300000 0.150000 -5.800000 0.000000 0.200000
392 12:00:03.910 44.347870 8.434754 74.666674 14.720523 0.781855 0.003123 10.492668 0.499315 0.299589 0.149794 -5.801645 0.000000 0.199726
393 12:00:03.920 50.052797 5.161219 75.073485 14.733660 0.775843 -0.013480 10.508394 0.497261 0.298357 0.149178 -5.806574 0.000000 0.198904
394 12:00:03.930 59.513039 2.226344 73.444124 16.886696 0.784471 -0.093551 10.479866 0.493844 0.296307 0.148153 -5.814774 0.000000 0.197538
395 12:00:03.940 67.172543 3.465940 70.767763 18.845723 0.754630 -0.117717 10.463138 0.489074 0.293444 0.146722 -5.826223 0.000000 0.195630
396 12:00:03.950 77.567200 1.247373 69.249932 23.396505 0.801647 -0.143332 10.480565 0.482963 0.289778 0.144889 -5.840889 0.000000 0.193185
397 12:00:03.960 88.792710 0.541597 65.684552 23.821771 0.755363 -0.089351 10.515462 0.475528 0.285317 0.142658 -5.858732 0.000000 0.190211
398 12:00:03.970 99.017028 0.000000 61.014804 27.541652 0.790110 -0.152758 10.434372 0.466790 0.280074 0.140037 -5.879703 0.000000 0.186716
399 12:00:03.980 107.530583 0.000000 57.289541 29.439410 0.680559 -0.163722 10.443751 0.456773 0.274064 0.137032 -5.903745 0.000000 0.182709
400 12:00:03.990 120.760188 0.341286 55.059904 33.181267 0.705442 -0.183466 10.374517 0.445503 0.267302 0.133651 -5.930792 0.000000 0.178201
401 12:00:04.000 128.908049 0.617496 50.390483 34.765013 0.685518 -0.175767 10.393034 0.433013 0.259808 0.129904 -5.960770 0.000000 0.173205
402 12:00:04.010 138.813835 0.000000 43.271022 37.153850 0.672314 -0.249687 10.419776 0.419335 0.251601 0.125801 -5.993595 0.000000 0.167734
403 12:00:04.020 145.965514 0.000000 39.965864 39.774962 0.641991 -0.256735 10.384361 0.404508 0.242705 0.121353 -6.029180 0.000000 0.161803
404 12:00:04.030 151.077895 1.445893 35.105218 44.130591 0.630853 -0.251823 10.365940 0.388573 0.233144 0.116572 -6.067425 0.000000 0.155429
405 12:00:04.040 155.766400 0.354065 32.250977 43.721806 0.590381 -0.243800 10.353708 0.371572 0.222943 0.111472 -6.108226 0.000000 0.148629
406 12:00:04.050 159.502197 0.000000 28.139996 44.345395 0.574696 -0.280196 10.294259 0.353553 0.212132 0.106066 -6.151472 0.000000 0.141421
407 12:00:04.060 161.318348 0.000000 24.957977 46.320619 0.485385 -0.320779 10.221077 0.334565 0.200739 0.100370 -6.197043 0.000000 0.133826
408 12:00:04.070 159.681246 0.000000 21.106219 44.326719 0.479555 -0.318680 10.205646 0.314660 0.188796 0.094398 -6.244816 0.000000 0.125864
409 12:00:04.080 158.795640 2.181821 16.442361 43.877288 0.468878 -0.328125 10.225443 0.293893 0.176336 0.088168 -6.294658 0.000000 0.117557
410 12:00:04.090 155.261627 1.212050 15.199204 45.757388 0.394952 -0.343378 10.201892 0.272320 0.163392 0.081696 -6.346433 0.000000 0.108928
411 12:00:04.100 148.398800 0.481809 12.146858 41.154408 0.407713 -0.355372 10.126651 0.250000 0.150000 0.075000 -6.400000 0.000000 0.100000
412 12:00:04.110 142.774828 0.000000 12.380561 39.419058 0.365496 -0.366248 10.124005 0.226995 0.136197 0.068099 -6.455211 0.000000 0.090798
413 12:00:04.120 135.508727 0.000000 9.789037 37.713677 0.342839 -0.374014 10.112677 0.203368 0.122021 0.061010 -6.511916 0.000000 0.081347
414 12:00:04.130 127.246221 0.377516 6.826503 34.784507 0.295741 -0.384674 10.103332 0.179184 0.107510 0.053755 -6.569958 0.000000 0.071674
415 12:00:04.140 116.609666 0.000000 6.975951 32.542131 0.232615 -0.385641 10.019667 0.154508 0.092705 0.046353 -6.629180 0.000000 0.061803
416 12:00:04.150 105.880817 0.175958 4.657733 29.041179 0.202670 -0.386697 10.095299 0.129410 0.077646 0.038823 -6.689417 0.000000 0.051764
417 12:00:04.160 94.471089 1.074169 4.140650 27.560137 0.152232 -0.354076 9.926278 0.103956 0.062374 0.031187 -6.750506 0.000000 0.041582
418 12:00:04.170 85.565561 3.361017 2.695604 21.955967 0.139195 -0.393306 9.891787 0.078217 0.046930 0.023465 -6.812279 0.000000 0.031287
419 12:00:04.180 77.501765 0.000000 0.514018 22.178794 0.039369 -0.393074 9.930228 0.052264 0.031359 0.015679 -6.874566 0.000000 0.020906
420 12:00:04.190 65.240480 0.066401 2.340256 17.023308 0.041692 -0.381749 9.808351 0.026168 0.015701 0.007850 -6.937197 0.000000 0.010467
421 12:00:04.200 57.158947 0.650035 0.125029 15.397797 -0.021855 -0.378536 9.815350 0.000000 0.000000 0.000000 -7.000000 0.000000 0.000000
422 12:00:04.210 48.185734 0.853160 0.000000 12.636041 -0.074247 -0.383055 9.744625 -0.026168 -0.015701 -0.007850 -7.062803 0.000000 -0.010467
423 12:00:04.220 0.000000 0.000000 0.000000 0.000000 -0.043175 -0.402919 9.713079 -0.052264 -0.031359 -0.015679 -7.125434 0.000000 -0.020906
424 12:00:04.230 0.000000 0.000000 0.000000 0.000000 -0.106197 -0.361689 9.755076 -0.078217 -0.046930 -0.023465 -7.187721 0.000000 -0.031287
425 12:00:04.240 0.000000 0.000000 0.000000 0.000000 -0.138922 -0.400486 9.676054 -0.103956 -0.062374 -0.031187 -7.249494 0.000000 -0.041582
426 12:00:04.250 0.000000 0.000000 0.000000 0.000000 -0.201578 -0.407128 9.635978 -0.129410 -0.077646 -0.038823 -7.310583 0.000000 -0.051764
427 12:00:04.260 0.000000 0.000000 0.000000 0.000000 -0.229211 -0.381489 9.664604 -0.154508 -0.092705 -0.046353 -7.370820 0.000000 -0.061803
428 12:00:04.270 0.000000 0.000000 0.000000 0.000000 -0.291091 -0.351620 9.560193 -0.179184 -0.107510 -0.053755 -7.430042 0.000000 -0.071674
429 12:00:04.280 0.000000 0.000000 0.000000 0.000000 -0.342135 -0.349144 9.550559 -0.203368 -0.122021 -0.061010 -7.488084 0.000000 -0.081347
430 12:00:04.290 0.000000 0.000000 0.000000 0.000000 -0.324350 -0.378855 9.472273 -0.226995 -0.136197 -0.068099 -7.544789 0.000000 -0.090798
431 12:00:04.300 0.000000 0.000000 0.000000 0.000000 -0.404690 -0.350569 9.468681 -0.250000 -0.150000 -0.075000 -7.600000 0.000000 -0.100000
432 12:00:04.310 0.000000 0.000000 0.000000 0.000000 -0.426857 -0.350764 9.375529 -0.272320 -0.163392 -0.081696 -7.653567 0.000000 -0.108928
433 12:00:04.320 0.000000 0.000000 0.000000 0.000000 -0.470535 -0.347172 9.417420 -0.293893 -0.176336 -0.088168 -7.705342 0.000000 -0.117557
434 12:00:04.330 0.000000 0.000000 0.000000 0.000000 -0.515677 -0.293446 9.344546 -0.314660 -0.188796 -0.094398 -7.755184 0.000000 -0.125864
435 12:00:04.340 0.000000 0.000000 0.000000 0.000000 -0.524126 -0.287137 9.374045 -0.334565 -0.200739 -0.100370 -7.802957 0.000000 -0.133826
436 12:00:04.350 0.000000 0.000000 0.000000 0.000000 -0.561005 -0.295210 9.306290 -0.353553 -0.212132 -0.106066 -7.848528 0.000000 -0.141421
437 12:00:04.360 0.000000 0.000000 0.000000 0.000000 -0.607084 -0.266480 9.301098 -0.371572 -0.222943 -0.111472 -7.891774 0.000000 -0.148629
438 12:00:04.370 0.000000 0.000000 0.000000 0.000000 -0.597947 -0.240962 9.266201 -0.388573 -0.233144 -0.116572 -7.932575 0.000000 -0.155429
439 12:00:04.380 0.000000 0.000000 0.000000 0.000000 -0.616729 -0.221838 9.230512 -0.404508 -0.242705 -0.121353 -7.970820 0.000000 -0.161803
440 12:00:04.390 0.000000 0.000000 0.000000 0.000000 -0.657378 -0.241994 9.220987 -0.419335 -0.251601 -0.125801 -8.006405 0.000000 -0.167734
441 12:00:04.400 0.000000 0.000000 0.000000 0.000000 -0.659310 -0.214627 9.148906 -0.433013 -0.259808 -0.129904 -8.039230 0.000000 -0.173205
442 12:00:04.410 0.000000 0.000000 0.000000 0.000000 -0.704289 -0.180347 9.164146 -0.445503 -0.267302 -0.133651 -8.069208 0.000000 -0.178201
443 12:00:04.420 0.000000 0.000000 0.000000 0.000000 -0.710669 -0.165271 9.184447 -0.456773 -0.274064 -0.137032 -8.096255 0.000000 -0.182709
444 12:00:04.430 0.000000 0.000000 0.000000 0.000000 -0.755770 -0.189948 9.168298 -0.466790 -0.280074 -0.140037 -8.120297 0.000000 -0.186716
445 12:00:04.440 0.000000 0.000000 0.000000 0.000000 -0.738624 -0.124111 9.157124 -0.475528 -0.285317 -0.142658 -8.141268 0.000000 -0.190211
446 12:00:04.450 0.000000 0.000000 0.000000 0.000000 -0.803188 -0.117021 9.201523 -0.482963 -0.289778 -0.144889 -8.159111 0.000000 -0.193185
447 12:00:04.460 0.000000 0.000000 0.000000 0.000000 -0.780653 -0.104498 9.106324 -0.489074 -0.293444 -0.146722 -8.173777 0.000000 -0.195630
448 12:00:04.470 0.000000 0.000000 0.000000 0.000000 -0.791186 -0.064721 9.100970 -0.493844 -0.296307 -0.148153 -8.185226 0.000000 -0.197538
449 12:00:04.480 0.000000 0.000000 0.000000 0.000000 -0.779405 -0.028227 9.158567 -0.497261 -0.298357 -0.149178 -8.193426 0.000000 -0.198904
450 12:00:04.490 0.000000 0.000000 0.000000 0.000000 -0.773598 0.002817 9.098009 -0.499315 -0.299589 -0.149794 -8.198355 0.000000 -0.199726
451 12:00:04.500 0.000000 0.000000 0.000000 0.000000 -0.794699 -0.022099 9.134358 -0.500000 -0.300000 -0.150000 -8.200000 0.000000 -0.200000
452 12:00:04.510 0.000000 0.000000 0.000000 0.000000 -0.799536 0.001735 9.139653 -0.499315 -0.299589 -0.149794 -8.198355 0.000000 -0.199726
453 12:00:04.520 0.000000 0.000000 0.000000 0.000000 -0.813000 0.023610 9.142271 -0.497261 -0.298357 -0.149178 -8.193426 0.000000 -0.198904
454 12:00:04.530 0.000000 0.000000 0.000000 0.000000 -0.748299 0.049582 9.109629 -0.493844 -0.296307 -0.148153 -8.185226 0.000000 -0.197538
455 12:00:04.540 0.000000 0.000000 0.000000 0.000000 -0.799393 0.098041 9.125880 -0.489074 -0.293444 -0.146722 -8.173777 0.000000 -0.195630
456 12:00:04.550 0.000000 0.000000 0.000000 0.000000 -0.769851 0.118635 9.182867 -0.482963 -0.289778 -0.144889 -8.159111 0.000000 -0.193185
457 12:00:04.560 0.000000 0.000000 0.000000 0.000000 -0.747602 0.159522 9.108496 -0.475528 -0.285317 -0.142658 -8.141268 0.000000 -0.190211
458 12:00:04.570 0.000000 0.000000 0.000000 0.000000 -0.734659 0.151745 9.148809 -0.466790 -0.280074 -0.140037 -8.120297 0.000000 -0.186716
459 12:00:04.580 0.000000 0.000000 0.000000 0.000000 -0.771887 0.135967 9.134932 -0.456773 -0.274064 -0.137032 -8.096255 0.000000 -0.182709
460 12:00:04.590 0.000000 0.000000 0.000000 0.000000 -0.698460 0.179597 9.255380 -0.445503 -0.267302 -0.133651 -8.069208 0.000000 -0.178201
461 12:00:04.600 0.000000 0.000000 0.000000 0.000000 -0.678681 0.176865 9.233640 -0.433013 -0.259808 -0.129904 -8.039230 0.000000 -0.173205
462 12:00:04.610 0.000000 0.000000 0.000000 0.000000 -0.677514 0.219501 9.233080 -0.419335 -0.251601 -0.125801 -8.006405 0.000000 -0.167734
463 12:00:04.620 0.000000 0.000000 0.000000 0.000000 -0.644166 0.241854 9.270190 -0.404508 -0.242705 -0.121353 -7.970820 0.000000 -0.161803
464 12:00:04.630 0.000000 0.000000 0.000000 0.000000 -0.613436 0.262167 9.277961 -0.388573 -0.233144 -0.116572 -7.932575 0.000000 -0.155429
465 12:00:04.640 0.000000 0.000000 0.000000 0.000000 -0.623141 0.281943 9.301121 -0.371572 -0.222943 -0.111472 -7.891774 0.000000 -0.148629
466 12:00:04.650 0.000000 0.000000 0.000000 0.000000 -0.563991 0.276401 9.283706 -0.353553 -0.212132 -0.106066 -7.848528 0.000000 -0.141421
467 12:00:04.660 0.000000 0.000000 0.000000 0.000000 -0.559359 0.266104 9.335673 -0.334565 -0.200739 -0.100370 -7.802957 0.000000 -0.133826
468 12:00:04.670 0.000000 0.000000 0.000000 0.000000 -0.530672 0.308530 9.355404 -0.314660 -0.188796 -0.094398 -7.755184 0.000000 -0.125864
469 12:00:04.680 0.000000 0.000000 0.000000 0.000000 -0.460656 0.345222 9.389801 -0.293893 -0.176336 -0.088168 -7.705342 0.000000 -0.117557
470 12:00:04.690 0.000000 0.000000 0.000000 0.000000 -0.464591 0.352738 9.361857 -0.272320 -0.163392 -0.081696 -7.653567 0.000000 -0.108928
471 12:00:04.700 0.000000 0.000000 0.000000 0.000000 -0.372618 0.356845 9.463870 -0.250000 -0.150000 -0.075000 -7.600000 0.000000 -0.100000
472 12:00:04.710 0.000000 0.000000 0.000000 0.000000 -0.351110 0.352134 9.500399 -0.226995 -0.136197 -0.068099 -7.544789 0.000000 -0.090798
473 12:00:04.720 0.000000 0.000000 0.000000 0.000000 -0.315349 0.406315 9.502162 -0.203368 -0.122021 -0.061010 -7.488084 0.000000 -0.081347
474 12:00:04.730 0.000000 0.000000 0.000000 0.000000 -0.313676 0.371197 9.522953 -0.179184 -0.107510 -0.053755 -7.430042 0.000000 -0.071674
475 12:00:04.740 0.000000 0.000000 0.000000 0.000000 -0.258540 0.353509 9.616470 -0.154508 -0.092705 -0.046353 -7.370820 0.000000 -0.061803
476 12:00:04.750 0.000000 0.000000 0.000000 0.000000 -0.225639 0.392938 9.654226 -0.129410 -0.077646 -0.038823 -7.310583 0.000000 -0.051764
477 12:00:04.760 0.000000 0.000000 0.000000 0.000000 -0.157394 0.396082 9.628854 -0.103956 -0.062374 -0.031187 -7.249494 0.000000 -0.041582
478 12:00:04.770 0.000000 0.000000 0.000000 0.000000 -0.115486 0.372261 9.733876 -0.078217 -0.046930 -0.023465 -7.187721 0.000000 -0.031287
479 12:00:04.780 0.000000 0.000000 0.000000 0.000000 -0.110313 0.417301 9.765604 -0.052264 -0.031359 -0.015679 -7.125434 0.000000 -0.020906
480 12:00:04.790 0.000000 0.000000 0.000000 0.000000 -0.062386 0.408540 9.789054 -0.026168 -0.015701 -0.007850 -7.062803 0.000000 -0.010467
481 12:00:04.800 0.000000 77.438842 1.694048 0.000000 0.004455 0.389302 9.855848 0.000000 0.000000 0.000000 -7.000000 0.000000 0.000000
482 12:00:04.810 1.049032 91.242202 0.417749 0.000000 0.071535 0.370816 9.818957 0.026168 0.015701 0.007850 -6.937197 0.000000 0.010467
483 12:00:04.820 0.000000 108.170171 3.516452 0.000000 0.066526 0.442450 9.879481 0.052264 0.031359 0.015679 -6.874566 0.000000 0.020906
484 12:00:04.830 0.000000 124.398456 2.616560 1.358775 0.106095 0.419306 9.958503 0.078217 0.046930 0.023465 -6.812279 0.000000 0.031287
485 12:00:04.840 0.890439 139.373148 2.819778 0.451028 0.176057 0.401722 9.939424 0.103956 0.062374 0.031187 -6.750506 0.000000 0.041582
486 12:00:04.850 0.000000 155.636531 2.279488 0.766076 0.220186 0.330411 9.993572 0.129410 0.077646 0.038823 -6.689417 0.000000 0.051764
487 12:00:04.860 0.086684 171.822712 5.868491 0.000000 0.253085 0.389959 10.023838 0.154508 0.092705 0.046353 -6.629180 0.000000 0.061803
488 12:00:04.870 0.000000 184.265847 5.974062 0.501809 0.281967 0.371761 10.089723 0.179184 0.107510 0.053755 -6.569958 0.000000 0.071674
489 12:00:04.880 0.000000 196.035823 8.464269 0.881560 0.340819 0.357030 10.101790 0.203368 0.122021 0.061010 -6.511916 0.000000 0.081347
490 12:00:04.890 0.000000 202.688230 7.817248 1.156707 0.379851 0.343925 10.123332 0.226995 0.136197 0.068099 -6.455211 0.000000 0.090798
491 12:00:04.900 0.423050 207.818719 9.788665 0.000000 0.385166 0.363183 10.135395 0.250000 0.150000 0.075000 -6.400000 0.000000 0.100000
492 12:00:04.910 0.774663 208.953092 12.407831 0.000000 0.447989 0.325576 10.196527 0.272320 0.163392 0.081696 -6.346433 0.000000 0.108928
493 12:00:04.920 1.000767 207.687788 15.965438 0.000000 0.439533 0.323598 10.204982 0.293893 0.176336 0.088168 -6.294658 0.000000 0.117557
494 12:00:04.930 0.531377 201.960359 16.673020 0.000000 0.500228 0.312026 10.230164 0.314660 0.188796 0.094398 -6.244816 0.000000 0.125864
495 12:00:04.940 1.670153 195.058008 22.116688 0.800157 0.515430 0.306951 10.276348 0.334565 0.200739 0.100370 -6.197043 0.000000 0.133826
496 12:00:04.950 0.972266 183.122882 24.664851 0.000000 0.597172 0.254903 10.309610 0.353553 0.212132 0.106066 -6.151472 0.000000 0.141421
497 12:00:04.960 0.000000 170.637287 27.753339 0.000000 0.572861 0.291367 10.280312 0.371572 0.222943 0.111472 -6.108226 0.000000 0.148629
498 12:00:04.970 0.385377 154.715349 31.825110 0.504731 0.631620 0.224567 10.303052 0.388573 0.233144 0.116572 -6.067425 0.000000 0.155429
499 12:00:04.980 0.751055 139.911152 35.325435 0.961829 0.645588 0.240054 10.412874 0.404508 0.242705 0.121353 -6.029180 0.000000 0.161803
500 12:00:04.990 2.727409 124.747022 42.949787 0.000000 0.669886 0.241134 10.424886 0.419335 0.251601 0.125801 -5.993595 0.000000 0.167734
501 12:00:05.000 3.362457 107.014674 46.264819 0.024345 0.695311 0.189585 10.392811 0.433013 0.259808 0.129904 -5.960770 0.000000 0.173205
502 12:00:05.010 5.778344 91.546686 52.104665 1.823314 0.716824 0.183014 10.393145 0.445503 0.267302 0.133651 -5.930792 0.000000 0.178201
503 12:00:05.020 6.510145 76.886614 53.012690 1.779519 0.744341 0.138900 10.483235 0.456773 0.274064 0.137032 -5.903745 0.000000 0.182709
504 12:00:05.030 8.067733 64.232928 57.314693 2.851727 0.748082 0.157073 10.517763 0.466790 0.280074 0.140037 -5.879703 0.000000 0.186716
505 12:00:05.040 10.392961 51.579368 62.492158 1.611193 0.739862 0.106387 10.533115 0.475528 0.285317 0.142658 -5.858732 0.000000 0.190211
506 12:00:05.050 13.805108 41.394812 63.941780 3.593119 0.770368 0.109963 10.501201 0.482963 0.289778 0.144889 -5.840889 0.000000 0.193185
507 12:00:05.060 16.379553 32.673374 68.785329 5.289118 0.779943 0.092621 10.448789 0.489074 0.293444 0.146722 -5.826223 0.000000 0.195630
508 12:00:05.070 19.718496 26.561177 72.669707 6.781952 0.743282 0.052061 10.503609 0.493844 0.296307 0.148153 -5.814774 0.000000 0.197538
509 12:00:05.080 25.186989 19.865855 75.618299 5.801033 0.805179 0.059985 10.517966 0.497261 0.298357 0.149178 -5.806574 0.000000 0.198904
510 12:00:05.090 30.703929 15.932006 72.723166 8.368757 0.789295 0.028938 10.523365 0.499315 0.299589 0.149794 -5.801645 0.000000 0.199726
511 12:00:05.100 34.990589 11.808459 74.752104 9.588779 0.813679 -0.028083 10.551011 0.500000 0.300000 0.150000 -5.800000 0.000000 0.200000
512 12:00:05.110 44.203356 8.986741 76.418769 13.137873 0.804399 -0.008450 10.536948 0.499315 0.299589 0.149794 -5.801645 0.000000 0.199726
513 12:00:05.120 52.105236 7.445337 73.616108 14.404270 0.841701 -0.032459 10.506283 0.497261 0.298357 0.149178 -5.806574 0.000000 0.198904
514 12:00:05.130 57.994956 3.667079 71.764931 16.844159 0.794963 -0.079400 10.472903 0.493844 0.296307 0.148153 -5.814774 0.000000 0.197538
515 12:00:05.140 68.981531 1.924291 69.032261 19.236325 0.775674 -0.047915 10.510725 0.489074 0.293444 0.146722 -5.826223 0.000000 0.195630
516 12:00:05.150 78.722221 3.315502 68.184597 23.763084 0.760262 -0.094496 10.422199 0.482963 0.289778 0.144889 -5.840889 0.000000 0.193185
517 12:00:05.160 87.666284 1.314760 65.151024 23.542915 0.793537 -0.093198 10.472678 0.475528 0.285317 0.142658 -5.858732 0.000000 0.190211
518 12:00:05.170 98.202313 1.492351 61.044049 29.375927 0.748768 -0.154851 10.458623 0.466790 0.280074 0.140037 -5.879703 0.000000 0.186716
519 12:00:05.180 110.826961 1.787393 58.172840 30.155124 0.711901 -0.193014 10.450323 0.456773 0.274064 0.137032 -5.903745 0.000000 0.182709
520 12:00:05.190 119.878985 1.273267 53.424130 33.346947 0.702211 -0.177743 10.414840 0.445503 0.267302 0.133651 -5.930792 0.000000 0.178201
521 12:00:05.200 128.827928 0.159411 48.789062 35.786930 0.669222 -0.208381 10.428038 0.433013 0.259808 0.129904 -5.960770 0.000000 0.173205
522 12:00:05.210 135.886691 0.000000 43.843404 38.198061 0.690632 -0.235058 10.461471 0.419335 0.251601 0.125801 -5.993595 0.000000 0.167734
523 12:00:05.220 144.954532 1.390424 39.975932 42.235314 0.657269 -0.193699 10.393619 0.404508 0.242705 0.121353 -6.029180 0.000000 0.161803
524 12:00:05.230 153.740515 0.557964 35.904248 44.242784 0.657965 -0.230369 10.388593 0.388573 0.233144 0.116572 -6.067425 0.000000 0.155429
525 12:00:05.240 157.044732 0.000000 31.958197 44.231173 0.605374 -0.263901 10.348376 0.371572 0.222943 0.111472 -6.108226 0.000000 0.148629
526 12:00:05.250 158.822705 0.000000 26.748656 45.335274 0.529338 -0.284531 10.374233 0.353553 0.212132 0.106066 -6.151472 0.000000 0.141421
527 12:00:05.260 159.311488 0.152742 24.304713 44.422596 0.512402 -0.316153 10.241280 0.334565 0.200739 0.100370 -6.197043 0.000000 0.133826
528 12:00:05.270 161.231090 0.000000 21.281518 45.939253 0.508982 -0.300460 10.265973 0.314660 0.188796 0.094398 -6.244816 0.000000 0.125864
529 12:00:05.280 158.782001 1.269516 19.730186 45.436425 0.475004 -0.329009 10.190359 0.293893 0.176336 0.088168 -6.294658 0.000000 0.117557
530 12:00:05.290 155.252042 0.000000 14.559636 43.212669 0.482614 -0.374334 10.191371 0.272320 0.163392 0.081696 -6.346433 0.000000 0.108928
531 12:00:05.300 148.462734 0.588047 12.110616 42.035063 0.390894 -0.327569 10.149289 0.250000 0.150000 0.075000 -6.400000 0.000000 0.100000
532 12:00:05.310 142.807873 0.000000 9.487311 40.014561 0.373236 -0.407335 10.159031 0.226995 0.136197 0.068099 -6.455211 0.000000 0.090798
533 12:00:05.320 133.858436 0.000000 9.308194 38.757611 0.354701 -0.339311 10.061724 0.203368 0.122021 0.061010 -6.511916 0.000000 0.081347
534 12:00:05.330 125.921394 0.000000 8.666677 35.872793 0.301070 -0.377380 10.016716 0.179184 0.107510 0.053755 -6.569958 0.000000 0.071674
535 12:00:05.340 117.284023 1.071668 6.010114 31.013396 0.230237 -0.380272 9.978999 0.154508 0.092705 0.046353 -6.629180 0.000000 0.061803
536 12:00:05.350 107.625697 1.327603 3.220746 29.393397 0.193420 -0.360496 10.056447 0.129410 0.077646 0.038823 -6.689417 0.000000 0.051764
537 12:00:05.360 95.887425 0.438385 2.578792 27.496802 0.166490 -0.374487 9.974562 0.103956 0.062374 0.031187 -6.750506 0.000000 0.041582
538 12:00:05.370 86.401951 0.000000 2.990509 23.417639 0.154333 -0.413660 9.918736 0.078217 0.046930 0.023465 -6.812279 0.000000 0.031287
539 12:00:05.380 76.942531 0.000000 3.215542 22.247309 0.112085 -0.399352 9.938895 0.052264 0.031359 0.015679 -6.874566 0.000000 0.020906
540 12:00:05.390 65.616599 0.000000 2.459325 19.091497 0.037988 -0.400008 9.934780 0.026168 0.015701 0.007850 -6.937197 0.000000 0.010467
541 12:00:05.400 57.553962 1.895047 1.018923 15.935974 -0.011078 -0.384164 9.793476 0.000000 0.000000 0.000000 -7.000000 0.000000 0.000000
542 12:00:05.410 49.669826 0.000000 1.890467 15.317728 -0.038353 -0.421945 9.803749 -0.026168 -0.015701 -0.007850 -7.062803 0.000000 -0.010467
543 12:00:05.420 0.000000 0.000000 0.000000 0.000000 -0.085557 -0.404033 9.719724 -0.052264 -0.031359 -0.015679 -7.125434 0.000000 -0.020906
544 12:00:05.430 0.000000 0.000000 0.000000 0.000000 -0.149836 -0.394314 9.756837 -0.078217 -0.046930 -0.023465 -7.187721 0.000000 -0.031287
545 12:00:05.440 0.000000 0.000000 0.000000 0.000000 -0.199348 -0.403811 9.646724 -0.103956 -0.062374 -0.031187 -7.249494 0.000000 -0.041582
546 12:00:05.450 0.000000 0.000000 0.000000 0.000000 -0.155181 -0.404172 9.664825 -0.129410 -0.077646 -0.038823 -7.310583 0.000000 -0.051764
547 12:00:05.460 0.000000 0.000000 0.000000 0.000000 -0.279979 -0.372230 9.590033 -0.154508 -0.092705 -0.046353 -7.370820 0.000000 -0.061803
548 12:00:05.470 0.000000 0.000000 0.000000 0.000000 -0.262342 -0.373036 9.529907 -0.179184 -0.107510 -0.053755 -7.430042 0.000000 -0.071674
549 12:00:05.480 0.000000 0.000000 0.000000 0.000000 -0.309233 -0.362497 9.531703 -0.203368 -0.122021 -0.061010 -7.488084 0.000000 -0.081347
550 12:00:05.490 0.000000 0.000000 0.000000 0.000000 -0.328622 -0.373053 9.458993 -0.226995 -0.136197 -0.068099 -7.544789 0.000000 -0.090798
551 12:00:05.500 0.000000 0.000000 0.000000 0.000000 -0.377373 -0.364411 9.480930 -0.250000 -0.150000 -0.075000 -7.600000 0.000000 -0.100000
552 12:00:05.510 0.000000 0.000000 0.000000 0.000000 -0.462005 -0.317094 9.393849 -0.272320 -0.163392 -0.081696 -7.653567 0.000000 -0.108928
553 12:00:05.520 0.000000 0.000000 0.000000 0.000000 -0.495400 -0.302813 9.410800 -0.293893 -0.176336 -0.088168 -7.705342 0.000000 -0.117557
554 12:00:05.530 0.000000 0.000000 0.000000 0.000000 -0.483209 -0.327548 9.391715 -0.314660 -0.188796 -0.094398 -7.755184 0.000000 -0.125864
555 12:00:05.540 0.000000 0.000000 0.000000 0.000000 -0.506488 -0.278584 9.292335 -0.334565 -0.200739 -0.100370 -7.802957 0.000000 -0.133826
556 12:00:05.550 0.000000 0.000000 0.000000 0.000000 -0.592158 -0.278878 9.341605 -0.353553 -0.212132 -0.106066 -7.848528 0.000000 -0.141421
557 12:00:05.560 0.000000 0.000000 0.000000 0.000000 -0.620177 -0.293481 9.272862 -0.371572 -0.222943 -0.111472 -7.891774 0.000000 -0.148629
558 12:00:05.570 0.000000 0.000000 0.000000 0.000000 -0.593808 -0.230555 9.306715 -0.388573 -0.233144 -0.116572 -7.932575 0.000000 -0.155429
559 12:00:05.580 0.000000 0.000000 0.000000 0.000000 -0.632810 -0.244980 9.258143 -0.404508 -0.242705 -0.121353 -7.970820 0.000000 -0.161803
560 12:00:05.590 0.000000 0.000000 0.000000 0.000000 -0.645189 -0.209453 9.227865 -0.419335 -0.251601 -0.125801 -8.006405 0.000000 -0.167734
561 12:00:05.600 0.000000 0.000000 0.000000 0.000000 -0.687173 -0.216070 9.169044 -0.433013 -0.259808 -0.129904 -8.039230 0.000000 -0.173205
562 12:00:05.610 0.000000 0.000000 0.000000 0.000000 -0.724784 -0.206712 9.172923 -0.445503 -0.267302 -0.133651 -8.069208 0.000000 -0.178201
563 12:00:05.620 0.000000 0.000000 0.000000 0.000000 -0.750921 -0.187250 9.171384 -0.456773 -0.274064 -0.137032 -8.096255 0.000000 -0.182709
564 12:00:05.630 0.000000 0.000000 0.000000 0.000000 -0.772817 -0.139231 9.178179 -0.466790 -0.280074 -0.140037 -8.120297 0.000000 -0.186716
565 12:00:05.640 0.000000 0.000000 0.000000 0.000000 -0.738830 -0.141742 9.170664 -0.475528 -0.285317 -0.142658 -8.141268 0.000000 -0.190211
566 12:00:05.650 0.000000 0.000000 0.000000 0.000000 -0.784517 -0.122180 9.134759 -0.482963 -0.289778 -0.144889 -8.159111 0.000000 -0.193185
567 12:00:05.660 0.000000 0.000000 0.000000 0.000000 -0.769849 -0.091843 9.176309 -0.489074 -0.293444 -0.146722 -8.173777 0.000000 -0.195630
568 12:00:05.670 0.000000 0.000000 0.000000 0.000000 -0.806548 -0.063951 9.104976 -0.493844 -0.296307 -0.148153 -8.185226 0.000000 -0.197538
569 12:00:05.680 0.000000 0.000000 0.000000 0.000000 -0.752329 -0.028294 9.128591 -0.497261 -0.298357 -0.149178 -8.193426 0.000000 -0.198904
570 12:00:05.690 0.000000 0.000000 0.000000 0.000000 -0.786799 -0.017620 9.101733 -0.499315 -0.299589 -0.149794 -8.198355 0.000000 -0.199726
571 12:00:05.700 0.000000 0.000000 0.000000 0.000000 -0.841308 -0.011810 9.092770 -0.500000 -0.300000 -0.150000 -8.200000 0.000000 -0.200000
572 12:00:05.710 0.000000 0.000000 0.000000 0.000000 -0.826092 0.032844 9.116222 -0.499315 -0.299589 -0.149794 -8.198355 0.000000 -0.199726
573 12:00:05.720 0.000000 0.000000 0.000000 0.000000 -0.768290 0.082723 9.135263 -0.497261 -0.298357 -0.149178 -8.193426 0.000000 -0.198904
574 12:00:05.730 0.000000 0.000000 0.000000 0.000000 -0.794719 0.095596 9.150636 -0.493844 -0.296307 -0.148153 -8.185226 0.000000 -0.197538
575 12:00:05.740 0.000000 0.000000 0.000000 0.000000 -0.779849 0.078919 9.081691 -0.489074 -0.293444 -0.146722 -8.173777 0.000000 -0.195630
576 12:00:05.750 0.000000 0.000000 0.000000 0.000000 -0.742968 0.092015 9.132030 -0.482963 -0.289778 -0.144889 -8.159111 0.000000 -0.193185
577 12:00:05.760 0.000000 0.000000 0.000000 0.000000 -0.747071 0.113720 9.122832 -0.475528 -0.285317 -0.142658 -8.141268 0.000000 -0.190211
578 12:00:05.770 0.000000 0.000000 0.000000 0.000000 -0.768246 0.204729 9.175103 -0.466790 -0.280074 -0.140037 -8.120297 0.000000 -0.186716
579 12:00:05.780 0.000000 0.000000 0.000000 0.000000 -0.762841 0.200115 9.181760 -0.456773 -0.274064 -0.137032 -8.096255 0.000000 -0.182709
580 12:00:05.790 0.000000 0.000000 0.000000 0.000000 -0.725698 0.208570 9.166382 -0.445503 -0.267302 -0.133651 -8.069208 0.000000 -0.178201
581 12:00:05.800 0.000000 0.000000 0.000000 0.000000 -0.691983 0.197848 9.284378 -0.433013 -0.259808 -0.129904 -8.039230 0.000000 -0.173205
582 12:00:05.810 0.000000 0.000000 0.000000 0.000000 -0.682537 0.232107 9.260105 -0.419335 -0.251601 -0.125801 -8.006405 0.000000 -0.167734
583 12:00:05.820 0.000000 0.000000 0.000000 0.000000 -0.638114 0.247079 9.197142 -0.404508 -0.242705 -0.121353 -7.970820 0.000000 -0.161803
584 12:00:05.830 0.000000 0.000000 0.000000 0.000000 -0.594406 0.257197 9.206736 -0.388573 -0.233144 -0.116572 -7.932575 0.000000 -0.155429
585 12:00:05.840 0.000000 0.000000 0.000000 0.000000 -0.600851 0.276645 9.278319 -0.371572 -0.222943 -0.111472 -7.891774 0.000000 -0.148629
586 12:00:05.850 0.000000 0.000000 0.000000 0.000000 -0.588976 0.274028 9.318696 -0.353553 -0.212132 -0.106066 -7.848528 0.000000 -0.141421
587 12:00:05.860 0.000000 0.000000 0.000000 0.000000 -0.541351 0.304738 9.294727 -0.334565 -0.200739 -0.100370 -7.802957 0.000000 -0.133826
588 12:00:05.870 0.000000 0.000000 0.000000 0.000000 -0.501062 0.316631 9.398467 -0.314660 -0.188796 -0.094398 -7.755184 0.000000 -0.125864
589 12:00:05.880 0.000000 0.000000 0.000000 0.000000 -0.462637 0.327283 9.409313 -0.293893 -0.176336 -0.088168 -7.705342 0.000000 -0.117557
590 12:00:05.890 0.000000 0.000000 0.000000 0.000000 -0.430455 0.352114 9.414858 -0.272320 -0.163392 -0.081696 -7.653567 0.000000 -0.108928
591 12:00:05.900 0.000000 0.000000 0.000000 0.000000 -0.400874 0.326541 9.430489 -0.250000 -0.150000 -0.075000 -7.600000 0.000000 -0.100000
592 12:00:05.910 0.000000 0.000000 0.000000 0.000000 -0.394934 0.345808 9.511791 -0.226995 -0.136197 -0.068099 -7.544789 0.000000 -0.090798
593 12:00:05.920 0.000000 0.000000 0.000000 0.000000 -0.300503 0.384045 9.518947 -0.203368 -0.122021 -0.061010 -7.488084 0.000000 -0.081347
594 12:00:05.930 0.000000 0.000000 0.000000 0.000000 -0.268236 0.385951 9.571921 -0.179184 -0.107510 -0.053755 -7.430042 0.000000 -0.071674
595 12:00:05.940 0.000000 0.000000 0.000000 0.000000 -0.245762 0.374071 9.568818 -0.154508 -0.092705 -0.046353 -7.370820 0.000000 -0.061803
596 12:00:05.950 0.000000 0.000000 0.000000 0.000000 -0.202994 0.397049 9.630894 -0.129410 -0.077646 -0.038823 -7.310583 0.000000 -0.051764
597 12:00:05.960 0.000000 0.000000 0.000000 0.000000 -0.127780 0.387634 9.665355 -0.103956 -0.062374 -0.031187 -7.249494 0.000000 -0.041582
598 12:00:05.970 0.000000 0.000000 0.000000 0.000000 -0.129235 0.425689 9.701140 -0.078217 -0.046930 -0.023465 -7.187721 0.000000 -0.031287
599 12:00:05.980 0.000000 0.000000 0.000000 0.000000 -0.092696 0.409255 9.714953 -0.052264 -0.031359 -0.015679 -7.125434 0.000000 -0.020906
600 12:00:05.990 0.000000 0.000000 0.000000 0.000000 -0.041355 0.393848 9.777114 -0.026168 -0.015701 -0.007850 -7.062803 0.000000 -0.010467
601 12:00:06.000 1.213180 77.734304 1.476039 0.000000 -0.013447 0.396358 9.831669 0.000000 0.000000 0.000000 -7.000000 0.000000 0.000000
602 12:00:06.010 0.000000 91.554801 1.348077 0.138471 -0.017036 0.432914 9.894738 0.026168 0.015701 0.007850 -6.937197 0.000000 0.010467
603 12:00:06.020 0.000000 106.831135 1.603735 0.000000 0.139511 0.390007 9.906451 0.052264 0.031359 0.015679 -6.874566 0.000000 0.020906
604 12:00:06.030 0.079246 124.987928 0.663048 0.475933 0.137919 0.406238 9.910239 0.078217 0.046930 0.023465 -6.812279 0.000000 0.031287
605 12:00:06.040 1.016880 138.695656 2.906350 2.178268 0.137035 0.357466 9.919711 0.103956 0.062374 0.031187 -6.750506 0.000000 0.041582
606 12:00:06.050 0.978345 157.266833 4.754235 1.094160 0.198026 0.392232 10.035446 0.129410 0.077646 0.038823 -6.689417 0.000000 0.051764
607 12:00:06.060 0.977565 169.991115 4.408684 0.000000 0.258039 0.383500 10.055122 0.154508 0.092705 0.046353 -6.629180 0.000000 0.061803
608 12:00:06.070 0.000000 185.306037 4.997717 1.254593 0.270797 0.392958 10.048059 0.179184 0.107510 0.053755 -6.569958 0.000000 0.071674
609 12:00:06.080 0.822043 195.046555 7.009676 0.000000 0.335996 0.395226 10.126364 0.203368 0.122021 0.061010 -6.511916 0.000000 0.081347
610 12:00:06.090 0.521605 201.932816 6.943046 0.148062 0.340292 0.367732 10.189882 0.226995 0.136197 0.068099 -6.455211 0.000000 0.090798
611 12:00:06.100 0.000000 208.151703 10.779845 0.563253 0.395190 0.329544 10.137424 0.250000 0.150000 0.075000 -6.400000 0.000000 0.100000
612 12:00:06.110 0.373050 210.527333 11.920724 0.850788 0.462276 0.344867 10.222667 0.272320 0.163392 0.081696 -6.346433 0.000000 0.108928
613 12:00:06.120 0.000000 209.619337 14.571236 0.901105 0.513315 0.332654 10.181945 0.293893 0.176336 0.088168 -6.294658 0.000000 0.117557
614 12:00:06.130 0.395699 204.362251 19.019354 0.000000 0.493028 0.314584 10.264996 0.314660 0.188796 0.094398 -6.244816 0.000000 0.125864
615 12:00:06.140 0.460415 194.577169 23.248713 0.022630 0.528935 0.276343 10.243773 0.334565 0.200739 0.100370 -6.197043 0.000000 0.133826
616 12:00:06.150 0.000000 183.333914 23.920695 0.193782 0.549382 0.283506 10.274659 0.353553 0.212132 0.106066 -6.151472 0.000000 0.141421
617 12:00:06.160 0.592234 170.065617 29.290979 0.246174 0.639600 0.231933 10.308781 0.371572 0.222943 0.111472 -6.108226 0.000000 0.148629
618 12:00:06.170 1.199076 156.830281 31.309750 1.520898 0.631017 0.223795 10.356543 0.388573 0.233144 0.116572 -6.067425 0.000000 0.155429
619 12:00:06.180 3.050833 142.116677 35.722325 0.000000 0.646449 0.231538 10.326463 0.404508 0.242705 0.121353 -6.029180 0.000000 0.161803
620 12:00:06.190 4.124818 124.709479 40.576183 0.275841 0.655118 0.240264 10.367358 0.419335 0.251601 0.125801 -5.993595 0.000000 0.167734
621 12:00:06.200 3.498307 105.159160 43.778321 0.000000 0.722986 0.164202 10.395165 0.433013 0.259808 0.129904 -5.960770 0.000000 0.173205
622 12:00:06.210 3.147620 91.005337 47.695174 1.671513 0.698263 0.203600 10.430782 0.445503 0.267302 0.133651 -5.930792 0.000000 0.178201
623 12:00:06.220 6.040652 76.357133 52.005511 0.821676 0.724364 0.158712 10.435589 0.456773 0.274064 0.137032 -5.903745 0.000000 0.182709
624 12:00:06.230 7.561960 61.960437 57.328468 1.140405 0.749341 0.148613 10.430905 0.466790 0.280074 0.140037 -5.879703 0.000000 0.186716
625 12:00:06.240 10.666907 51.441930 60.384305 4.488887 0.759014 0.145315 10.488223 0.475528 0.285317 0.142658 -5.858732 0.000000 0.190211
626 12:00:06.250 13.992733 43.340610 64.882749 2.256980 0.791455 0.081246 10.460529 0.482963 0.289778 0.144889 -5.840889 0.000000 0.193185
627 12:00:06.260 14.933554 31.551951 67.174280 5.247861 0.768402 0.084998 10.434691 0.489074 0.293444 0.146722 -5.826223 0.000000 0.195630
628 12:00:06.270 21.363930 24.835458 70.148160 5.892430 0.790072 0.055609 10.488488 0.493844 0.296307 0.148153 -5.814774 0.000000 0.197538
629 12:00:06.280 25.783793 18.449987 72.017121 7.381035 0.828557 0.044794 10.464130 0.497261 0.298357 0.149178 -5.806574 0.000000 0.198904
630 12:00:06.290 31.808723 13.661833 76.231439 9.123231 0.783684 0.045324 10.492841 0.499315 0.299589 0.149794 -5.801645 0.000000 0.199726
631 12:00:06.300 35.047297 10.050548 74.651552 9.473240 0.787036 0.006080 10.511356 0.500000 0.300000 0.150000 -5.800000 0.000000 0.200000
632 12:00:06.310 43.707813 6.369470 75.184950 11.570734 0.787951 -0.035976 10.515513 0.499315 0.299589 0.149794 -5.801645 0.000000 0.199726
633 12:00:06.320 51.333958 6.387109 73.651397 14.724297 0.797981 -0.019914 10.507622 0.497261 0.298357 0.149178 -5.806574 0.000000 0.198904
634 12:00:06.330 60.339635 5.010783 73.505515 17.429693 0.826536 -0.022160 10.470136 0.493844 0.296307 0.148153 -5.814774 0.000000 0.197538
635 12:00:06.340 68.673229 3.956556 70.010259 19.111925 0.782046 -0.081377 10.478036 0.489074 0.293444 0.146722 -5.826223 0.000000 0.195630
636 12:00:06.350 78.647571 1.152378 67.934961 22.231440 0.784486 -0.098476 10.458006 0.482963 0.289778 0.144889 -5.840889 0.000000 0.193185
637 12:00:06.360 88.760790 1.230114 66.330002 23.288533 0.802938 -0.089644 10.410059 0.475528 0.285317 0.142658 -5.858732 0.000000 0.190211
638 12:00:06.370 98.501346 0.354903 61.002222 30.506642 0.758038 -0.135442 10.452948 0.466790 0.280074 0.140037 -5.879703 0.000000 0.186716
639 12:00:06.380 109.796382 0.811803 57.549224 31.691283 0.724372 -0.157959 10.457383 0.456773 0.274064 0.137032 -5.903745 0.000000 0.182709
640 12:00:06.390 117.918040 0.253876 53.432214 34.094248 0.700158 -0.177940 10.432835 0.445503 0.267302 0.133651 -5.930792 0.000000 0.178201
641 12:00:06.400 128.757799 0.000000 49.551946 37.113781 0.706330 -0.196778 10.421047 0.433013 0.259808 0.129904 -5.960770 0.000000 0.173205
642 12:00:06.410 136.914364 1.218463 44.607789 37.121237 0.685359 -0.233201 10.384393 0.419335 0.251601 0.125801 -5.993595 0.000000 0.167734
643 12:00:06.420 145.150790 0.000000 41.468387 40.178968 0.640861 -0.225353 10.430864 0.404508 0.242705 0.121353 -6.029180 0.000000 0.161803
644 12:00:06.430 151.405320 0.384604 35.201651 43.592070 0.609510 -0.238768 10.381002 0.388573 0.233144 0.116572 -6.067425 0.000000 0.155429
645 12:00:06.440 155.744349 0.054664 30.443684 43.566302 0.616193 -0.271891 10.322510 0.371572 0.222943 0.111472 -6.108226 0.000000 0.148629
646 12:00:06.450 158.517947 0.000000 29.253263 45.353002 0.589286 -0.250648 10.265764 0.353553 0.212132 0.106066 -6.151472 0.000000 0.141421
647 12:00:06.460 160.792917 0.000000 25.537444 46.256281 0.533112 -0.307384 10.291997 0.334565 0.200739 0.100370 -6.197043 0.000000 0.133826
648 12:00:06.470 159.509608 0.000000 22.635137 45.434458 0.447317 -0.315477 10.237173 0.314660 0.188796 0.094398 -6.244816 0.000000 0.125864
649 12:00:06.480 158.259281 0.000000 19.510343 42.207620 0.503554 -0.309247 10.233848 0.293893 0.176336 0.088168 -6.294658 0.000000 0.117557
650 12:00:06.490 153.846780 0.000000 14.578354 43.566984 0.465595 -0.338643 10.167655 0.272320 0.163392 0.081696 -6.346433 0.000000 0.108928
651 12:00:06.500 149.101399 0.511868 11.128978 41.816647 0.400321 -0.344322 10.152454 0.250000 0.150000 0.075000 -6.400000 0.000000 0.100000
652 12:00:06.510 141.561900 0.000000 10.357661 40.582381 0.343795 -0.352159 10.142370 0.226995 0.136197 0.068099 -6.455211 0.000000 0.090798
653 12:00:06.520 134.736979 1.267985 8.610182 37.814498 0.343781 -0.386263 10.125267 0.203368 0.122021 0.061010 -6.511916 0.000000 0.081347
654 12:00:06.530 126.645599 0.000000 5.571562 36.280757 0.277540 -0.359067 10.044873 0.179184 0.107510 0.053755 -6.569958 0.000000 0.071674
655 12:00:06.540 117.126187 0.000000 5.320196 31.550138 0.253914 -0.331007 10.041534 0.154508 0.092705 0.046353 -6.629180 0.000000 0.061803
656 12:00:06.550 104.956424 0.000000 4.154718 31.268158 0.189087 -0.425399 9.983568 0.129410 0.077646 0.038823 -6.689417 0.000000 0.051764
657 12:00:06.560 95.157532 0.651111 4.055725 28.834789 0.175443 -0.391040 9.960097 0.103956 0.062374 0.031187 -6.750506 0.000000 0.041582
658 12:00:06.570 85.412856 0.698437 1.826320 23.895683 0.099546 -0.361413 9.884633 0.078217 0.046930 0.023465 -6.812279 0.000000 0.031287
659 12:00:06.580 76.837629 0.000000 2.022724 21.651434 0.103445 -0.404947 9.894264 0.052264 0.031359 0.015679 -6.874566 0.000000 0.020906
660 12:00:06.590 65.948216 0.218224 1.745254 21.155535 0.001609 -0.391980 9.902980 0.026168 0.015701 0.007850 -6.937197 0.000000 0.010467
661 12:00:06.600 56.221987 0.000000 0.424093 15.922880 0.008697 -0.399122 9.785271 0.000000 0.000000 0.000000 -7.000000 0.000000 0.000000
662 12:00:06.610 49.219485 0.000000 0.000000 14.058201 -0.028248 -0.376891 9.757398 -0.026168 -0.015701 -0.007850 -7.062803 0.000000 -0.010467
663 12:00:06.620 0.000000 0.000000 0.000000 0.000000 -0.081439 -0.367802 9.718740 -0.052264 -0.031359 -0.015679 -7.125434 0.000000 -0.020906
664 12:00:06.630 0.000000 0.000000 0.000000 0.000000 -0.123673 -0.348398 9.710356 -0.078217 -0.046930 -0.023465 -7.187721 0.000000 -0.031287
665 12:00:06.640 0.000000 0.000000 0.000000 0.000000 -0.162570 -0.368453 9.627781 -0.103956 -0.062374 -0.031187 -7.249494 0.000000 -0.041582
666 12:00:06.650 0.000000 0.000000 0.000000 0.000000 -0.186388 -0.374751 9.645010 -0.129410 -0.077646 -0.038823 -7.310583 0.000000 -0.051764
667 12:00:06.660 0.000000 0.000000 0.000000 0.000000 -0.243594 -0.361150 9.645152 -0.154508 -0.092705 -0.046353 -7.370820 0.000000 -0.061803
668 12:00:06.670 0.000000 0.000000 0.000000 0.000000 -0.285692 -0.372718 9.583961 -0.179184 -0.107510 -0.053755 -7.430042 0.000000 -0.071674
669 12:00:06.680 0.000000 0.000000 0.000000 0.000000 -0.340476 -0.376455 9.530978 -0.203368 -0.122021 -0.061010 -7.488084 0.000000 -0.081347
670 12:00:06.690 0.000000 0.000000 0.000000 0.000000 -0.343181 -0.380264 9.512032 -0.226995 -0.136197 -0.068099 -7.544789 0.000000 -0.090798
671 12:00:06.700 0.000000 0.000000 0.000000 0.000000 -0.394768 -0.382697 9.516382 -0.250000 -0.150000 -0.075000 -7.600000 0.000000 -0.100000
672 12:00:06.710 0.000000 0.000000 0.000000 0.000000 -0.424137 -0.321969 9.392233 -0.272320 -0.163392 -0.081696 -7.653567 0.000000 -0.108928
673 12:00:06.720 0.000000 0.000000 0.000000 0.000000 -0.467534 -0.336296 9.422430 -0.293893 -0.176336 -0.088168 -7.705342 0.000000 -0.117557
674 12:00:06.730 0.000000 0.000000 0.000000 0.000000 -0.518886 -0.256715 9.310384 -0.314660 -0.188796 -0.094398 -7.755184 0.000000 -0.125864
675 12:00:06.740 0.000000 0.000000 0.000000 0.000000 -0.513312 -0.284641 9.346084 -0.334565 -0.200739 -0.100370 -7.802957 0.000000 -0.133826
676 12:00:06.750 0.000000 0.000000 0.000000 0.000000 -0.555883 -0.298496 9.338743 -0.353553 -0.212132 -0.106066 -7.848528 0.000000 -0.141421
677 12:00:06.760 0.000000 0.000000 0.000000 0.000000 -0.587838 -0.264853 9.285711 -0.371572 -0.222943 -0.111472 -7.891774 0.000000 -0.148629
678 12:00:06.770 0.000000 0.000000 0.000000 0.000000 -0.610896 -0.242893 9.298100 -0.388573 -0.233144 -0.116572 -7.932575 0.000000 -0.155429
679 12:00:06.780 0.000000 0.000000 0.000000 0.000000 -0.651374 -0.241216 9.244301 -0.404508 -0.242705 -0.121353 -7.970820 0.000000 -0.161803
680 12:00:06.790 0.000000 0.000000 0.000000 0.000000 -0.665334 -0.231833 9.182227 -0.419335 -0.251601 -0.125801 -8.006405 0.000000 -0.167734
681 12:00:06.800 0.000000 0.000000 0.000000 0.000000 -0.717777 -0.236426 9.180313 -0.433013 -0.259808 -0.129904 -8.039230 0.000000 -0.173205
682 12:00:06.810 0.000000 0.000000 0.000000 0.000000 -0.709693 -0.170207 9.201761 -0.445503 -0.267302 -0.133651 -8.069208 0.000000 -0.178201
683 12:00:06.820 0.000000 0.000000 0.000000 0.000000 -0.735192 -0.153977 9.183956 -0.456773 -0.274064 -0.137032 -8.096255 0.000000 -0.182709
684 12:00:06.830 0.000000 0.000000 0.000000 0.000000 -0.760676 -0.172054 9.148983 -0.466790 -0.280074 -0.140037 -8.120297 0.000000 -0.186716
685 12:00:06.840 0.000000 0.000000 0.000000 0.000000 -0.779797 -0.135234 9.172451 -0.475528 -0.285317 -0.142658 -8.141268 0.000000 -0.190211
686 12:00:06.850 0.000000 0.000000 0.000000 0.000000 -0.797559 -0.109335 9.150344 -0.482963 -0.289778 -0.144889 -8.159111 0.000000 -0.193185
687 12:00:06.860 0.000000 0.000000 0.000000 0.000000 -0.768615 -0.117808 9.189729 -0.489074 -0.293444 -0.146722 -8.173777 0.000000 -0.195630
688 12:00:06.870 0.000000 0.000000 0.000000 0.000000 -0.805960 -0.049388 9.048433 -0.493844 -0.296307 -0.148153 -8.185226 0.000000 -0.197538
689 12:00:06.880 0.000000 0.000000 0.000000 0.000000 -0.791593 -0.045221 9.091785 -0.497261 -0.298357 -0.149178 -8.193426 0.000000 -0.198904
690 12:00:06.890 0.000000 0.000000 0.000000 0.000000 -0.794206 0.019850 9.191368 -0.499315 -0.299589 -0.149794 -8.198355 0.000000 -0.199726
691 12:00:06.900 0.000000 0.000000 0.000000 0.000000 -0.813036 0.000382 9.120250 -0.500000 -0.300000 -0.150000 -8.200000 0.000000 -0.200000
692 12:00:06.910 0.000000 0.000000 0.000000 0.000000 -0.780660 0.029485 9.090976 -0.499315 -0.299589 -0.149794 -8.198355 0.000000 -0.199726
693 12:00:06.920 0.000000 0.000000 0.000000 0.000000 -0.796154 0.016891 9.120144 -0.497261 -0.298357 -0.149178 -8.193426 0.000000 -0.198904
694 12:00:06.930 0.000000 0.000000 0.000000 0.000000 -0.770730 0.033540 9.136367 -0.493844 -0.296307 -0.148153 -8.185226 0.000000 -0.197538
695 12:00:06.940 0.000000 0.000000 0.000000 0.000000 -0.736163 0.060277 9.141122 -0.489074 -0.293444 -0.146722 -8.173777 0.000000 -0.195630
696 12:00:06.950 0.000000 0.000000 0.000000 0.000000 -0.786645 0.123384 9.176596 -0.482963 -0.289778 -0.144889 -8.159111 0.000000 -0.193185
697 12:00:06.960 0.000000 0.000000 0.000000 0.000000 -0.755775 0.124990 9.116524 -0.475528 -0.285317 -0.142658 -8.141268 0.000000 -0.190211
698 12:00:06.970 0.000000 0.000000 0.000000 0.000000 -0.768384 0.136671 9.116415 -0.466790 -0.280074 -0.140037 -8.120297 0.000000 -0.186716
699 12:00:06.980 0.000000 0.000000 0.000000 0.000000 -0.744699 0.197417 9.149616 -0.456773 -0.274064 -0.137032 -8.096255 0.000000 -0.182709
700 12:00:06.990 0.000000 0.000000 0.000000 0.000000 -0.723450 0.174168 9.190238 -0.445503 -0.267302 -0.133651 -8.069208 0.000000 -0.178201
701 12:00:07.000 0.000000 0.000000 0.000000 0.000000 -0.688253 0.203161 9.183148 -0.433013 -0.259808 -0.129904 -8.039230 0.000000 -0.173205
702 12:00:07.010 0.000000 0.000000 0.000000 0.000000 -0.662678 0.220950 9.196455 -0.419335 -0.251601 -0.125801 -8.006405 0.000000 -0.167734
703 12:00:07.020 0.000000 0.000000 0.000000 0.000000 -0.630964 0.210262 9.270142 -0.404508 -0.242705 -0.121353 -7.970820 0.000000 -0.161803
704 12:00:07.030 0.000000 0.000000 0.000000 0.000000 -0.630076 0.241930 9.214689 -0.388573 -0.233144 -0.116572 -7.932575 0.000000 -0.155429
705 12:00:07.040 0.000000 0.000000 0.000000 0.000000 -0.634306 0.298459 9.298637 -0.371572 -0.222943 -0.111472 -7.891774 0.000000 -0.148629
706 12:00:07.050 0.000000 0.000000 0.000000 0.000000 -0.570947 0.287784 9.389765 -0.353553 -0.212132 -0.106066 -7.848528 0.000000 -0.141421
707 12:00:07.060 0.000000 0.000000 0.000000 0.000000 -0.538859 0.291293 9.405358 -0.334565 -0.200739 -0.100370 -7.802957 0.000000 -0.133826
708 12:00:07.070 0.000000 0.000000 0.000000 0.000000 -0.509099 0.330289 9.434375 -0.314660 -0.188796 -0.094398 -7.755184 0.000000 -0.125864
709 12:00:07.080 0.000000 0.000000 0.000000 0.000000 -0.525507 0.324548 9.379470 -0.293893 -0.176336 -0.088168 -7.705342 0.000000 -0.117557
710 12:00:07.090 0.000000 0.000000 0.000000 0.000000 -0.472795 0.313528 9.408309 -0.272320 -0.163392 -0.081696 -7.653567 0.000000 -0.108928
711 12:00:07.100 0.000000 0.000000 0.000000 0.000000 -0.390899 0.343748 9.483225 -0.250000 -0.150000 -0.075000 -7.600000 0.000000 -0.100000
712 12:00:07.110 0.000000 0.000000 0.000000 0.000000 -0.352828 0.318648 9.497328 -0.226995 -0.136197 -0.068099 -7.544789 0.000000 -0.090798
713 12:00:07.120 0.000000 0.000000 0.000000 0.000000 -0.313987 0.375575 9.471201 -0.203368 -0.122021 -0.061010 -7.488084 0.000000 -0.081347
714 12:00:07.130 0.000000 0.000000 0.000000 0.000000 -0.325052 0.359991 9.512280 -0.179184 -0.107510 -0.053755 -7.430042 0.000000 -0.071674
715 12:00:07.140 0.000000 0.000000 0.000000 0.000000 -0.230264 0.381988 9.593875 -0.154508 -0.092705 -0.046353 -7.370820 0.000000 -0.061803
716 12:00:07.150 0.000000 0.000000 0.000000 0.000000 -0.203175 0.395954 9.580529 -0.129410 -0.077646 -0.038823 -7.310583 0.000000 -0.051764
717 12:00:07.160 0.000000 0.000000 0.000000 0.000000 -0.194019 0.403422 9.646458 -0.103956 -0.062374 -0.031187 -7.249494 0.000000 -0.041582
718 12:00:07.170 0.000000 0.000000 0.000000 0.000000 -0.111129 0.409869 9.744930 -0.078217 -0.046930 -0.023465 -7.187721 0.000000 -0.031287
719 12:00:07.180 0.000000 0.000000 0.000000 0.000000 -0.085250 0.384098 9.711886 -0.052264 -0.031359 -0.015679 -7.125434 0.000000 -0.020906
720 12:00:07.190 0.000000 0.000000 0.000000 0.000000 -0.018322 0.395261 9.750876 -0.026168 -0.015701 -0.007850 -7.062803 0.000000 -0.010467
721 12:00:07.200 0.496719 76.103790 0.000000 1.031000 0.001075 0.426679 9.776654 0.000000 0.000000 0.000000 -7.000000 0.000000 0.000000
722 12:00:07.210 0.000000 92.572132 1.439990 0.451849 0.018215 0.396399 9.853880 0.026168 0.015701 0.007850 -6.937197 0.000000 0.010467
723 12:00:07.220 0.356585 106.847398 1.524472 0.166588 0.082682 0.392813 9.893577 0.052264 0.031359 0.015679 -6.874566 0.000000 0.020906
724 12:00:07.230 0.000000 123.198458 1.093604 0.000000 0.112449 0.387900 9.867099 0.078217 0.046930 0.023465 -6.812279 0.000000 0.031287
725 12:00:07.240 1.794304 141.106918 3.505845 0.000000 0.174434 0.395803 9.977337 0.103956 0.062374 0.031187 -6.750506 0.000000 0.041582
726 12:00:07.250 0.211074 156.890930 4.431964 0.000450 0.223056 0.375896 10.014152 0.129410 0.077646 0.038823 -6.689417 0.000000 0.051764
727 12:00:07.260 1.044865 171.823522 3.760037 2.053067 0.226425 0.408868 10.026744 0.154508 0.092705 0.046353 -6.629180 0.000000 0.061803
728 12:00:07.270 0.930772 183.647855 4.438701 1.212873 0.255859 0.369331 10.103739 0.179184 0.107510 0.053755 -6.569958 0.000000 0.071674
729 12:00:07.280 0.000000 196.469648 5.782971 0.000000 0.350787 0.346026 10.052671 0.203368 0.122021 0.061010 -6.511916 0.000000 0.081347
730 12:00:07.290 0.386921 203.515667 8.808191 0.319024 0.339218 0.351336 10.133612 0.226995 0.136197 0.068099 -6.455211 0.000000 0.090798
731 12:00:07.300 0.000000 209.014706 10.930288 0.000000 0.372244 0.377392 10.118993 0.250000 0.150000 0.075000 -6.400000 0.000000 0.100000
732 12:00:07.310 0.261885 208.963267 13.123423 0.994488 0.409268 0.329362 10.241681 0.272320 0.163392 0.081696 -6.346433 0.000000 0.108928
733 12:00:07.320 1.739316 209.212719 14.898712 0.787103 0.445259 0.292849 10.191570 0.293893 0.176336 0.088168 -6.294658 0.000000 0.117557
734 12:00:07.330 0.364076 203.752811 18.143507 0.571810 0.508934 0.315262 10.239878 0.314660 0.188796 0.094398 -6.244816 0.000000 0.125864
735 12:00:07.340 0.000000 195.506211 20.909920 0.000000 0.510328 0.291266 10.300566 0.334565 0.200739 0.100370 -6.197043 0.000000 0.133826
736 12:00:07.350 1.987054 181.446662 24.977566 0.734365 0.576299 0.283375 10.282336 0.353553 0.212132 0.106066 -6.151472 0.000000 0.141421
737 12:00:07.360 0.000000 169.195075 27.148364 0.000000 0.591326 0.294099 10.335487 0.371572 0.222943 0.111472 -6.108226 0.000000 0.148629
738 12:00:07.370 1.310893 156.928909 32.523504 2.663693 0.616576 0.272823 10.340147 0.388573 0.233144 0.116572 -6.067425 0.000000 0.155429
739 12:00:07.380 0.125369 137.755226 37.161798 0.399523 0.624760 0.258611 10.352213 0.404508 0.242705 0.121353 -6.029180 0.000000 0.161803
740 12:00:07.390 2.195173 120.747246 42.291532 0.000000 0.657787 0.202392 10.455677 0.419335 0.251601 0.125801 -5.993595 0.000000 0.167734
741 12:00:07.400 2.668744 106.775842 45.090621 1.978049 0.684871 0.169705 10.426867 0.433013 0.259808 0.129904 -5.960770 0.000000 0.173205
742 12:00:07.410 8.109369 91.530352 48.967877 0.558565 0.707868 0.174524 10.436627 0.445503 0.267302 0.133651 -5.930792 0.000000 0.178201
743 12:00:07.420 7.895827 75.244741 53.762924 1.596806 0.713553 0.152570 10.493725 0.456773 0.274064 0.137032 -5.903745 0.000000 0.182709
744 12:00:07.430 9.463879 64.636241 58.043316 1.937872 0.762960 0.135080 10.472994 0.466790 0.280074 0.140037 -5.879703 0.000000 0.186716
745 12:00:07.440 8.537521 52.755902 61.963337 3.848182 0.735637 0.161381 10.499172 0.475528 0.285317 0.142658 -5.858732 0.000000 0.190211
746 12:00:07.450 13.977031 41.220250 63.085358 5.284910 0.784734 0.111410 10.488690 0.482963 0.289778 0.144889 -5.840889 0.000000 0.193185
747 12:00:07.460 15.663286 31.598740 69.428942 2.701213 0.765830 0.073586 10.495278 0.489074 0.293444 0.146722 -5.826223 0.000000 0.195630
748 12:00:07.470 18.496715 25.882476 70.919237 6.256360 0.811627 0.065883 10.505092 0.493844 0.296307 0.148153 -5.814774 0.000000 0.197538
749 12:00:07.480 23.827031 18.436891 71.875232 5.912638 0.761174 0.078044 10.508881 0.497261 0.298357 0.149178 -5.806574 0.000000 0.198904
750 12:00:07.490 32.135626 13.738440 74.621946 7.834899 0.788228 0.003970 10.535354 0.499315 0.299589 0.149794 -5.801645 0.000000 0.199726
751 12:00:07.500 38.011532 10.190331 74.455170 8.101174 0.791953 -0.025277 10.470409 0.500000 0.300000 0.150000 -5.800000 0.000000 0.200000
752 12:00:07.510 44.790243 8.093102 72.832834 12.745935 0.773331 -0.020461 10.569606 0.499315 0.299589 0.149794 -5.801645 0.000000 0.199726
753 12:00:07.520 51.316963 6.578820 73.543927 13.545971 0.797789 -0.027156 10.505939 0.497261 0.298357 0.149178 -5.806574 0.000000 0.198904
754 12:00:07.530 59.098396 2.664440 73.360577 17.096252 0.827774 -0.079700 10.462543 0.493844 0.296307 0.148153 -5.814774 0.000000 0.197538
755 12:00:07.540 68.588975 4.441934 71.531884 19.615100 0.765521 -0.039512 10.518456 0.489074 0.293444 0.146722 -5.826223 0.000000 0.195630
756 12:00:07.550 79.325604 0.943120 69.936097 22.016744 0.787865 -0.107374 10.463210 0.482963 0.289778 0.144889 -5.840889 0.000000 0.193185
757 12:00:07.560 89.923398 2.367403 64.995322 26.695995 0.703247 -0.098166 10.417252 0.475528 0.285317 0.142658 -5.858732 0.000000 0.190211
758 12:00:07.570 97.010205 1.102216 61.642133 26.519002 0.757731 -0.123200 10.462124 0.466790 0.280074 0.140037 -5.879703 0.000000 0.186716
759 12:00:07.580 109.212553 0.000000 59.070400 30.031192 0.702212 -0.123311 10.435484 0.456773 0.274064 0.137032 -5.903745 0.000000 0.182709
760 12:00:07.590 118.391262 0.000000 54.743541 33.199284 0.709868 -0.170208 10.401515 0.445503 0.267302 0.133651 -5.930792 0.000000 0.178201
761 12:00:07.600 128.571088 0.000000 48.354703 35.430533 0.684720 -0.205909 10.409213 0.433013 0.259808 0.129904 -5.960770 0.000000 0.173205
762 12:00:07.610 137.082460 0.874521 44.806388 39.492571 0.671822 -0.206733 10.382489 0.419335 0.251601 0.125801 -5.993595 0.000000 0.167734
763 12:00:07.620 144.840587 3.351215 37.952986 39.757500 0.616967 -0.264742 10.346309 0.404508 0.242705 0.121353 -6.029180 0.000000 0.161803
764 12:00:07.630 152.223423 0.000000 36.829292 41.798627 0.647651 -0.263457 10.322477 0.388573 0.233144 0.116572 -6.067425 0.000000 0.155429
765 12:00:07.640 157.108403 0.000000 31.759111 42.314571 0.595026 -0.236974 10.337537 0.371572 0.222943 0.111472 -6.108226 0.000000 0.148629
766 12:00:07.650 159.321036 0.000000 28.804055 44.982043 0.557738 -0.264886 10.244506 0.353553 0.212132 0.106066 -6.151472 0.000000 0.141421
767 12:00:07.660 159.996974 1.158983 23.883192 45.039788 0.532437 -0.308780 10.329815 0.334565 0.200739 0.100370 -6.197043 0.000000 0.133826
768 12:00:07.670 160.350980 2.411524 21.403850 44.544634 0.483993 -0.326248 10.207023 0.314660 0.188796 0.094398 -6.244816 0.000000 0.125864
769 12:00:07.680 159.748380 0.110892 17.861127 44.406928 0.460624 -0.324878 10.238441 0.293893 0.176336 0.088168 -6.294658 0.000000 0.117557
770 12:00:07.690 156.818826 1.966777 13.454210 42.599704 0.438056 -0.321545 10.173158 0.272320 0.163392 0.081696 -6.346433 0.000000 0.108928
771 12:00:07.700 149.032098 0.000000 13.985441 42.577554 0.430904 -0.328925 10.191629 0.250000 0.150000 0.075000 -6.400000 0.000000 0.100000
772 12:00:07.710 141.269733 0.202866 11.206727 41.686230 0.352400 -0.371471 10.142842 0.226995 0.136197 0.068099 -6.455211 0.000000 0.090798
773 12:00:07.720 134.826966 0.000000 9.265296 36.999040 0.339325 -0.364769 10.113437 0.203368 0.122021 0.061010 -6.511916 0.000000 0.081347
774 12:00:07.730 123.347656 0.000000 7.029093 36.253840 0.251259 -0.378084 10.041650 0.179184 0.107510 0.053755 -6.569958 0.000000 0.071674
775 12:00:07.740 117.450112 0.000000 5.669794 33.803838 0.222791 -0.384090 10.036196 0.154508 0.092705 0.046353 -6.629180 0.000000 0.061803
776 12:00:07.750 106.861346 0.000000 4.312668 30.860664 0.176890 -0.376922 9.994222 0.129410 0.077646 0.038823 -6.689417 0.000000 0.051764
777 12:00:07.760 97.043048 0.689300 3.487043 25.214329 0.125915 -0.420838 9.915251 0.103956 0.062374 0.031187 -6.750506 0.000000 0.041582
778 12:00:07.770 86.338246 1.258031 2.775433 23.858100 0.132049 -0.375561 9.974293 0.078217 0.046930 0.023465 -6.812279 0.000000 0.031287
779 12:00:07.780 75.881195 0.301013 1.444899 21.141632 0.100017 -0.435137 9.917720 0.052264 0.031359 0.015679 -6.874566 0.000000 0.020906
780 12:00:07.790 68.226365 0.000000 1.077025 18.977223 0.070253 -0.397004 9.840573 0.026168 0.015701 0.007850 -6.937197 0.000000 0.010467
781 12:00:07.800 57.432542 0.000000 1.667519 16.531880 -0.019683 -0.418212 9.796829 0.000000 0.000000 0.000000 -7.000000 0.000000 0.000000
782 12:00:07.810 49.237754 0.000000 0.000000 11.614387 -0.019493 -0.393460 9.775080 -0.026168 -0.015701 -0.007850 -7.062803 0.000000 -0.010467
783 12:00:07.820 0.000000 0.000000 0.000000 0.000000 -0.066636 -0.373030 9.718885 -0.052264 -0.031359 -0.015679 -7.125434 0.000000 -0.020906
784 12:00:07.830 0.000000 0.000000 0.000000 0.000000 -0.104780 -0.399531 9.702452 -0.078217 -0.046930 -0.023465 -7.187721 0.000000 -0.031287
785 12:00:07.840 0.000000 0.000000 0.000000 0.000000 -0.148962 -0.375250 9.674268 -0.103956 -0.062374 -0.031187 -7.249494 0.000000 -0.041582
786 12:00:07.850 0.000000 0.000000 0.000000 0.000000 -0.224538 -0.370651 9.621674 -0.129410 -0.077646 -0.038823 -7.310583 0.000000 -0.051764
787 12:00:07.860 0.000000 0.000000 0.000000 0.000000 -0.260711 -0.397653 9.631989 -0.154508 -0.092705 -0.046353 -7.370820 0.000000 -0.061803
788 12:00:07.870 0.000000 0.000000 0.000000 0.000000 -0.292216 -0.397461 9.555935 -0.179184 -0.107510 -0.053755 -7.430042 0.000000 -0.071674
789 12:00:07.880 0.000000 0.000000 0.000000 0.000000 -0.318461 -0.363226 9.504206 -0.203368 -0.122021 -0.061010 -7.488084 0.000000 -0.081347
790 12:00:07.890 0.000000 0.000000 0.000000 0.000000 -0.362219 -0.331860 9.498820 -0.226995 -0.136197 -0.068099 -7.544789 0.000000 -0.090798
791 12:00:07.900 0.000000 0.000000 0.000000 0.000000 -0.418050 -0.368902 9.447296 -0.250000 -0.150000 -0.075000 -7.600000 0.000000 -0.100000
792 12:00:07.910 0.000000 0.000000 0.000000 0.000000 -0.443785 -0.348253 9.441481 -0.272320 -0.163392 -0.081696 -7.653567 0.000000 -0.108928
793 12:00:07.920 0.000000 0.000000 0.000000 0.000000 -0.492025 -0.334925 9.435643 -0.293893 -0.176336 -0.088168 -7.705342 0.000000 -0.117557
794 12:00:07.930 0.000000 0.000000 0.000000 0.000000 -0.508829 -0.309606 9.378016 -0.314660 -0.188796 -0.094398 -7.755184 0.000000 -0.125864
795 12:00:07.940 0.000000 0.000000 0.000000 0.000000 -0.532073 -0.278109 9.304329 -0.334565 -0.200739 -0.100370 -7.802957 0.000000 -0.133826
796 12:00:07.950 0.000000 0.000000 0.000000 0.000000 -0.568479 -0.293442 9.287035 -0.353553 -0.212132 -0.106066 -7.848528 0.000000 -0.141421
797 12:00:07.960 0.000000 0.000000 0.000000 0.000000 -0.590987 -0.246861 9.269840 -0.371572 -0.222943 -0.111472 -7.891774 0.000000 -0.148629
798 12:00:07.970 0.000000 0.000000 0.000000 0.000000 -0.605361 -0.248157 9.280691 -0.388573 -0.233144 -0.116572 -7.932575 0.000000 -0.155429
799 12:00:07.980 0.000000 0.000000 0.000000 0.000000 -0.630560 -0.194003 9.272242 -0.404508 -0.242705 -0.121353 -7.970820 0.000000 -0.161803
800 12:00:07.990 0.000000 0.000000 0.000000 0.000000 -0.667461 -0.219072 9.191089 -0.419335 -0.251601 -0.125801 -8.006405 0.000000 -0.167734
801 12:00:08.000 0.000000 0.000000 0.000000 0.000000 -0.683599 -0.215350 9.160877 -0.433013 -0.259808 -0.129904 -8.039230 0.000000 -0.173205
802 12:00:08.010 0.000000 0.000000 0.000000 0.000000 -0.712740 -0.196447 9.225351 -0.445503 -0.267302 -0.133651 -8.069208 0.000000 -0.178201
803 12:00:08.020 0.000000 0.000000 0.000000 0.000000 -0.728848 -0.188512 9.143792 -0.456773 -0.274064 -0.137032 -8.096255 0.000000 -0.182709
804 12:00:08.030 0.000000 0.000000 0.000000 0.000000 -0.712595 -0.172894 9.151768 -0.466790 -0.280074 -0.140037 -8.120297 0.000000 -0.186716
805 12:00:08.040 0.000000 0.000000 0.000000 0.000000 -0.732830 -0.120475 9.135809 -0.475528 -0.285317 -0.142658 -8.141268 0.000000 -0.190211
806 12:00:08.050 0.000000 0.000000 0.000000 0.000000 -0.783936 -0.093587 9.130220 -0.482963 -0.289778 -0.144889 -8.159111 0.000000 -0.193185
807 12:00:08.060 0.000000 0.000000 0.000000 0.000000 -0.769386 -0.067820 9.101974 -0.489074 -0.293444 -0.146722 -8.173777 0.000000 -0.195630
808 12:00:08.070 0.000000 0.000000 0.000000 0.000000 -0.770784 -0.066475 9.127226 -0.493844 -0.296307 -0.148153 -8.185226 0.000000 -0.197538
809 12:00:08.080 0.000000 0.000000 0.000000 0.000000 -0.832414 -0.024190 9.068471 -0.497261 -0.298357 -0.149178 -8.193426 0.000000 -0.198904
810 12:00:08.090 0.000000 0.000000 0.000000 0.000000 -0.805613 -0.037013 9.074068 -0.499315 -0.299589 -0.149794 -8.198355 0.000000 -0.199726
811 12:00:08.100 0.000000 0.000000 0.000000 0.000000 -0.835007 -0.004719 9.165897 -0.500000 -0.300000 -0.150000 -8.200000 0.000000 -0.200000
812 12:00:08.110 0.000000 0.000000 0.000000 0.000000 -0.772362 0.040551 9.107353 -0.499315 -0.299589 -0.149794 -8.198355 0.000000 -0.199726
813 12:00:08.120 0.000000 0.000000 0.000000 0.000000 -0.795091 0.053092 9.143850 -0.497261 -0.298357 -0.149178 -8.193426 0.000000 -0.198904
814 12:00:08.130 0.000000 0.000000 0.000000 0.000000 -0.785855 0.057546 9.075908 -0.493844 -0.296307 -0.148153 -8.185226 0.000000 -0.197538
815 12:00:08.140 0.000000 0.000000 0.000000 0.000000 -0.799127 0.088395 9.117420 -0.489074 -0.293444 -0.146722 -8.173777 0.000000 -0.195630
816 12:00:08.150 0.000000 0.000000 0.000000 0.000000 -0.765125 0.116097 9.138000 -0.482963 -0.289778 -0.144889 -8.159111 0.000000 -0.193185
817 12:00:08.160 0.000000 0.000000 0.000000 0.000000 -0.768974 0.124559 9.117586 -0.475528 -0.285317 -0.142658 -8.141268 0.000000 -0.190211
818 12:00:08.170 0.000000 0.000000 0.000000 0.000000 -0.762204 0.151677 9.099051 -0.466790 -0.280074 -0.140037 -8.120297 0.000000 -0.186716
819 12:00:08.180 0.000000 0.000000 0.000000 0.000000 -0.729587 0.175136 9.156663 -0.456773 -0.274064 -0.137032 -8.096255 0.000000 -0.182709
820 12:00:08.190 0.000000 0.000000 0.000000 0.000000 -0.754575 0.212687 9.219431 -0.445503 -0.267302 -0.133651 -8.069208 0.000000 -0.178201
821 12:00:08.200 0.000000 0.000000 0.000000 0.000000 -0.722749 0.194680 9.232609 -0.433013 -0.259808 -0.129904 -8.039230 0.000000 -0.173205
822 12:00:08.210 0.000000 0.000000 0.000000 0.000000 -0.676425 0.234061 9.249607 -0.419335 -0.251601 -0.125801 -8.006405 0.000000 -0.167734
823 12:00:08.220 0.000000 0.000000 0.000000 0.000000 -0.645295 0.246620 9.222621 -0.404508 -0.242705 -0.121353 -7.970820 0.000000 -0.161803
824 12:00:08.230 0.000000 0.000000 0.000000 0.000000 -0.601157 0.257987 9.283947 -0.388573 -0.233144 -0.116572 -7.932575 0.000000 -0.155429
825 12:00:08.240 0.000000 0.000000 0.000000 0.000000 -0.620913 0.260132 9.311837 -0.371572 -0.222943 -0.111472 -7.891774 0.000000 -0.148629
826 12:00:08.250 0.000000 0.000000 0.000000 0.000000 -0.572981 0.292023 9.316760 -0.353553 -0.212132 -0.106066 -7.848528 0.000000 -0.141421
827 12:00:08.260 0.000000 0.000000 0.000000 0.000000 -0.521340 0.284233 9.298164 -0.334565 -0.200739 -0.100370 -7.802957 0.000000 -0.133826
828 12:00:08.270 0.000000 0.000000 0.000000 0.000000 -0.502028 0.343893 9.369450 -0.314660 -0.188796 -0.094398 -7.755184 0.000000 -0.125864
829 12:00:08.280 0.000000 0.000000 0.000000 0.000000 -0.451799 0.302295 9.368237 -0.293893 -0.176336 -0.088168 -7.705342 0.000000 -0.117557
830 12:00:08.290 0.000000 0.000000 0.000000 0.000000 -0.455901 0.353023 9.435993 -0.272320 -0.163392 -0.081696 -7.653567 0.000000 -0.108928
831 12:00:08.300 0.000000 0.000000 0.000000 0.000000 -0.391292 0.337336 9.444847 -0.250000 -0.150000 -0.075000 -7.600000 0.000000 -0.100000
832 12:00:08.310 0.000000 0.000000 0.000000 0.000000 -0.370241 0.382307 9.497255 -0.226995 -0.136197 -0.068099 -7.544789 0.000000 -0.090798
833 12:00:08.320 0.000000 0.000000 0.000000 0.000000 -0.319372 0.385438 9.554521 -0.203368 -0.122021 -0.061010 -7.488084 0.000000 -0.081347
834 12:00:08.330 0.000000 0.000000 0.000000 0.000000 -0.286756 0.358986 9.606812 -0.179184 -0.107510 -0.053755 -7.430042 0.000000 -0.071674
835 12:00:08.340 0.000000 0.000000 0.000000 0.000000 -0.252541 0.358297 9.578383 -0.154508 -0.092705 -0.046353 -7.370820 0.000000 -0.061803
836 12:00:08.350 0.000000 0.000000 0.000000 0.000000 -0.212976 0.369331 9.680642 -0.129410 -0.077646 -0.038823 -7.310583 0.000000 -0.051764
837 12:00:08.360 0.000000 0.000000 0.000000 0.000000 -0.145404 0.386154 9.642536 -0.103956 -0.062374 -0.031187 -7.249494 0.000000 -0.041582
838 12:00:08.370 0.000000 0.000000 0.000000 0.000000 -0.153462 0.358315 9.712508 -0.078217 -0.046930 -0.023465 -7.187721 0.000000 -0.031287
839 12:00:08.380 0.000000 0.000000 0.000000 0.000000 -0.068482 0.425229 9.752990 -0.052264 -0.031359 -0.015679 -7.125434 0.000000 -0.020906
840 12:00:08.390 0.000000 0.000000 0.000000 0.000000 -0.045928 0.401518 9.793467 -0.026168 -0.015701 -0.007850 -7.062803 0.000000 -0.010467
841 12:00:08.400 0.000000 77.706162 0.219312 0.633536 -0.000701 0.396131 9.831657 0.000000 0.000000 0.000000 -7.000000 0.000000 0.000000
842 12:00:08.410 0.000000 91.259340 0.319153 0.000000 0.039540 0.409646 9.831818 0.026168 0.015701 0.007850 -6.937197 0.000000 0.010467
843 12:00:08.420 0.000000 107.435171 1.754122 0.104626 0.111079 0.392186 9.844889 0.052264 0.031359 0.015679 -6.874566 0.000000 0.020906
844 12:00:08.430 0.621486 122.946653 2.809192 0.355144 0.102741 0.380739 9.908205 0.078217 0.046930 0.023465 -6.812279 0.000000 0.031287
845 12:00:08.440 0.000000 141.768876 2.144229 0.000000 0.191783 0.375737 10.009992 0.103956 0.062374 0.031187 -6.750506 0.000000 0.041582
846 12:00:08.450 0.000000 154.983088 3.159166 0.859260 0.196168 0.383831 9.996594 0.129410 0.077646 0.038823 -6.689417 0.000000 0.051764
847 12:00:08.460 0.000000 169.839390 5.319265 1.109628 0.230514 0.410721 10.057128 0.154508 0.092705 0.046353 -6.629180 0.000000 0.061803
848 12:00:08.470 0.000000 186.483766 6.213317 1.361640 0.299042 0.379064 10.101609 0.179184 0.107510 0.053755 -6.569958 0.000000 0.071674
849 12:00:08.480 0.000000 194.062306 7.147982 0.000000 0.320065 0.411940 10.106129 0.203368 0.122021 0.061010 -6.511916 0.000000 0.081347
850 12:00:08.490 0.686222 203.121442 8.462741 0.000000 0.353692 0.346343 10.094772 0.226995 0.136197 0.068099 -6.455211 0.000000 0.090798
851 12:00:08.500 1.703889 208.639526 11.375257 0.000000 0.416649 0.368436 10.152058 0.250000 0.150000 0.075000 -6.400000 0.000000 0.100000
852 12:00:08.510 0.289143 208.295374 11.367030 0.000000 0.403267 0.330118 10.184187 0.272320 0.163392 0.081696 -6.346433 0.000000 0.108928
853 12:00:08.520 0.000000 209.350081 16.589404 0.000000 0.460878 0.312825 10.246265 0.293893 0.176336 0.088168 -6.294658 0.000000 0.117557
854 12:00:08.530 0.036213 203.129494 18.603935 0.000000 0.498138 0.324152 10.225672 0.314660 0.188796 0.094398 -6.244816 0.000000 0.125864
855 12:00:08.540 2.257365 194.648448 20.277269 0.839468 0.550258 0.302593 10.324570 0.334565 0.200739 0.100370 -6.197043 0.000000 0.133826
856 12:00:08.550 1.168601 183.268334 24.743136 0.000000 0.568887 0.281468 10.302706 0.353553 0.212132 0.106066 -6.151472 0.000000 0.141421
857 12:00:08.560 0.000000 170.764496 28.717919 0.000000 0.598269 0.269524 10.322604 0.371572 0.222943 0.111472 -6.108226 0.000000 0.148629
858 12:00:08.570 2.011015 155.475721 33.157200 2.103467 0.634500 0.229515 10.374317 0.388573 0.233144 0.116572 -6.067425 0.000000 0.155429
859 12:00:08.580 2.752685 137.911703 35.807061 1.506356 0.667456 0.217099 10.385525 0.404508 0.242705 0.121353 -6.029180 0.000000 0.161803
860 12:00:08.590 3.918511 123.548734 40.125717 0.018551 0.712232 0.224160 10.371656 0.419335 0.251601 0.125801 -5.993595 0.000000 0.167734
861 12:00:08.600 2.080726 107.368581 45.562535 1.212240 0.716761 0.224815 10.372425 0.433013 0.259808 0.129904 -5.960770 0.000000 0.173205
862 12:00:08.610 4.183883 91.192209 49.799549 1.182842 0.679423 0.170375 10.434656 0.445503 0.267302 0.133651 -5.930792 0.000000 0.178201
863 12:00:08.620 5.161247 77.049212 51.752096 1.464521 0.729010 0.151339 10.435327 0.456773 0.274064 0.137032 -5.903745 0.000000 0.182709
864 12:00:08.630 5.874866 63.036829 57.835296 2.765937 0.736234 0.119257 10.503794 0.466790 0.280074 0.140037 -5.879703 0.000000 0.186716
865 12:00:08.640 10.089087 51.107686 59.795716 4.683061 0.759085 0.114568 10.493363 0.475528 0.285317 0.142658 -5.858732 0.000000 0.190211
866 12:00:08.650 13.631165 44.951574 64.411043 4.896889 0.770719 0.068828 10.497548 0.482963 0.289778 0.144889 -5.840889 0.000000 0.193185
867 12:00:08.660 15.950301 31.095274 67.896418 5.260284 0.796113 0.069798 10.506707 0.489074 0.293444 0.146722 -5.826223 0.000000 0.195630
868 12:00:08.670 19.890749 24.943967 72.299369 5.554491 0.740998 0.025606 10.444247 0.493844 0.296307 0.148153 -5.814774 0.000000 0.197538
869 12:00:08.680 24.502318 20.257390 72.776982 5.833195 0.784184 0.062998 10.513561 0.497261 0.298357 0.149178 -5.806574 0.000000 0.198904
870 12:00:08.690 29.319427 15.036566 74.135296 7.146774 0.801499 0.015264 10.561462 0.499315 0.299589 0.149794 -5.801645 0.000000 0.199726
871 12:00:08.700 36.242391 10.900124 75.985193 11.337775 0.807975 0.018741 10.514979 0.500000 0.300000 0.150000 -5.800000 0.000000 0.200000
872 12:00:08.710 43.966224 7.767199 75.671333 13.730034 0.835731 -0.027734 10.512710 0.499315 0.299589 0.149794 -5.801645 0.000000 0.199726
873 12:00:08.720 49.834529 5.515095 74.660605 14.141426 0.800610 -0.063721 10.511486 0.497261 0.298357 0.149178 -5.806574 0.000000 0.198904
874 12:00:08.730 58.156218 2.824183 74.264409 17.605148 0.781457 -0.057436 10.458155 0.493844 0.296307 0.148153 -5.814774 0.000000 0.197538
875 12:00:08.740 68.135052 1.605271 68.358061 17.562679 0.776314 -0.073560 10.527690 0.489074 0.293444 0.146722 -5.826223 0.000000 0.195630
876 12:00:08.750 77.518439 2.410595 68.978647 21.543496 0.806665 -0.136559 10.492103 0.482963 0.289778 0.144889 -5.840889 0.000000 0.193185
877 12:00:08.760 87.500582 1.884201 65.233754 24.435487 0.729905 -0.119492 10.491755 0.475528 0.285317 0.142658 -5.858732 0.000000 0.190211
878 12:00:08.770 97.717460 1.029904 61.275344 28.518270 0.752951 -0.146549 10.494182 0.466790 0.280074 0.140037 -5.879703 0.000000 0.186716
879 12:00:08.780 107.452463 0.000000 56.964504 30.225825 0.737737 -0.207434 10.468358 0.456773 0.274064 0.137032 -5.903745 0.000000 0.182709
880 12:00:08.790 118.823638 0.618706 51.886412 33.111021 0.699333 -0.150145 10.416177 0.445503 0.267302 0.133651 -5.930792 0.000000 0.178201
881 12:00:08.800 127.505423 0.000000 49.919679 34.904754 0.693730 -0.222333 10.406578 0.433013 0.259808 0.129904 -5.960770 0.000000 0.173205
882 12:00:08.810 136.646648 0.057545 44.191573 40.484523 0.690558 -0.238344 10.397442 0.419335 0.251601 0.125801 -5.993595 0.000000 0.167734
883 12:00:08.820 144.601069 0.480248 39.307078 40.660199 0.639525 -0.231203 10.390360 0.404508 0.242705 0.121353 -6.029180 0.000000 0.161803
884 12:00:08.830 151.900674 0.611055 35.323353 40.329965 0.624516 -0.239798 10.389023 0.388573 0.233144 0.116572 -6.067425 0.000000 0.155429
885 12:00:08.840 156.506047 0.000000 32.200128 43.214671 0.631775 -0.268903 10.325456 0.371572 0.222943 0.111472 -6.108226 0.000000 0.148629
886 12:00:08.850 160.645538 0.552496 27.777997 44.993247 0.533314 -0.286896 10.259168 0.353553 0.212132 0.106066 -6.151472 0.000000 0.141421
887 12:00:08.860 159.448922 1.272349 23.565467 45.050829 0.530581 -0.312787 10.281102 0.334565 0.200739 0.100370 -6.197043 0.000000 0.133826
888 12:00:08.870 162.222441 0.000000 22.019083 45.200588 0.521303 -0.310799 10.205935 0.314660 0.188796 0.094398 -6.244816 0.000000 0.125864
889 12:00:08.880 157.734269 0.054859 18.692352 45.024214 0.458229 -0.331191 10.235521 0.293893 0.176336 0.088168 -6.294658 0.000000 0.117557
890 12:00:08.890 155.144867 1.267990 14.518880 44.626059 0.455947 -0.332358 10.212402 0.272320 0.163392 0.081696 -6.346433 0.000000 0.108928
891 12:00:08.900 148.460779 1.655593 12.512818 43.971987 0.394193 -0.338401 10.147802 0.250000 0.150000 0.075000 -6.400000 0.000000 0.100000
892 12:00:08.910 140.864279 0.808494 11.946556 41.299033 0.357094 -0.340153 10.075620 0.226995 0.136197 0.068099 -6.455211 0.000000 0.090798
893 12:00:08.920 131.926499 0.000000 9.544862 37.490401 0.316238 -0.322602 10.127335 0.203368 0.122021 0.061010 -6.511916 0.000000 0.081347
894 12:00:08.930 125.987544 0.276740 6.170931 35.914274 0.294489 -0.413846 10.049151 0.179184 0.107510 0.053755 -6.569958 0.000000 0.071674
895 12:00:08.940 115.740192 0.000000 5.673481 33.107516 0.265734 -0.377586 10.040833 0.154508 0.092705 0.046353 -6.629180 0.000000 0.061803
896 12:00:08.950 107.054386 0.000000 5.335167 30.265387 0.231627 -0.403431 10.043603 0.129410 0.077646 0.038823 -6.689417 0.000000 0.051764
897 12:00:08.960 94.661182 0.000000 5.006489 26.120765 0.174926 -0.424559 9.947236 0.103956 0.062374 0.031187 -6.750506 0.000000 0.041582
898 12:00:08.970 84.997077 0.000000 2.651542 25.435278 0.129206 -0.415845 9.926020 0.078217 0.046930 0.023465 -6.812279 0.000000 0.031287
899 12:00:08.980 75.984059 0.745654 2.586747 20.763659 0.039677 -0.407609 9.924209 0.052264 0.031359 0.015679 -6.874566 0.000000 0.020906
900 12:00:08.990 66.864119 0.000000 2.653946 18.387256 0.039744 -0.396443 9.853095 0.026168 0.015701 0.007850 -6.937197 0.000000 0.010467
901 12:00:09.000 56.083046 0.000000 0.203491 16.552651 0.001103 -0.397747 9.769622 0.000000 0.000000 0.000000 -7.000000 0.000000 0.000000
902 12:00:09.010 49.518946 1.312213 1.470894 15.343225 -0.008589 -0.372417 9.770624 -0.026168 -0.015701 -0.007850 -7.062803 0.000000 -0.010467
903 12:00:09.020 0.000000 0.000000 0.000000 0.000000 -0.093468 -0.423119 9.750705 -0.052264 -0.031359 -0.015679 -7.125434 0.000000 -0.020906
904 12:00:09.030 0.000000 0.000000 0.000000 0.000000 -0.132505 -0.390426 9.714715 -0.078217 -0.046930 -0.023465 -7.187721 0.000000 -0.031287
905 12:00:09.040 0.000000 0.000000 0.000000 0.000000 -0.172948 -0.375693 9.682485 -0.103956 -0.062374 -0.031187 -7.249494 0.000000 -0.041582
906 12:00:09.050 0.000000 0.000000 0.000000 0.000000 -0.240595 -0.374644 9.540244 -0.129410 -0.077646 -0.038823 -7.310583 0.000000 -0.051764
907 12:00:09.060 0.000000 0.000000 0.000000 0.000000 -0.225752 -0.332405 9.584864 -0.154508 -0.092705 -0.046353 -7.370820 0.000000 -0.061803
908 12:00:09.070 0.000000 0.000000 0.000000 0.000000 -0.292577 -0.396348 9.532307 -0.179184 -0.107510 -0.053755 -7.430042 0.000000 -0.071674
909 12:00:09.080 0.000000 0.000000 0.000000 0.000000 -0.321456 -0.348702 9.527813 -0.203368 -0.122021 -0.061010 -7.488084 0.000000 -0.081347
910 12:00:09.090 0.000000 0.000000 0.000000 0.000000 -0.376885 -0.340714 9.531658 -0.226995 -0.136197 -0.068099 -7.544789 0.000000 -0.090798
911 12:00:09.100 0.000000 0.000000 0.000000 0.000000 -0.432584 -0.358429 9.477699 -0.250000 -0.150000 -0.075000 -7.600000 0.000000 -0.100000
912 12:00:09.110 0.000000 0.000000 0.000000 0.000000 -0.447353 -0.321376 9.415890 -0.272320 -0.163392 -0.081696 -7.653567 0.000000 -0.108928
913 12:00:09.120 0.000000 0.000000 0.000000 0.000000 -0.482301 -0.331972 9.396114 -0.293893 -0.176336 -0.088168 -7.705342 0.000000 -0.117557
914 12:00:09.130 0.000000 0.000000 0.000000 0.000000 -0.471267 -0.318698 9.329985 -0.314660 -0.188796 -0.094398 -7.755184 0.000000 -0.125864
915 12:00:09.140 0.000000 0.000000 0.000000 0.000000 -0.511621 -0.318153 9.316067 -0.334565 -0.200739 -0.100370 -7.802957 0.000000 -0.133826
916 12:00:09.150 0.000000 0.000000 0.000000 0.000000 -0.539555 -0.297066 9.330733 -0.353553 -0.212132 -0.106066 -7.848528 0.000000 -0.141421
917 12:00:09.160 0.000000 0.000000 0.000000 0.000000 -0.580665 -0.273049 9.343301 -0.371572 -0.222943 -0.111472 -7.891774 0.000000 -0.148629
918 12:00:09.170 0.000000 0.000000 0.000000 0.000000 -0.630583 -0.283875 9.227481 -0.388573 -0.233144 -0.116572 -7.932575 0.000000 -0.155429
919 12:00:09.180 0.000000 0.000000 0.000000 0.000000 -0.659579 -0.218207 9.220382 -0.404508 -0.242705 -0.121353 -7.970820 0.000000 -0.161803
920 12:00:09.190 0.000000 0.000000 0.000000 0.000000 -0.652661 -0.235257 9.251724 -0.419335 -0.251601 -0.125801 -8.006405 0.000000 -0.167734
921 12:00:09.200 0.000000 0.000000 0.000000 0.000000 -0.686509 -0.211445 9.220464 -0.433013 -0.259808 -0.129904 -8.039230 0.000000 -0.173205
922 12:00:09.210 0.000000 0.000000 0.000000 0.000000 -0.713795 -0.180070 9.116787 -0.445503 -0.267302 -0.133651 -8.069208 0.000000 -0.178201
923 12:00:09.220 0.000000 0.000000 0.000000 0.000000 -0.714850 -0.131745 9.191809 -0.456773 -0.274064 -0.137032 -8.096255 0.000000 -0.182709
924 12:00:09.230 0.000000 0.000000 0.000000 0.000000 -0.751955 -0.148478 9.185638 -0.466790 -0.280074 -0.140037 -8.120297 0.000000 -0.186716
925 12:00:09.240 0.000000 0.000000 0.000000 0.000000 -0.762926 -0.109699 9.137120 -0.475528 -0.285317 -0.142658 -8.141268 0.000000 -0.190211
926 12:00:09.250 0.000000 0.000000 0.000000 0.000000 -0.808639 -0.087067 9.120419 -0.482963 -0.289778 -0.144889 -8.159111 0.000000 -0.193185
927 12:00:09.260 0.000000 0.000000 0.000000 0.000000 -0.806836 -0.073706 9.092926 -0.489074 -0.293444 -0.146722 -8.173777 0.000000 -0.195630
928 12:00:09.270 0.000000 0.000000 0.000000 0.000000 -0.785389 -0.075468 9.124112 -0.493844 -0.296307 -0.148153 -8.185226 0.000000 -0.197538
929 12:00:09.280 0.000000 0.000000 0.000000 0.000000 -0.781425 -0.045845 9.107386 -0.497261 -0.298357 -0.149178 -8.193426 0.000000 -0.198904
930 12:00:09.290 0.000000 0.000000 0.000000 0.000000 -0.778529 -0.032470 9.108322 -0.499315 -0.299589 -0.149794 -8.198355 0.000000 -0.199726
931 12:00:09.300 0.000000 0.000000 0.000000 0.000000 -0.816440 0.043466 9.116414 -0.500000 -0.300000 -0.150000 -8.200000 0.000000 -0.200000
932 12:00:09.310 0.000000 0.000000 0.000000 0.000000 -0.804756 0.055635 9.139891 -0.499315 -0.299589 -0.149794 -8.198355 0.000000 -0.199726
933 12:00:09.320 0.000000 0.000000 0.000000 0.000000 -0.776102 0.057898 9.128670 -0.497261 -0.298357 -0.149178 -8.193426 0.000000 -0.198904
934 12:00:09.330 0.000000 0.000000 0.000000 0.000000 -0.746567 0.045166 9.143669 -0.493844 -0.296307 -0.148153 -8.185226 0.000000 -0.197538
935 12:00:09.340 0.000000 0.000000 0.000000 0.000000 -0.772722 0.073213 9.136708 -0.489074 -0.293444 -0.146722 -8.173777 0.000000 -0.195630
936 12:00:09.350 0.000000 0.000000 0.000000 0.000000 -0.795926 0.097516 9.130329 -0.482963 -0.289778 -0.144889 -8.159111 0.000000 -0.193185
937 12:00:09.360 0.000000 0.000000 0.000000 0.000000 -0.755026 0.132625 9.111375 -0.475528 -0.285317 -0.142658 -8.141268 0.000000 -0.190211
938 12:00:09.370 0.000000 0.000000 0.000000 0.000000 -0.743142 0.182589 9.133779 -0.466790 -0.280074 -0.140037 -8.120297 0.000000 -0.186716
939 12:00:09.380 0.000000 0.000000 0.000000 0.000000 -0.724376 0.156233 9.182599 -0.456773 -0.274064 -0.137032 -8.096255 0.000000 -0.182709
940 12:00:09.390 0.000000 0.000000 0.000000 0.000000 -0.734495 0.163332 9.170961 -0.445503 -0.267302 -0.133651 -8.069208 0.000000 -0.178201
941 12:00:09.400 0.000000 0.000000 0.000000 0.000000 -0.697498 0.191372 9.224966 -0.433013 -0.259808 -0.129904 -8.039230 0.000000 -0.173205
942 12:00:09.410 0.000000 0.000000 0.000000 0.000000 -0.652916 0.186209 9.244455 -0.419335 -0.251601 -0.125801 -8.006405 0.000000 -0.167734
943 12:00:09.420 0.000000 0.000000 0.000000 0.000000 -0.637887 0.264320 9.246597 -0.404508 -0.242705 -0.121353 -7.970820 0.000000 -0.161803
944 12:00:09.430 0.000000 0.000000 0.000000 0.000000 -0.650401 0.247363 9.236950 -0.388573 -0.233144 -0.116572 -7.932575 0.000000 -0.155429
945 12:00:09.440 0.000000 0.000000 0.000000 0.000000 -0.585949 0.293888 9.278190 -0.371572 -0.222943 -0.111472 -7.891774 0.000000 -0.148629
946 12:00:09.450 0.000000 0.000000 0.000000 0.000000 -0.547017 0.248467 9.308707 -0.353553 -0.212132 -0.106066 -7.848528 0.000000 -0.141421
947 12:00:09.460 0.000000 0.000000 0.000000 0.000000 -0.562337 0.293422 9.358824 -0.334565 -0.200739 -0.100370 -7.802957 0.000000 -0.133826
948 12:00:09.470 0.000000 0.000000 0.000000 0.000000 -0.484366 0.306648 9.368747 -0.314660 -0.188796 -0.094398 -7.755184 0.000000 -0.125864
949 12:00:09.480 0.000000 0.000000 0.000000 0.000000 -0.463238 0.353856 9.418896 -0.293893 -0.176336 -0.088168 -7.705342 0.000000 -0.117557
950 12:00:09.490 0.000000 0.000000 0.000000 0.000000 -0.429761 0.354482 9.436808 -0.272320 -0.163392 -0.081696 -7.653567 0.000000 -0.108928
951 12:00:09.500 0.000000 0.000000 0.000000 0.000000 -0.391287 0.305148 9.434290 -0.250000 -0.150000 -0.075000 -7.600000 0.000000 -0.100000
952 12:00:09.510 0.000000 0.000000 0.000000 0.000000 -0.357974 0.367383 9.461723 -0.226995 -0.136197 -0.068099 -7.544789 0.000000 -0.090798
953 12:00:09.520 0.000000 0.000000 0.000000 0.000000 -0.318680 0.350409 9.559039 -0.203368 -0.122021 -0.061010 -7.488084 0.000000 -0.081347
954 12:00:09.530 0.000000 0.000000 0.000000 0.000000 -0.302227 0.375217 9.589298 -0.179184 -0.107510 -0.053755 -7.430042 0.000000 -0.071674
955 12:00:09.540 0.000000 0.000000 0.000000 0.000000 -0.244377 0.398767 9.592762 -0.154508 -0.092705 -0.046353 -7.370820 0.000000 -0.061803
956 12:00:09.550 0.000000 0.000000 0.000000 0.000000 -0.206871 0.407429 9.648085 -0.129410 -0.077646 -0.038823 -7.310583 0.000000 -0.051764
957 12:00:09.560 0.000000 0.000000 0.000000 0.000000 -0.160406 0.344923 9.649201 -0.103956 -0.062374 -0.031187 -7.249494 0.000000 -0.041582
958 12:00:09.570 0.000000 0.000000 0.000000 0.000000 -0.172571 0.420831 9.761443 -0.078217 -0.046930 -0.023465 -7.187721 0.000000 -0.031287
959 12:00:09.580 0.000000 0.000000 0.000000 0.000000 -0.113771 0.407043 9.791207 -0.052264 -0.031359 -0.015679 -7.125434 0.000000 -0.020906
960 12:00:09.590 0.000000 0.000000 0.000000 0.000000 -0.057174 0.407109 9.749564 -0.026168 -0.015701 -0.007850 -7.062803 0.000000 -0.010467
