StepWise synthetic software-test fixture
SYNTHETIC DATA - NOT CLINICAL OR HUMAN-SUBJECT DATA
Generated deterministically for parser, segmentation, API, and demo testing.
Fields: Sample SystemTime P1 P2 P3 P4 AccX AccY AccZ GyrX GyrY GyrZ Pitch Roll Yaw
--------------------------------------------------------------------------------
1 12:00:00.000 0.582887 76.589711 0.257588 0.000000 -0.019787 0.407636 9.794264 0.000000 0.000000 0.000000 7.000000 0.000000 0.000000
2 12:00:00.010 0.000000 91.882697 2.431914 0.631906 0.051178 0.397712 9.811308 0.026168 0.015701 0.007850 7.062803 0.000000 0.010467
3 12:00:00.020 0.000000 108.588678 1.828997 2.476013 0.057402 0.409987 9.882507 0.052264 0.031359 0.015679 7.125434 0.000000 0.020906
4 12:00:00.030 0.000000 124.392773 3.222638 0.000000 0.121949 0.407849 9.917543 0.078217 0.046930 0.023465 7.187721 0.000000 0.031287
5 12:00:00.040 0.000000 139.885171 2.369581 0.661992 0.167287 0.373657 9.909026 0.103956 0.062374 0.031187 7.249494 0.000000 0.041582
6 12:00:00.050 0.000000 156.403366 5.054102 0.091337 0.246276 0.361242 9.972202 0.129410 0.077646 0.038823 7.310583 0.000000 0.051764
7 12:00:00.060 0.000000 171.292910 5.419270 1.676085 0.251780 0.338775 10.036132 0.154508 0.092705 0.046353 7.370820 0.000000 0.061803
8 12:00:00.070 1.827497 183.608850 7.743175 0.089979 0.291639 0.377465 10.035141 0.179184 0.107510 0.053755 7.430042 0.000000 0.071674
9 12:00:00.080 0.000000 194.774252 8.967880 0.362652 0.325975 0.345589 10.093253 0.203368 0.122021 0.061010 7.488084 0.000000 0.081347
10 12:00:00.090 0.000000 203.492537 9.746239 1.644262 0.352763 0.369366 10.126550 0.226995 0.136197 0.068099 7.544789 0.000000 0.090798
11 12:00:00.100 0.023348 208.840785 13.982892 0.000000 0.405809 0.329970 10.145846 0.250000 0.150000 0.075000 7.600000 0.000000 0.100000
12 12:00:00.110 0.000000 209.923021 16.501420 0.576148 0.465555 0.295046 10.211748 0.272320 0.163392 0.081696 7.653567 0.000000 0.108928
13 12:00:00.120 0.000000 209.316423 19.833612 0.139683 0.488560 0.322071 10.223443 0.293893 0.176336 0.088168 7.705342 0.000000 0.117557
14 12:00:00.130 0.268656 202.339412 23.721881 1.461835 0.453859 0.330324 10.241622 0.314660 0.188796 0.094398 7.755184 0.000000 0.125864
15 12:00:00.140 0.711022 194.332713 28.048808 0.114652 0.549732 0.266738 10.315766 0.334565 0.200739 0.100370 7.802957 0.000000 0.133826
16 12:00:00.150 0.503618 184.700725 32.127657 0.000000 0.553870 0.302430 10.346663 0.353553 0.212132 0.106066 7.848528 0.000000 0.141421
17 12:00:00.160 0.121610 169.771366 35.187784 0.000000 0.559413 0.296100 10.314285 0.371572 0.222943 0.111472 7.891774 0.000000 0.148629
18 12:00:00.170 1.295504 155.154216 41.437113 2.189519 0.651892 0.235867 10.314635 0.388573 0.233144 0.116572 7.932575 0.000000 0.155429
19 12:00:00.180 0.189286 140.729658 50.061763 2.301481 0.650705 0.213126 10.396340 0.404508 0.242705 0.121353 7.970820 0.000000 0.161803
20 12:00:00.190 0.000000 121.556037 53.913305 1.846462 0.676847 0.200597 10.321621 0.419335 0.251601 0.125801 8.006405 0.000000 0.167734
21 12:00:00.200 0.664493 107.179746 58.630973 1.829306 0.708162 0.185006 10.428309 0.433013 0.259808 0.129904 8.039230 0.000000 0.173205
22 12:00:00.210 0.876965 92.629487 63.041449 6.983705 0.669652 0.211204 10.417871 0.445503 0.267302 0.133651 8.069208 0.000000 0.178201
23 12:00:00.220 3.385855 75.892253 70.748326 4.705249 0.705092 0.164255 10.454409 0.456773 0.274064 0.137032 8.096255 0.000000 0.182709
24 12:00:00.230 0.914843 63.746674 75.602803 9.362427 0.709630 0.198528 10.444833 0.466790 0.280074 0.140037 8.120297 0.000000 0.186716
25 12:00:00.240 3.274297 52.344011 79.450763 10.395306 0.762287 0.109807 10.494237 0.475528 0.285317 0.142658 8.141268 0.000000 0.190211
26 12:00:00.250 3.562007 40.614329 83.451182 15.243573 0.786172 0.078659 10.513631 0.482963 0.289778 0.144889 8.159111 0.000000 0.193185
27 12:00:00.260 5.328201 33.022586 88.505543 19.562632 0.748034 0.064507 10.506475 0.489074 0.293444 0.146722 8.173777 0.000000 0.195630
28 12:00:00.270 2.417503 25.727210 91.541240 21.529798 0.735176 0.071371 10.459477 0.493844 0.296307 0.148153 8.185226 0.000000 0.197538
29 12:00:00.280 5.988251 20.192977 95.240357 28.257456 0.797004 -0.012255 10.526313 0.497261 0.298357 0.149178 8.193426 0.000000 0.198904
30 12:00:00.290 6.775641 12.324406 96.217363 34.262831 0.793987 0.005265 10.505010 0.499315 0.299589 0.149794 8.198355 0.000000 0.199726
31 12:00:00.300 8.963981 11.683128 96.164212 40.014661 0.797536 0.027985 10.533280 0.500000 0.300000 0.150000 8.200000 0.000000 0.200000
32 12:00:00.310 9.661573 8.090381 97.928364 49.551303 0.778742 -0.027209 10.519108 0.499315 0.299589 0.149794 8.198355 0.000000 0.199726
33 12:00:00.320 11.240711 4.726409 97.410882 59.228803 0.812452 -0.046642 10.474675 0.497261 0.298357 0.149178 8.193426 0.000000 0.198904
34 12:00:00.330 14.806018 3.619767 95.324711 66.951993 0.798221 -0.037530 10.468000 0.493844 0.296307 0.148153 8.185226 0.000000 0.197538
35 12:00:00.340 16.294150 3.417436 91.198481 78.663225 0.823828 -0.097805 10.455681 0.489074 0.293444 0.146722 8.173777 0.000000 0.195630
36 12:00:00.350 19.900718 0.614998 86.796993 89.897242 0.722143 -0.069346 10.483219 0.482963 0.289778 0.144889 8.159111 0.000000 0.193185
37 12:00:00.360 22.921764 0.000000 82.615403 98.995413 0.753574 -0.148337 10.528224 0.475528 0.285317 0.142658 8.141268 0.000000 0.190211
38 12:00:00.370 24.369360 0.000000 80.623459 111.265335 0.719158 -0.161192 10.432162 0.466790 0.280074 0.140037 8.120297 0.000000 0.186716
39 12:00:00.380 27.832502 1.789156 75.584222 124.913633 0.762233 -0.178472 10.462057 0.456773 0.274064 0.137032 8.096255 0.000000 0.182709
40 12:00:00.390 29.362303 0.741776 70.027021 133.408480 0.724208 -0.153290 10.431108 0.445503 0.267302 0.133651 8.069208 0.000000 0.178201
41 12:00:00.400 33.321601 0.000000 64.854467 143.681147 0.692345 -0.209921 10.436015 0.433013 0.259808 0.129904 8.039230 0.000000 0.173205
42 12:00:00.410 34.930908 0.273836 58.207955 154.260283 0.705741 -0.208735 10.432451 0.419335 0.251601 0.125801 8.006405 0.000000 0.167734
43 12:00:00.420 35.894013 1.111724 51.556760 163.369956 0.658650 -0.252861 10.349917 0.404508 0.242705 0.121353 7.970820 0.000000 0.161803
44 12:00:00.430 37.153539 0.845226 47.683852 169.898922 0.562758 -0.240434 10.339372 0.388573 0.233144 0.116572 7.932575 0.000000 0.155429
45 12:00:00.440 39.683145 0.000000 42.481892 177.703210 0.607593 -0.259516 10.355155 0.371572 0.222943 0.111472 7.891774 0.000000 0.148629
46 12:00:00.450 39.080420 0.000000 36.898623 177.523372 0.575917 -0.292404 10.317817 0.353553 0.212132 0.106066 7.848528 0.000000 0.141421
47 12:00:00.460 38.507817 0.000000 31.613099 180.288277 0.544792 -0.279523 10.295318 0.334565 0.200739 0.100370 7.802957 0.000000 0.133826
48 12:00:00.470 39.438428 0.263280 26.807507 180.960858 0.515361 -0.311022 10.204279 0.314660 0.188796 0.094398 7.755184 0.000000 0.125864
49 12:00:00.480 39.336354 0.833771 21.875168 178.250332 0.468034 -0.352438 10.218267 0.293893 0.176336 0.088168 7.705342 0.000000 0.117557
50 12:00:00.490 38.901359 1.562682 19.892003 175.856749 0.417733 -0.360813 10.201297 0.272320 0.163392 0.081696 7.653567 0.000000 0.108928
51 12:00:00.500 37.689494 0.000000 14.968952 169.338695 0.386601 -0.367681 10.193191 0.250000 0.150000 0.075000 7.600000 0.000000 0.100000
52 12:00:00.510 36.810194 3.043651 14.681088 162.436528 0.364563 -0.367459 10.132146 0.226995 0.136197 0.068099 7.544789 0.000000 0.090798
53 12:00:00.520 32.979903 1.930018 10.423033 151.110399 0.341790 -0.362934 10.109139 0.203368 0.122021 0.061010 7.488084 0.000000 0.081347
54 12:00:00.530 29.979817 0.000000 10.412103 141.983733 0.251259 -0.397600 10.040970 0.179184 0.107510 0.053755 7.430042 0.000000 0.071674
55 12:00:00.540 29.995477 0.000000 7.628498 129.830785 0.245505 -0.337501 10.027723 0.154508 0.092705 0.046353 7.370820 0.000000 0.061803
56 12:00:00.550 27.149188 0.000000 5.602247 121.071470 0.174131 -0.379093 9.933119 0.129410 0.077646 0.038823 7.310583 0.000000 0.051764
57 12:00:00.560 22.558704 1.937565 3.943491 109.249677 0.175463 -0.389297 9.909729 0.103956 0.062374 0.031187 7.249494 0.000000 0.041582
58 12:00:00.570 21.661617 0.702826 3.052064 96.582014 0.130173 -0.348886 9.915686 0.078217 0.046930 0.023465 7.187721 0.000000 0.031287
59 12:00:00.580 19.971557 0.000000 4.498733 84.442881 0.112462 -0.431013 9.878558 0.052264 0.031359 0.015679 7.125434 0.000000 0.020906
60 12:00:00.590 18.236255 0.000000 2.113877 73.870657 0.039569 -0.417871 9.847065 0.026168 0.015701 0.007850 7.062803 0.000000 0.010467
61 12:00:00.600 16.104721 0.770231 0.874281 64.606448 -0.021019 -0.407770 9.774436 0.000000 0.000000 0.000000 7.000000 0.000000 0.000000
62 12:00:00.610 12.081995 0.000000 0.624102 54.308553 -0.049752 -0.409969 9.776926 -0.026168 -0.015701 -0.007850 6.937197 0.000000 -0.010467
63 12:00:00.620 0.000000 0.000000 0.000000 0.000000 -0.094092 -0.402739 9.743965 -0.052264 -0.031359 -0.015679 6.874566 0.000000 -0.020906
64 12:00:00.630 0.000000 0.000000 0.000000 0.000000 -0.124627 -0.366602 9.647426 -0.078217 -0.046930 -0.023465 6.812279 0.000000 -0.031287
65 12:00:00.640 0.000000 0.000000 0.000000 0.000000 -0.172171 -0.392651 9.644803 -0.103956 -0.062374 -0.031187 6.750506 0.000000 -0.041582
66 12:00:00.650 0.000000 0.000000 0.000000 0.000000 -0.229295 -0.360313 9.660939 -0.129410 -0.077646 -0.038823 6.689417 0.000000 -0.051764
67 12:00:00.660 0.000000 0.000000 0.000000 0.000000 -0.287933 -0.393340 9.589019 -0.154508 -0.092705 -0.046353 6.629180 0.000000 -0.061803
68 12:00:00.670 0.000000 0.000000 0.000000 0.000000 -0.322175 -0.369149 9.533557 -0.179184 -0.107510 -0.053755 6.569958 0.000000 -0.071674
69 12:00:00.680 0.000000 0.000000 0.000000 0.000000 -0.333736 -0.379800 9.537572 -0.203368 -0.122021 -0.061010 6.511916 0.000000 -0.081347
70 12:00:00.690 0.000000 0.000000 0.000000 0.000000 -0.392784 -0.341376 9.502516 -0.226995 -0.136197 -0.068099 6.455211 0.000000 -0.090798
71 12:00:00.700 0.000000 0.000000 0.000000 0.000000 -0.416404 -0.364398 9.451690 -0.250000 -0.150000 -0.075000 6.400000 0.000000 -0.100000
72 12:00:00.710 0.000000 0.000000 0.000000 0.000000 -0.445504 -0.307623 9.403981 -0.272320 -0.163392 -0.081696 6.346433 0.000000 -0.108928
73 12:00:00.720 0.000000 0.000000 0.000000 0.000000 -0.495723 -0.300818 9.353604 -0.293893 -0.176336 -0.088168 6.294658 0.000000 -0.117557
74 12:00:00.730 0.000000 0.000000 0.000000 0.000000 -0.522374 -0.282941 9.331000 -0.314660 -0.188796 -0.094398 6.244816 0.000000 -0.125864
75 12:00:00.740 0.000000 0.000000 0.000000 0.000000 -0.554785 -0.280453 9.373979 -0.334565 -0.200739 -0.100370 6.197043 0.000000 -0.133826
76 12:00:00.750 0.000000 0.000000 0.000000 0.000000 -0.586711 -0.262980 9.380404 -0.353553 -0.212132 -0.106066 6.151472 0.000000 -0.141421
77 12:00:00.760 0.000000 0.000000 0.000000 0.000000 -0.594607 -0.250594 9.353979 -0.371572 -0.222943 -0.111472 6.108226 0.000000 -0.148629
78 12:00:00.770 0.000000 0.000000 0.000000 0.000000 -0.626461 -0.264558 9.253305 -0.388573 -0.233144 -0.116572 6.067425 0.000000 -0.155429
79 12:00:00.780 0.000000 0.000000 0.000000 0.000000 -0.658381 -0.271972 9.245997 -0.404508 -0.242705 -0.121353 6.029180 0.000000 -0.161803
80 12:00:00.790 0.000000 0.000000 0.000000 0.000000 -0.639295 -0.204898 9.236505 -0.419335 -0.251601 -0.125801 5.993595 0.000000 -0.167734
81 12:00:00.800 0.000000 0.000000 0.000000 0.000000 -0.671062 -0.251946 9.190563 -0.433013 -0.259808 -0.129904 5.960770 0.000000 -0.173205
82 12:00:00.810 0.000000 0.000000 0.000000 0.000000 -0.733820 -0.170655 9.148230 -0.445503 -0.267302 -0.133651 5.930792 0.000000 -0.178201
83 12:00:00.820 0.000000 0.000000 0.000000 0.000000 -0.720641 -0.172100 9.156579 -0.456773 -0.274064 -0.137032 5.903745 0.000000 -0.182709
84 12:00:00.830 0.000000 0.000000 0.000000 0.000000 -0.724017 -0.161635 9.151595 -0.466790 -0.280074 -0.140037 5.879703 0.000000 -0.186716
85 12:00:00.840 0.000000 0.000000 0.000000 0.000000 -0.777170 -0.114873 9.144651 -0.475528 -0.285317 -0.142658 5.858732 0.000000 -0.190211
86 12:00:00.850 0.000000 0.000000 0.000000 0.000000 -0.795580 -0.115224 9.176994 -0.482963 -0.289778 -0.144889 5.840889 0.000000 -0.193185
87 12:00:00.860 0.000000 0.000000 0.000000 0.000000 -0.774105 -0.093871 9.072225 -0.489074 -0.293444 -0.146722 5.826223 0.000000 -0.195630
88 12:00:00.870 0.000000 0.000000 0.000000 0.000000 -0.783627 -0.103254 9.140073 -0.493844 -0.296307 -0.148153 5.814774 0.000000 -0.197538
89 12:00:00.880 0.000000 0.000000 0.000000 0.000000 -0.813749 -0.054605 9.133798 -0.497261 -0.298357 -0.149178 5.806574 0.000000 -0.198904
90 12:00:00.890 0.000000 0.000000 0.000000 0.000000 -0.812691 -0.025418 9.117560 -0.499315 -0.299589 -0.149794 5.801645 0.000000 -0.199726
91 12:00:00.900 0.000000 0.000000 0.000000 0.000000 -0.753747 -0.011525 9.129430 -0.500000 -0.300000 -0.150000 5.800000 0.000000 -0.200000
92 12:00:00.910 0.000000 0.000000 0.000000 0.000000 -0.800946 0.046485 9.124261 -0.499315 -0.299589 -0.149794 5.801645 0.000000 -0.199726
93 12:00:00.920 0.000000 0.000000 0.000000 0.000000 -0.764063 0.072900 9.166032 -0.497261 -0.298357 -0.149178 5.806574 0.000000 -0.198904
94 12:00:00.930 0.000000 0.000000 0.000000 0.000000 -0.787386 0.069866 9.156996 -0.493844 -0.296307 -0.148153 5.814774 0.000000 -0.197538
95 12:00:00.940 0.000000 0.000000 0.000000 0.000000 -0.769551 0.076826 9.149370 -0.489074 -0.293444 -0.146722 5.826223 0.000000 -0.195630
96 12:00:00.950 0.000000 0.000000 0.000000 0.000000 -0.780855 0.108843 9.107505 -0.482963 -0.289778 -0.144889 5.840889 0.000000 -0.193185
97 12:00:00.960 0.000000 0.000000 0.000000 0.000000 -0.760190 0.144640 9.185968 -0.475528 -0.285317 -0.142658 5.858732 0.000000 -0.190211
98 12:00:00.970 0.000000 0.000000 0.000000 0.000000 -0.732187 0.154496 9.135361 -0.466790 -0.280074 -0.140037 5.879703 0.000000 -0.186716
99 12:00:00.980 0.000000 0.000000 0.000000 0.000000 -0.760092 0.136498 9.124742 -0.456773 -0.274064 -0.137032 5.903745 0.000000 -0.182709
100 12:00:00.990 0.000000 0.000000 0.000000 0.000000 -0.744902 0.184641 9.221726 -0.445503 -0.267302 -0.133651 5.930792 0.000000 -0.178201
101 12:00:01.000 0.000000 0.000000 0.000000 0.000000 -0.667447 0.207312 9.249159 -0.433013 -0.259808 -0.129904 5.960770 0.000000 -0.173205
102 12:00:01.010 0.000000 0.000000 0.000000 0.000000 -0.719221 0.216293 9.248432 -0.419335 -0.251601 -0.125801 5.993595 0.000000 -0.167734
103 12:00:01.020 0.000000 0.000000 0.000000 0.000000 -0.643036 0.210178 9.219748 -0.404508 -0.242705 -0.121353 6.029180 0.000000 -0.161803
104 12:00:01.030 0.000000 0.000000 0.000000 0.000000 -0.629044 0.223934 9.268352 -0.388573 -0.233144 -0.116572 6.067425 0.000000 -0.155429
105 12:00:01.040 0.000000 0.000000 0.000000 0.000000 -0.574473 0.272211 9.314604 -0.371572 -0.222943 -0.111472 6.108226 0.000000 -0.148629
106 12:00:01.050 0.000000 0.000000 0.000000 0.000000 -0.517139 0.344574 9.293448 -0.353553 -0.212132 -0.106066 6.151472 0.000000 -0.141421
107 12:00:01.060 0.000000 0.000000 0.000000 0.000000 -0.553136 0.322919 9.362313 -0.334565 -0.200739 -0.100370 6.197043 0.000000 -0.133826
108 12:00:01.070 0.000000 0.000000 0.000000 0.000000 -0.515571 0.307175 9.380208 -0.314660 -0.188796 -0.094398 6.244816 0.000000 -0.125864
109 12:00:01.080 0.000000 0.000000 0.000000 0.000000 -0.489592 0.299790 9.406772 -0.293893 -0.176336 -0.088168 6.294658 0.000000 -0.117557
110 12:00:01.090 0.000000 0.000000 0.000000 0.000000 -0.478243 0.315639 9.429263 -0.272320 -0.163392 -0.081696 6.346433 0.000000 -0.108928
111 12:00:01.100 0.000000 0.000000 0.000000 0.000000 -0.385078 0.325010 9.474343 -0.250000 -0.150000 -0.075000 6.400000 0.000000 -0.100000
112 12:00:01.110 0.000000 0.000000 0.000000 0.000000 -0.389508 0.332617 9.518075 -0.226995 -0.136197 -0.068099 6.455211 0.000000 -0.090798
113 12:00:01.120 0.000000 0.000000 0.000000 0.000000 -0.303763 0.389881 9.559513 -0.203368 -0.122021 -0.061010 6.511916 0.000000 -0.081347
114 12:00:01.130 0.000000 0.000000 0.000000 0.000000 -0.303725 0.402113 9.493311 -0.179184 -0.107510 -0.053755 6.569958 0.000000 -0.071674
115 12:00:01.140 0.000000 0.000000 0.000000 0.000000 -0.259027 0.369464 9.586938 -0.154508 -0.092705 -0.046353 6.629180 0.000000 -0.061803
116 12:00:01.150 0.000000 0.000000 0.000000 0.000000 -0.244004 0.386126 9.623583 -0.129410 -0.077646 -0.038823 6.689417 0.000000 -0.051764
117 12:00:01.160 0.000000 0.000000 0.000000 0.000000 -0.174371 0.376858 9.673376 -0.103956 -0.062374 -0.031187 6.750506 0.000000 -0.041582
118 12:00:01.170 0.000000 0.000000 0.000000 0.000000 -0.119115 0.351364 9.691177 -0.078217 -0.046930 -0.023465 6.812279 0.000000 -0.031287
119 12:00:01.180 0.000000 0.000000 0.000000 0.000000 -0.089179 0.388858 9.766718 -0.052264 -0.031359 -0.015679 6.874566 0.000000 -0.020906
120 12:00:01.190 0.000000 0.000000 0.000000 0.000000 -0.062365 0.383485 9.752675 -0.026168 -0.015701 -0.007850 6.937197 0.000000 -0.010467
121 12:00:01.200 1.125700 77.488438 0.947932 0.000000 -0.037120 0.364650 9.854070 0.000000 0.000000 0.000000 7.000000 0.000000 0.000000
122 12:00:01.210 0.349864 92.144123 0.860761 0.895926 0.044709 0.383853 9.852758 0.026168 0.015701 0.007850 7.062803 0.000000 0.010467
123 12:00:01.220 0.330298 106.795204 0.378915 0.751200 0.096475 0.406528 9.887986 0.052264 0.031359 0.015679 7.125434 0.000000 0.020906
124 12:00:01.230 0.455344 123.065243 2.633234 0.000000 0.110516 0.365951 9.919452 0.078217 0.046930 0.023465 7.187721 0.000000 0.031287
125 12:00:01.240 2.243297 141.227201 4.676240 1.979908 0.140899 0.399223 9.958622 0.103956 0.062374 0.031187 7.249494 0.000000 0.041582
126 12:00:01.250 0.000000 155.372399 3.419335 0.219598 0.233619 0.390971 9.985341 0.129410 0.077646 0.038823 7.310583 0.000000 0.051764
127 12:00:01.260 0.000000 170.701047 6.209863 0.000000 0.253373 0.385805 10.063775 0.154508 0.092705 0.046353 7.370820 0.000000 0.061803
128 12:00:01.270 0.000000 182.276780 8.131364 0.000000 0.270769 0.390840 10.036650 0.179184 0.107510 0.053755 7.430042 0.000000 0.071674
129 12:00:01.280 0.000000 195.715269 9.702187 0.865606 0.326939 0.365114 10.079600 0.203368 0.122021 0.061010 7.488084 0.000000 0.081347
130 12:00:01.290 2.090578 202.257441 11.133576 0.000000 0.331656 0.365925 10.125705 0.226995 0.136197 0.068099 7.544789 0.000000 0.090798
131 12:00:01.300 0.428515 210.016798 14.744322 0.921810 0.397174 0.330460 10.139050 0.250000 0.150000 0.075000 7.600000 0.000000 0.100000
132 12:00:01.310 0.535129 209.579739 15.875637 0.520067 0.436348 0.332907 10.210066 0.272320 0.163392 0.081696 7.653567 0.000000 0.108928
133 12:00:01.320 0.000000 206.978986 19.972699 0.169963 0.458289 0.317874 10.207272 0.293893 0.176336 0.088168 7.705342 0.000000 0.117557
134 12:00:01.330 0.000000 202.171547 24.203788 0.175583 0.500032 0.304876 10.296297 0.314660 0.188796 0.094398 7.755184 0.000000 0.125864
135 12:00:01.340 0.000000 192.933149 30.097529 1.696605 0.522874 0.298170 10.240036 0.334565 0.200739 0.100370 7.802957 0.000000 0.133826
136 12:00:01.350 0.000000 183.774732 29.737244 0.070157 0.531034 0.277804 10.296531 0.353553 0.212132 0.106066 7.848528 0.000000 0.141421
137 12:00:01.360 0.000000 171.756118 36.632772 0.359480 0.606791 0.238603 10.323354 0.371572 0.222943 0.111472 7.891774 0.000000 0.148629
138 12:00:01.370 0.000000 155.295632 42.388559 0.753107 0.610032 0.243028 10.291939 0.388573 0.233144 0.116572 7.932575 0.000000 0.155429
139 12:00:01.380 0.255846 139.670855 46.843422 0.874605 0.650056 0.231718 10.392118 0.404508 0.242705 0.121353 7.970820 0.000000 0.161803
140 12:00:01.390 1.329814 123.531428 53.626087 2.871211 0.686301 0.229113 10.323351 0.419335 0.251601 0.125801 8.006405 0.000000 0.167734
141 12:00:01.400 0.524372 106.447395 58.327350 4.425142 0.691254 0.217760 10.423763 0.433013 0.259808 0.129904 8.039230 0.000000 0.173205
142 12:00:01.410 1.036175 90.619141 63.982208 3.513186 0.697275 0.148318 10.446070 0.445503 0.267302 0.133651 8.069208 0.000000 0.178201
143 12:00:01.420 1.575419 75.240219 69.212059 7.384091 0.740283 0.192274 10.464222 0.456773 0.274064 0.137032 8.096255 0.000000 0.182709
144 12:00:01.430 2.497779 62.633325 75.063587 9.067543 0.734815 0.155864 10.500589 0.466790 0.280074 0.140037 8.120297 0.000000 0.186716
145 12:00:01.440 3.868046 51.802791 80.151946 10.787437 0.758734 0.099600 10.535926 0.475528 0.285317 0.142658 8.141268 0.000000 0.190211
146 12:00:01.450 3.151242 41.803868 84.875772 14.084546 0.781956 0.092187 10.467053 0.482963 0.289778 0.144889 8.159111 0.000000 0.193185
147 12:00:01.460 5.180039 32.342162 88.602117 19.412678 0.777860 0.077560 10.517205 0.489074 0.293444 0.146722 8.173777 0.000000 0.195630
148 12:00:01.470 5.420108 25.362414 90.924905 21.582338 0.792659 0.101248 10.466294 0.493844 0.296307 0.148153 8.185226 0.000000 0.197538
149 12:00:01.480 6.607903 20.616784 94.168780 25.994101 0.842647 0.050565 10.534216 0.497261 0.298357 0.149178 8.193426 0.000000 0.198904
150 12:00:01.490 8.979577 14.009537 95.973765 35.247406 0.802982 0.027280 10.504990 0.499315 0.299589 0.149794 8.198355 0.000000 0.199726
151 12:00:01.500 9.674938 9.808789 96.630427 41.807524 0.758190 -0.003084 10.515143 0.500000 0.300000 0.150000 8.200000 0.000000 0.200000
152 12:00:01.510 9.939543 7.327955 95.934400 50.617362 0.808060 -0.020654 10.509210 0.499315 0.299589 0.149794 8.198355 0.000000 0.199726
153 12:00:01.520 12.481011 6.087743 95.692132 58.678066 0.790766 -0.091427 10.540685 0.497261 0.298357 0.149178 8.193426 0.000000 0.198904
154 12:00:01.530 15.053820 1.553541 92.673140 67.847427 0.783377 -0.031834 10.480395 0.493844 0.296307 0.148153 8.185226 0.000000 0.197538
155 12:00:01.540 17.994142 3.681749 91.777684 78.045343 0.799418 -0.074121 10.497490 0.489074 0.293444 0.146722 8.173777 0.000000 0.195630
156 12:00:01.550 20.689281 1.258699 86.600167 89.040288 0.778638 -0.068193 10.426863 0.482963 0.289778 0.144889 8.159111 0.000000 0.193185
157 12:00:01.560 22.876431 1.207359 84.322122 99.786041 0.748604 -0.105621 10.505853 0.475528 0.285317 0.142658 8.141268 0.000000 0.190211
158 12:00:01.570 24.623250 1.918106 78.399274 111.599393 0.723167 -0.184003 10.432265 0.466790 0.280074 0.140037 8.120297 0.000000 0.186716
159 12:00:01.580 26.821974 0.186567 73.728191 123.710513 0.726934 -0.155096 10.485405 0.456773 0.274064 0.137032 8.096255 0.000000 0.182709
160 12:00:01.590 29.869393 0.125447 69.216957 131.597207 0.704167 -0.189850 10.479311 0.445503 0.267302 0.133651 8.069208 0.000000 0.178201
161 12:00:01.600 32.011443 1.026426 65.354381 147.131414 0.688055 -0.176571 10.425369 0.433013 0.259808 0.129904 8.039230 0.000000 0.173205
162 12:00:01.610 33.540341 1.016498 58.610207 154.902572 0.633272 -0.201903 10.364014 0.419335 0.251601 0.125801 8.006405 0.000000 0.167734
163 12:00:01.620 35.416688 0.000000 52.903325 163.034762 0.671822 -0.203702 10.419048 0.404508 0.242705 0.121353 7.970820 0.000000 0.161803
164 12:00:01.630 36.083877 0.000000 47.898353 169.860289 0.603197 -0.261868 10.383208 0.388573 0.233144 0.116572 7.932575 0.000000 0.155429
165 12:00:01.640 38.412557 0.000000 41.320491 175.488603 0.584938 -0.264164 10.344466 0.371572 0.222943 0.111472 7.891774 0.000000 0.148629
166 12:00:01.650 39.866298 0.000000 36.945130 176.857160 0.585066 -0.271518 10.259398 0.353553 0.212132 0.106066 7.848528 0.000000 0.141421
167 12:00:01.660 40.894902 0.000000 31.579186 181.015602 0.516728 -0.305406 10.285718 0.334565 0.200739 0.100370 7.802957 0.000000 0.133826
168 12:00:01.670 40.475549 0.078066 27.143559 179.580320 0.477627 -0.350477 10.246104 0.314660 0.188796 0.094398 7.755184 0.000000 0.125864
169 12:00:01.680 38.975181 0.889556 23.053117 178.745566 0.434083 -0.323891 10.216039 0.293893 0.176336 0.088168 7.705342 0.000000 0.117557
170 12:00:01.690 38.719853 1.175304 19.259731 173.447733 0.417265 -0.351604 10.207572 0.272320 0.163392 0.081696 7.653567 0.000000 0.108928
171 12:00:01.700 38.977016 1.058199 16.848809 168.391073 0.398698 -0.357819 10.180324 0.250000 0.150000 0.075000 7.600000 0.000000 0.100000
172 12:00:01.710 35.198306 0.000000 12.742765 158.906952 0.364108 -0.385272 10.111868 0.226995 0.136197 0.068099 7.544789 0.000000 0.090798
173 12:00:01.720 35.100348 0.000000 11.388494 152.417140 0.343975 -0.346805 10.072386 0.203368 0.122021 0.061010 7.488084 0.000000 0.081347
174 12:00:01.730 32.809113 0.947355 10.526180 142.525174 0.264199 -0.381728 10.049952 0.179184 0.107510 0.053755 7.430042 0.000000 0.071674
175 12:00:01.740 27.558901 0.247632 8.071132 131.124288 0.241549 -0.419331 10.022819 0.154508 0.092705 0.046353 7.370820 0.000000 0.061803
176 12:00:01.750 25.113485 0.768165 5.458595 119.731450 0.229007 -0.396919 9.998790 0.129410 0.077646 0.038823 7.310583 0.000000 0.051764
177 12:00:01.760 22.903549 0.252547 4.129310 109.975120 0.158537 -0.414307 9.995944 0.103956 0.062374 0.031187 7.249494 0.000000 0.041582
178 12:00:01.770 18.914021 0.000000 4.156010 95.565002 0.163477 -0.423242 9.896952 0.078217 0.046930 0.023465 7.187721 0.000000 0.031287
179 12:00:01.780 18.046049 1.562685 4.136446 85.321847 0.075049 -0.375628 9.910195 0.052264 0.031359 0.015679 7.125434 0.000000 0.020906
180 12:00:01.790 16.549588 0.000000 1.108243 74.109849 0.044600 -0.374082 9.857019 0.026168 0.015701 0.007850 7.062803 0.000000 0.010467
181 12:00:01.800 16.278843 0.175991 2.476521 64.367496 -0.006629 -0.413897 9.775417 0.000000 0.000000 0.000000 7.000000 0.000000 0.000000
182 12:00:01.810 13.133438 2.376153 0.000000 55.357169 0.008630 -0.398106 9.736410 -0.026168 -0.015701 -0.007850 6.937197 0.000000 -0.010467
183 12:00:01.820 0.000000 0.000000 0.000000 0.000000 -0.093623 -0.421877 9.713784 -0.052264 -0.031359 -0.015679 6.874566 0.000000 -0.020906
184 12:00:01.830 0.000000 0.000000 0.000000 0.000000 -0.146817 -0.389167 9.703335 -0.078217 -0.046930 -0.023465 6.812279 0.000000 -0.031287
185 12:00:01.840 0.000000 0.000000 0.000000 0.000000 -0.171000 -0.346865 9.689718 -0.103956 -0.062374 -0.031187 6.750506 0.000000 -0.041582
186 12:00:01.850 0.000000 0.000000 0.000000 0.000000 -0.213993 -0.398704 9.613167 -0.129410 -0.077646 -0.038823 6.689417 0.000000 -0.051764
187 12:00:01.860 0.000000 0.000000 0.000000 0.000000 -0.220066 -0.386617 9.622468 -0.154508 -0.092705 -0.046353 6.629180 0.000000 -0.061803
188 12:00:01.870 0.000000 0.000000 0.000000 0.000000 -0.282788 -0.384557 9.493399 -0.179184 -0.107510 -0.053755 6.569958 0.000000 -0.071674
189 12:00:01.880 0.000000 0.000000 0.000000 0.000000 -0.336609 -0.371685 9.518085 -0.203368 -0.122021 -0.061010 6.511916 0.000000 -0.081347
190 12:00:01.890 0.000000 0.000000 0.000000 0.000000 -0.401579 -0.344837 9.492967 -0.226995 -0.136197 -0.068099 6.455211 0.000000 -0.090798
191 12:00:01.900 0.000000 0.000000 0.000000 0.000000 -0.398975 -0.372394 9.436914 -0.250000 -0.150000 -0.075000 6.400000 0.000000 -0.100000
192 12:00:01.910 0.000000 0.000000 0.000000 0.000000 -0.467680 -0.360243 9.415451 -0.272320 -0.163392 -0.081696 6.346433 0.000000 -0.108928
193 12:00:01.920 0.000000 0.000000 0.000000 0.000000 -0.498169 -0.298076 9.390229 -0.293893 -0.176336 -0.088168 6.294658 0.000000 -0.117557
194 12:00:01.930 0.000000 0.000000 0.000000 0.000000 -0.507309 -0.324328 9.332653 -0.314660 -0.188796 -0.094398 6.244816 0.000000 -0.125864
195 12:00:01.940 0.000000 0.000000 0.000000 0.000000 -0.505838 -0.292537 9.329219 -0.334565 -0.200739 -0.100370 6.197043 0.000000 -0.133826
196 12:00:01.950 0.000000 0.000000 0.000000 0.000000 -0.571041 -0.250182 9.271305 -0.353553 -0.212132 -0.106066 6.151472 0.000000 -0.141421
197 12:00:01.960 0.000000 0.000000 0.000000 0.000000 -0.536091 -0.291724 9.297471 -0.371572 -0.222943 -0.111472 6.108226 0.000000 -0.148629
198 12:00:01.970 0.000000 0.000000 0.000000 0.000000 -0.621991 -0.209733 9.213758 -0.388573 -0.233144 -0.116572 6.067425 0.000000 -0.155429
199 12:00:01.980 0.000000 0.000000 0.000000 0.000000 -0.696039 -0.259843 9.236293 -0.404508 -0.242705 -0.121353 6.029180 0.000000 -0.161803
200 12:00:01.990 0.000000 0.000000 0.000000 0.000000 -0.660304 -0.249193 9.277132 -0.419335 -0.251601 -0.125801 5.993595 0.000000 -0.167734
201 12:00:02.000 0.000000 0.000000 0.000000 0.000000 -0.676887 -0.224013 9.223982 -0.433013 -0.259808 -0.129904 5.960770 0.000000 -0.173205
202 12:00:02.010 0.000000 0.000000 0.000000 0.000000 -0.726177 -0.160904 9.224340 -0.445503 -0.267302 -0.133651 5.930792 0.000000 -0.178201
203 12:00:02.020 0.000000 0.000000 0.000000 0.000000 -0.687449 -0.164314 9.166349 -0.456773 -0.274064 -0.137032 5.903745 0.000000 -0.182709
204 12:00:02.030 0.000000 0.000000 0.000000 0.000000 -0.696077 -0.161526 9.131873 -0.466790 -0.280074 -0.140037 5.879703 0.000000 -0.186716
205 12:00:02.040 0.000000 0.000000 0.000000 0.000000 -0.763688 -0.105851 9.170426 -0.475528 -0.285317 -0.142658 5.858732 0.000000 -0.190211
206 12:00:02.050 0.000000 0.000000 0.000000 0.000000 -0.782309 -0.078915 9.106253 -0.482963 -0.289778 -0.144889 5.840889 0.000000 -0.193185
207 12:00:02.060 0.000000 0.000000 0.000000 0.000000 -0.747474 -0.071442 9.157545 -0.489074 -0.293444 -0.146722 5.826223 0.000000 -0.195630
208 12:00:02.070 0.000000 0.000000 0.000000 0.000000 -0.736242 -0.039431 9.114962 -0.493844 -0.296307 -0.148153 5.814774 0.000000 -0.197538
209 12:00:02.080 0.000000 0.000000 0.000000 0.000000 -0.810504 -0.049083 9.148304 -0.497261 -0.298357 -0.149178 5.806574 0.000000 -0.198904
210 12:00:02.090 0.000000 0.000000 0.000000 0.000000 -0.820089 0.022318 9.126354 -0.499315 -0.299589 -0.149794 5.801645 0.000000 -0.199726
211 12:00:02.100 0.000000 0.000000 0.000000 0.000000 -0.807588 0.028589 9.147014 -0.500000 -0.300000 -0.150000 5.800000 0.000000 -0.200000
212 12:00:02.110 0.000000 0.000000 0.000000 0.000000 -0.825514 0.021181 9.185699 -0.499315 -0.299589 -0.149794 5.801645 0.000000 -0.199726
213 12:00:02.120 0.000000 0.000000 0.000000 0.000000 -0.797740 0.065524 9.121509 -0.497261 -0.298357 -0.149178 5.806574 0.000000 -0.198904
214 12:00:02.130 0.000000 0.000000 0.000000 0.000000 -0.811732 0.091664 9.074497 -0.493844 -0.296307 -0.148153 5.814774 0.000000 -0.197538
215 12:00:02.140 0.000000 0.000000 0.000000 0.000000 -0.786302 0.063299 9.134056 -0.489074 -0.293444 -0.146722 5.826223 0.000000 -0.195630
216 12:00:02.150 0.000000 0.000000 0.000000 0.000000 -0.734546 0.073236 9.202359 -0.482963 -0.289778 -0.144889 5.840889 0.000000 -0.193185
217 12:00:02.160 0.000000 0.000000 0.000000 0.000000 -0.761453 0.115254 9.137108 -0.475528 -0.285317 -0.142658 5.858732 0.000000 -0.190211
218 12:00:02.170 0.000000 0.000000 0.000000 0.000000 -0.747086 0.114876 9.128967 -0.466790 -0.280074 -0.140037 5.879703 0.000000 -0.186716
219 12:00:02.180 0.000000 0.000000 0.000000 0.000000 -0.726920 0.141798 9.182226 -0.456773 -0.274064 -0.137032 5.903745 0.000000 -0.182709
220 12:00:02.190 0.000000 0.000000 0.000000 0.000000 -0.683046 0.163613 9.204949 -0.445503 -0.267302 -0.133651 5.930792 0.000000 -0.178201
221 12:00:02.200 0.000000 0.000000 0.000000 0.000000 -0.712541 0.222878 9.171601 -0.433013 -0.259808 -0.129904 5.960770 0.000000 -0.173205
222 12:00:02.210 0.000000 0.000000 0.000000 0.000000 -0.662949 0.223666 9.237904 -0.419335 -0.251601 -0.125801 5.993595 0.000000 -0.167734
223 12:00:02.220 0.000000 0.000000 0.000000 0.000000 -0.648385 0.272322 9.264986 -0.404508 -0.242705 -0.121353 6.029180 0.000000 -0.161803
224 12:00:02.230 0.000000 0.000000 0.000000 0.000000 -0.623935 0.259555 9.236136 -0.388573 -0.233144 -0.116572 6.067425 0.000000 -0.155429
225 12:00:02.240 0.000000 0.000000 0.000000 0.000000 -0.618947 0.252228 9.298700 -0.371572 -0.222943 -0.111472 6.108226 0.000000 -0.148629
226 12:00:02.250 0.000000 0.000000 0.000000 0.000000 -0.594011 0.278196 9.313090 -0.353553 -0.212132 -0.106066 6.151472 0.000000 -0.141421
227 12:00:02.260 0.000000 0.000000 0.000000 0.000000 -0.498972 0.313655 9.390935 -0.334565 -0.200739 -0.100370 6.197043 0.000000 -0.133826
228 12:00:02.270 0.000000 0.000000 0.000000 0.000000 -0.495336 0.316710 9.363387 -0.314660 -0.188796 -0.094398 6.244816 0.000000 -0.125864
229 12:00:02.280 0.000000 0.000000 0.000000 0.000000 -0.479618 0.328089 9.386279 -0.293893 -0.176336 -0.088168 6.294658 0.000000 -0.117557
230 12:00:02.290 0.000000 0.000000 0.000000 0.000000 -0.485274 0.366343 9.471214 -0.272320 -0.163392 -0.081696 6.346433 0.000000 -0.108928
231 12:00:02.300 0.000000 0.000000 0.000000 0.000000 -0.432662 0.360282 9.426052 -0.250000 -0.150000 -0.075000 6.400000 0.000000 -0.100000
232 12:00:02.310 0.000000 0.000000 0.000000 0.000000 -0.369463 0.349371 9.497769 -0.226995 -0.136197 -0.068099 6.455211 0.000000 -0.090798
233 12:00:02.320 0.000000 0.000000 0.000000 0.000000 -0.339166 0.363204 9.538163 -0.203368 -0.122021 -0.061010 6.511916 0.000000 -0.081347
234 12:00:02.330 0.000000 0.000000 0.000000 0.000000 -0.271823 0.344307 9.567612 -0.179184 -0.107510 -0.053755 6.569958 0.000000 -0.071674
235 12:00:02.340 0.000000 0.000000 0.000000 0.000000 -0.251612 0.388883 9.551322 -0.154508 -0.092705 -0.046353 6.629180 0.000000 -0.061803
236 12:00:02.350 0.000000 0.000000 0.000000 0.000000 -0.193433 0.397856 9.662454 -0.129410 -0.077646 -0.038823 6.689417 0.000000 -0.051764
237 12:00:02.360 0.000000 0.000000 0.000000 0.000000 -0.182903 0.397046 9.686292 -0.103956 -0.062374 -0.031187 6.750506 0.000000 -0.041582
238 12:00:02.370 0.000000 0.000000 0.000000 0.000000 -0.087337 0.420491 9.658455 -0.078217 -0.046930 -0.023465 6.812279 0.000000 -0.031287
239 12:00:02.380 0.000000 0.000000 0.000000 0.000000 -0.114415 0.399592 9.759745 -0.052264 -0.031359 -0.015679 6.874566 0.000000 -0.020906
240 12:00:02.390 0.000000 0.000000 0.000000 0.000000 -0.049847 0.392612 9.775734 -0.026168 -0.015701 -0.007850 6.937197 0.000000 -0.010467
241 12:00:02.400 0.000000 77.999139 1.369666 0.094480 -0.030661 0.431683 9.790755 0.000000 0.000000 0.000000 7.000000 0.000000 0.000000
242 12:00:02.410 0.000000 94.256471 2.274926 1.368094 0.027206 0.395217 9.822492 0.026168 0.015701 0.007850 7.062803 0.000000 0.010467
243 12:00:02.420 0.000000 107.154651 2.066184 0.000000 0.085811 0.356590 9.927138 0.052264 0.031359 0.015679 7.125434 0.000000 0.020906
244 12:00:02.430 1.593847 123.479322 1.974402 0.048688 0.156392 0.378769 9.914560 0.078217 0.046930 0.023465 7.187721 0.000000 0.031287
245 12:00:02.440 1.512755 141.803131 3.403853 1.673483 0.165068 0.387300 9.993107 0.103956 0.062374 0.031187 7.249494 0.000000 0.041582
246 12:00:02.450 0.000000 157.484775 5.617587 0.517420 0.157620 0.389614 9.974603 0.129410 0.077646 0.038823 7.310583 0.000000 0.051764
247 12:00:02.460 1.623816 170.661425 6.005727 0.000000 0.185622 0.370645 9.937764 0.154508 0.092705 0.046353 7.370820 0.000000 0.061803
248 12:00:02.470 0.458195 184.520867 9.268148 1.520221 0.257305 0.367899 9.988858 0.179184 0.107510 0.053755 7.430042 0.000000 0.071674
249 12:00:02.480 1.048561 195.021415 10.562574 0.830026 0.319792 0.358102 10.075478 0.203368 0.122021 0.061010 7.488084 0.000000 0.081347
250 12:00:02.490 1.419059 203.349503 11.265802 0.000000 0.358603 0.335951 10.132135 0.226995 0.136197 0.068099 7.544789 0.000000 0.090798
251 12:00:02.500 0.000000 208.906544 12.381586 0.000000 0.405247 0.371464 10.130554 0.250000 0.150000 0.075000 7.600000 0.000000 0.100000
252 12:00:02.510 0.000000 211.148860 18.026331 0.000000 0.451997 0.320691 10.170278 0.272320 0.163392 0.081696 7.653567 0.000000 0.108928
253 12:00:02.520 0.000000 209.955154 20.543793 0.922321 0.469828 0.327571 10.167850 0.293893 0.176336 0.088168 7.705342 0.000000 0.117557
254 12:00:02.530 0.000000 202.757507 22.842225 0.791400 0.483605 0.303885 10.348454 0.314660 0.188796 0.094398 7.755184 0.000000 0.125864
255 12:00:02.540 0.000000 193.346438 27.347814 0.000000 0.546500 0.284584 10.299387 0.334565 0.200739 0.100370 7.802957 0.000000 0.133826
256 12:00:02.550 0.000000 182.703651 31.811202 0.534167 0.580841 0.315283 10.329450 0.353553 0.212132 0.106066 7.848528 0.000000 0.141421
257 12:00:02.560 0.000000 171.796704 37.050145 0.768676 0.577400 0.273734 10.343484 0.371572 0.222943 0.111472 7.891774 0.000000 0.148629
258 12:00:02.570 1.515380 155.948997 42.689821 0.122822 0.589617 0.221051 10.358447 0.388573 0.233144 0.116572 7.932575 0.000000 0.155429
259 12:00:02.580 0.764253 138.098272 48.935924 1.513280 0.626353 0.264150 10.380143 0.404508 0.242705 0.121353 7.970820 0.000000 0.161803
260 12:00:02.590 1.276639 122.588969 52.754493 1.915392 0.655523 0.239516 10.329235 0.419335 0.251601 0.125801 8.006405 0.000000 0.167734
261 12:00:02.600 0.153101 107.180803 58.409961 4.956831 0.689440 0.184153 10.396602 0.433013 0.259808 0.129904 8.039230 0.000000 0.173205
262 12:00:02.610 0.081556 92.859642 63.311177 4.353912 0.742098 0.190751 10.415901 0.445503 0.267302 0.133651 8.069208 0.000000 0.178201
263 12:00:02.620 0.000000 77.567632 68.845595 7.217781 0.686355 0.154716 10.443328 0.456773 0.274064 0.137032 8.096255 0.000000 0.182709
264 12:00:02.630 2.255723 63.148835 74.333872 8.854824 0.734753 0.126481 10.408978 0.466790 0.280074 0.140037 8.120297 0.000000 0.186716
265 12:00:02.640 4.399628 52.266184 80.860372 10.406164 0.753402 0.142569 10.469462 0.475528 0.285317 0.142658 8.141268 0.000000 0.190211
266 12:00:02.650 4.788133 39.670472 83.664339 12.604609 0.795900 0.112844 10.500954 0.482963 0.289778 0.144889 8.159111 0.000000 0.193185
267 12:00:02.660 5.067819 32.378065 89.958323 18.606993 0.782600 0.110683 10.447556 0.489074 0.293444 0.146722 8.173777 0.000000 0.195630
268 12:00:02.670 5.766642 25.224508 91.106783 24.281244 0.761436 0.056859 10.498957 0.493844 0.296307 0.148153 8.185226 0.000000 0.197538
269 12:00:02.680 5.570112 18.522047 95.066113 27.576974 0.806745 0.051321 10.513927 0.497261 0.298357 0.149178 8.193426 0.000000 0.198904
270 12:00:02.690 6.086285 14.128734 96.669847 34.910955 0.816389 0.001021 10.515767 0.499315 0.299589 0.149794 8.198355 0.000000 0.199726
271 12:00:02.700 9.738840 9.472800 99.023909 39.627425 0.783323 -0.015677 10.542475 0.500000 0.300000 0.150000 8.200000 0.000000 0.200000
272 12:00:02.710 10.459498 8.601026 97.662239 50.095274 0.800035 0.014767 10.527921 0.499315 0.299589 0.149794 8.198355 0.000000 0.199726
273 12:00:02.720 14.165935 5.571622 94.261781 57.256709 0.786555 -0.038108 10.535208 0.497261 0.298357 0.149178 8.193426 0.000000 0.198904
274 12:00:02.730 15.711096 5.350966 94.317181 67.313571 0.799443 -0.052819 10.461788 0.493844 0.296307 0.148153 8.185226 0.000000 0.197538
275 12:00:02.740 17.225757 3.171226 91.497874 78.094398 0.798426 -0.070444 10.512996 0.489074 0.293444 0.146722 8.173777 0.000000 0.195630
276 12:00:02.750 18.143537 1.381651 89.141103 89.609694 0.756127 -0.123320 10.498575 0.482963 0.289778 0.144889 8.159111 0.000000 0.193185
277 12:00:02.760 20.721542 1.069238 84.633539 101.179000 0.750105 -0.132759 10.529200 0.475528 0.285317 0.142658 8.141268 0.000000 0.190211
278 12:00:02.770 24.873698 0.000000 80.356688 110.619746 0.765727 -0.132847 10.449088 0.466790 0.280074 0.140037 8.120297 0.000000 0.186716
279 12:00:02.780 26.663157 0.000000 76.233318 124.060648 0.744558 -0.132855 10.434547 0.456773 0.274064 0.137032 8.096255 0.000000 0.182709
280 12:00:02.790 28.568941 0.000000 70.520473 136.029711 0.700725 -0.207974 10.423960 0.445503 0.267302 0.133651 8.069208 0.000000 0.178201
281 12:00:02.800 32.320400 0.000000 64.070608 145.003888 0.695508 -0.216759 10.447178 0.433013 0.259808 0.129904 8.039230 0.000000 0.173205
282 12:00:02.810 35.372197 0.000000 59.576040 154.772145 0.655712 -0.234226 10.388961 0.419335 0.251601 0.125801 8.006405 0.000000 0.167734
283 12:00:02.820 35.699295 0.431410 52.251425 160.912749 0.644824 -0.222482 10.365594 0.404508 0.242705 0.121353 7.970820 0.000000 0.161803
284 12:00:02.830 37.061362 0.235746 47.187106 170.598121 0.594976 -0.251702 10.340418 0.388573 0.233144 0.116572 7.932575 0.000000 0.155429
285 12:00:02.840 39.168675 0.000000 41.775651 176.231012 0.631257 -0.281326 10.323690 0.371572 0.222943 0.111472 7.891774 0.000000 0.148629
286 12:00:02.850 39.920748 0.000000 36.268544 180.367991 0.543653 -0.304718 10.335347 0.353553 0.212132 0.106066 7.848528 0.000000 0.141421
287 12:00:02.860 39.633150 0.000000 32.218289 181.157955 0.527058 -0.285688 10.325206 0.334565 0.200739 0.100370 7.802957 0.000000 0.133826
288 12:00:02.870 40.465711 0.000000 26.782114 180.296758 0.525443 -0.344403 10.224517 0.314660 0.188796 0.094398 7.755184 0.000000 0.125864
289 12:00:02.880 41.355137 0.000000 24.215333 177.906373 0.460175 -0.356151 10.206159 0.293893 0.176336 0.088168 7.705342 0.000000 0.117557
290 12:00:02.890 40.226132 0.000000 21.141324 174.574333 0.448258 -0.361608 10.146588 0.272320 0.163392 0.081696 7.653567 0.000000 0.108928
291 12:00:02.900 39.247299 0.000000 15.578060 169.471235 0.413877 -0.368348 10.113959 0.250000 0.150000 0.075000 7.600000 0.000000 0.100000
292 12:00:02.910 36.679405 0.000000 12.363388 161.382904 0.358603 -0.360902 10.114786 0.226995 0.136197 0.068099 7.544789 0.000000 0.090798
293 12:00:02.920 30.764373 0.370685 11.598531 150.904624 0.351793 -0.368295 10.150931 0.203368 0.122021 0.061010 7.488084 0.000000 0.081347
294 12:00:02.930 30.135311 1.129271 9.003695 141.962113 0.272212 -0.351691 10.035308 0.179184 0.107510 0.053755 7.430042 0.000000 0.071674
295 12:00:02.940 28.447682 0.197979 8.573656 133.168907 0.272466 -0.349033 10.048511 0.154508 0.092705 0.046353 7.370820 0.000000 0.061803
296 12:00:02.950 26.648494 0.896766 6.001262 122.069193 0.254017 -0.370091 10.046808 0.129410 0.077646 0.038823 7.310583 0.000000 0.051764
297 12:00:02.960 24.087580 0.923066 4.116231 107.081213 0.164313 -0.404401 9.951363 0.103956 0.062374 0.031187 7.249494 0.000000 0.041582
298 12:00:02.970 20.671902 1.082496 1.835918 95.439506 0.125589 -0.388839 9.975308 0.078217 0.046930 0.023465 7.187721 0.000000 0.031287
299 12:00:02.980 19.085868 0.338654 2.096725 88.169182 0.068023 -0.376936 9.902823 0.052264 0.031359 0.015679 7.125434 0.000000 0.020906
300 12:00:02.990 16.254984 1.399183 3.296757 75.561822 0.052660 -0.408540 9.847737 0.026168 0.015701 0.007850 7.062803 0.000000 0.010467
301 12:00:03.000 13.198376 0.139297 2.477510 63.971796 -0.024799 -0.417356 9.812322 0.000000 0.000000 0.000000 7.000000 0.000000 0.000000
302 12:00:03.010 12.813736 0.045124 1.152279 54.586753 -0.045196 -0.372764 9.739105 -0.026168 -0.015701 -0.007850 6.937197 0.000000 -0.010467
303 12:00:03.020 0.000000 0.000000 0.000000 0.000000 -0.076694 -0.421842 9.749944 -0.052264 -0.031359 -0.015679 6.874566 0.000000 -0.020906
304 12:00:03.030 0.000000 0.000000 0.000000 0.000000 -0.114299 -0.403809 9.661665 -0.078217 -0.046930 -0.023465 6.812279 0.000000 -0.031287
305 12:00:03.040 0.000000 0.000000 0.000000 0.000000 -0.151192 -0.390316 9.661883 -0.103956 -0.062374 -0.031187 6.750506 0.000000 -0.041582
306 12:00:03.050 0.000000 0.000000 0.000000 0.000000 -0.204861 -0.374382 9.570093 -0.129410 -0.077646 -0.038823 6.689417 0.000000 -0.051764
307 12:00:03.060 0.000000 0.000000 0.000000 0.000000 -0.286972 -0.389629 9.618239 -0.154508 -0.092705 -0.046353 6.629180 0.000000 -0.061803
308 12:00:03.070 0.000000 0.000000 0.000000 0.000000 -0.329709 -0.383014 9.539981 -0.179184 -0.107510 -0.053755 6.569958 0.000000 -0.071674
309 12:00:03.080 0.000000 0.000000 0.000000 0.000000 -0.315929 -0.344216 9.431266 -0.203368 -0.122021 -0.061010 6.511916 0.000000 -0.081347
310 12:00:03.090 0.000000 0.000000 0.000000 0.000000 -0.388578 -0.369090 9.537260 -0.226995 -0.136197 -0.068099 6.455211 0.000000 -0.090798
311 12:00:03.100 0.000000 0.000000 0.000000 0.000000 -0.384822 -0.348563 9.487464 -0.250000 -0.150000 -0.075000 6.400000 0.000000 -0.100000
312 12:00:03.110 0.000000 0.000000 0.000000 0.000000 -0.428046 -0.327804 9.441344 -0.272320 -0.163392 -0.081696 6.346433 0.000000 -0.108928
313 12:00:03.120 0.000000 0.000000 0.000000 0.000000 -0.461074 -0.355123 9.438318 -0.293893 -0.176336 -0.088168 6.294658 0.000000 -0.117557
314 12:00:03.130 0.000000 0.000000 0.000000 0.000000 -0.512383 -0.309213 9.357579 -0.314660 -0.188796 -0.094398 6.244816 0.000000 -0.125864
315 12:00:03.140 0.000000 0.000000 0.000000 0.000000 -0.522551 -0.315728 9.309521 -0.334565 -0.200739 -0.100370 6.197043 0.000000 -0.133826
316 12:00:03.150 0.000000 0.000000 0.000000 0.000000 -0.575812 -0.291954 9.337822 -0.353553 -0.212132 -0.106066 6.151472 0.000000 -0.141421
317 12:00:03.160 0.000000 0.000000 0.000000 0.000000 -0.586641 -0.300038 9.285154 -0.371572 -0.222943 -0.111472 6.108226 0.000000 -0.148629
318 12:00:03.170 0.000000 0.000000 0.000000 0.000000 -0.616947 -0.231449 9.287588 -0.388573 -0.233144 -0.116572 6.067425 0.000000 -0.155429
319 12:00:03.180 0.000000 0.000000 0.000000 0.000000 -0.634200 -0.236031 9.176577 -0.404508 -0.242705 -0.121353 6.029180 0.000000 -0.161803
320 12:00:03.190 0.000000 0.000000 0.000000 0.000000 -0.666396 -0.217702 9.188673 -0.419335 -0.251601 -0.125801 5.993595 0.000000 -0.167734
321 12:00:03.200 0.000000 0.000000 0.000000 0.000000 -0.713909 -0.182622 9.215244 -0.433013 -0.259808 -0.129904 5.960770 0.000000 -0.173205
322 12:00:03.210 0.000000 0.000000 0.000000 0.000000 -0.679204 -0.200969 9.186321 -0.445503 -0.267302 -0.133651 5.930792 0.000000 -0.178201
323 12:00:03.220 0.000000 0.000000 0.000000 0.000000 -0.731001 -0.159179 9.183821 -0.456773 -0.274064 -0.137032 5.903745 0.000000 -0.182709
324 12:00:03.230 0.000000 0.000000 0.000000 0.000000 -0.733152 -0.153339 9.190737 -0.466790 -0.280074 -0.140037 5.879703 0.000000 -0.186716
325 12:00:03.240 0.000000 0.000000 0.000000 0.000000 -0.785825 -0.126343 9.137152 -0.475528 -0.285317 -0.142658 5.858732 0.000000 -0.190211
326 12:00:03.250 0.000000 0.000000 0.000000 0.000000 -0.773381 -0.090552 9.085176 -0.482963 -0.289778 -0.144889 5.840889 0.000000 -0.193185
327 12:00:03.260 0.000000 0.000000 0.000000 0.000000 -0.822097 -0.084531 9.115783 -0.489074 -0.293444 -0.146722 5.826223 0.000000 -0.195630
328 12:00:03.270 0.000000 0.000000 0.000000 0.000000 -0.813444 -0.066251 9.120457 -0.493844 -0.296307 -0.148153 5.814774 0.000000 -0.197538
329 12:00:03.280 0.000000 0.000000 0.000000 0.000000 -0.781640 -0.049742 9.099492 -0.497261 -0.298357 -0.149178 5.806574 0.000000 -0.198904
330 12:00:03.290 0.000000 0.000000 0.000000 0.000000 -0.781543 -0.013331 9.055834 -0.499315 -0.299589 -0.149794 5.801645 0.000000 -0.199726
331 12:00:03.300 0.000000 0.000000 0.000000 0.000000 -0.766155 0.020162 9.079945 -0.500000 -0.300000 -0.150000 5.800000 0.000000 -0.200000
332 12:00:03.310 0.000000 0.000000 0.000000 0.000000 -0.813772 0.015319 9.138195 -0.499315 -0.299589 -0.149794 5.801645 0.000000 -0.199726
333 12:00:03.320 0.000000 0.000000 0.000000 0.000000 -0.798520 0.035288 9.095960 -0.497261 -0.298357 -0.149178 5.806574 0.000000 -0.198904
334 12:00:03.330 0.000000 0.000000 0.000000 0.000000 -0.791893 0.066479 9.094914 -0.493844 -0.296307 -0.148153 5.814774 0.000000 -0.197538
335 12:00:03.340 0.000000 0.000000 0.000000 0.000000 -0.778084 0.056726 9.096184 -0.489074 -0.293444 -0.146722 5.826223 0.000000 -0.195630
336 12:00:03.350 0.000000 0.000000 0.000000 0.000000 -0.737763 0.099043 9.098170 -0.482963 -0.289778 -0.144889 5.840889 0.000000 -0.193185
337 12:00:03.360 0.000000 0.000000 0.000000 0.000000 -0.752813 0.160078 9.173765 -0.475528 -0.285317 -0.142658 5.858732 0.000000 -0.190211
338 12:00:03.370 0.000000 0.000000 0.000000 0.000000 -0.774198 0.170672 9.138452 -0.466790 -0.280074 -0.140037 5.879703 0.000000 -0.186716
339 12:00:03.380 0.000000 0.000000 0.000000 0.000000 -0.726995 0.152810 9.196576 -0.456773 -0.274064 -0.137032 5.903745 0.000000 -0.182709
340 12:00:03.390 0.000000 0.000000 0.000000 0.000000 -0.729875 0.184627 9.171743 -0.445503 -0.267302 -0.133651 5.930792 0.000000 -0.178201
341 12:00:03.400 0.000000 0.000000 0.000000 0.000000 -0.708650 0.177972 9.222814 -0.433013 -0.259808 -0.129904 5.960770 0.000000 -0.173205
342 12:00:03.410 0.000000 0.000000 0.000000 0.000000 -0.648808 0.215808 9.236679 -0.419335 -0.251601 -0.125801 5.993595 0.000000 -0.167734
343 12:00:03.420 0.000000 0.000000 0.000000 0.000000 -0.652195 0.214389 9.256786 -0.404508 -0.242705 -0.121353 6.029180 0.000000 -0.161803
344 12:00:03.430 0.000000 0.000000 0.000000 0.000000 -0.632376 0.236548 9.312103 -0.388573 -0.233144 -0.116572 6.067425 0.000000 -0.155429
345 12:00:03.440 0.000000 0.000000 0.000000 0.000000 -0.546688 0.274647 9.293162 -0.371572 -0.222943 -0.111472 6.108226 0.000000 -0.148629
346 12:00:03.450 0.000000 0.000000 0.000000 0.000000 -0.584178 0.279579 9.370899 -0.353553 -0.212132 -0.106066 6.151472 0.000000 -0.141421
347 12:00:03.460 0.000000 0.000000 0.000000 0.000000 -0.540659 0.262429 9.378660 -0.334565 -0.200739 -0.100370 6.197043 0.000000 -0.133826
348 12:00:03.470 0.000000 0.000000 0.000000 0.000000 -0.492762 0.308050 9.434723 -0.314660 -0.188796 -0.094398 6.244816 0.000000 -0.125864
349 12:00:03.480 0.000000 0.000000 0.000000 0.000000 -0.463958 0.308976 9.391405 -0.293893 -0.176336 -0.088168 6.294658 0.000000 -0.117557
350 12:00:03.490 0.000000 0.000000 0.000000 0.000000 -0.433071 0.355320 9.411207 -0.272320 -0.163392 -0.081696 6.346433 0.000000 -0.108928
351 12:00:03.500 0.000000 0.000000 0.000000 0.000000 -0.367806 0.329606 9.436154 -0.250000 -0.150000 -0.075000 6.400000 0.000000 -0.100000
352 12:00:03.510 0.000000 0.000000 0.000000 0.000000 -0.369380 0.364414 9.503752 -0.226995 -0.136197 -0.068099 6.455211 0.000000 -0.090798
353 12:00:03.520 0.000000 0.000000 0.000000 0.000000 -0.315056 0.360665 9.506910 -0.203368 -0.122021 -0.061010 6.511916 0.000000 -0.081347
354 12:00:03.530 0.000000 0.000000 0.000000 0.000000 -0.273785 0.365179 9.558553 -0.179184 -0.107510 -0.053755 6.569958 0.000000 -0.071674
355 12:00:03.540 0.000000 0.000000 0.000000 0.000000 -0.230985 0.373749 9.570608 -0.154508 -0.092705 -0.046353 6.629180 0.000000 -0.061803
356 12:00:03.550 0.000000 0.000000 0.000000 0.000000 -0.240979 0.382674 9.615815 -0.129410 -0.077646 -0.038823 6.689417 0.000000 -0.051764
357 12:00:03.560 0.000000 0.000000 0.000000 0.000000 -0.162728 0.405293 9.656706 -0.103956 -0.062374 -0.031187 6.750506 0.000000 -0.041582
358 12:00:03.570 0.000000 0.000000 0.000000 0.000000 -0.144557 0.388688 9.682834 -0.078217 -0.046930 -0.023465 6.812279 0.000000 -0.031287
359 12:00:03.580 0.000000 0.000000 0.000000 0.000000 -0.110450 0.384078 9.720986 -0.052264 -0.031359 -0.015679 6.874566 0.000000 -0.020906
360 12:00:03.590 0.000000 0.000000 0.000000 0.000000 -0.050758 0.355829 9.731418 -0.026168 -0.015701 -0.007850 6.937197 0.000000 -0.010467
361 12:00:03.600 0.000000 80.996910 2.013915 0.279458 -0.055183 0.396459 9.878047 0.000000 0.000000 0.000000 7.000000 0.000000 0.000000
362 12:00:03.610 0.070326 92.582929 1.090354 0.000000 0.056185 0.372865 9.838398 0.026168 0.015701 0.007850 7.062803 0.000000 0.010467
363 12:00:03.620 0.157053 109.179613 2.626729 0.505225 0.102499 0.406535 9.898266 0.052264 0.031359 0.015679 7.125434 0.000000 0.020906
364 12:00:03.630 0.000000 124.136853 3.086383 0.832612 0.162131 0.406645 9.878136 0.078217 0.046930 0.023465 7.187721 0.000000 0.031287
365 12:00:03.640 1.178394 142.056482 3.833717 0.654901 0.154849 0.410670 9.957850 0.103956 0.062374 0.031187 7.249494 0.000000 0.041582
366 12:00:03.650 0.339267 155.726321 6.000246 0.657918 0.217912 0.422404 9.960428 0.129410 0.077646 0.038823 7.310583 0.000000 0.051764
367 12:00:03.660 0.666734 173.010716 4.289590 0.000000 0.279380 0.391614 10.048061 0.154508 0.092705 0.046353 7.370820 0.000000 0.061803
368 12:00:03.670 0.000000 183.165953 6.898622 0.054737 0.273926 0.384902 10.078611 0.179184 0.107510 0.053755 7.430042 0.000000 0.071674
369 12:00:03.680 1.933256 195.115700 8.657182 0.000000 0.301732 0.368306 10.106278 0.203368 0.122021 0.061010 7.488084 0.000000 0.081347
370 12:00:03.690 1.832287 204.020934 11.701836 0.243483 0.351424 0.345946 10.107363 0.226995 0.136197 0.068099 7.544789 0.000000 0.090798
371 12:00:03.700 0.997448 208.871144 11.947427 1.688943 0.410598 0.357151 10.208174 0.250000 0.150000 0.075000 7.600000 0.000000 0.100000
372 12:00:03.710 0.000000 209.170309 16.874312 0.000000 0.421469 0.328861 10.186648 0.272320 0.163392 0.081696 7.653567 0.000000 0.108928
373 12:00:03.720 0.000000 207.112723 19.887894 0.230495 0.461334 0.333682 10.219819 0.293893 0.176336 0.088168 7.705342 0.000000 0.117557
374 12:00:03.730 0.201512 202.763237 24.669178 1.318953 0.488248 0.271209 10.226361 0.314660 0.188796 0.094398 7.755184 0.000000 0.125864
375 12:00:03.740 0.463253 193.542119 29.147849 1.061089 0.523730 0.279956 10.205233 0.334565 0.200739 0.100370 7.802957 0.000000 0.133826
376 12:00:03.750 0.000000 182.788254 30.974884 0.000000 0.538838 0.301593 10.325434 0.353553 0.212132 0.106066 7.848528 0.000000 0.141421
377 12:00:03.760 0.000000 170.082138 37.787704 1.759248 0.588552 0.282884 10.356270 0.371572 0.222943 0.111472 7.891774 0.000000 0.148629
378 12:00:03.770 1.474586 155.321386 42.084924 0.000000 0.633867 0.266951 10.307124 0.388573 0.233144 0.116572 7.932575 0.000000 0.155429
379 12:00:03.780 1.431503 139.572469 45.262024 3.298165 0.670489 0.232893 10.418242 0.404508 0.242705 0.121353 7.970820 0.000000 0.161803
380 12:00:03.790 0.000000 124.471758 54.718885 3.542542 0.647472 0.232124 10.349923 0.419335 0.251601 0.125801 8.006405 0.000000 0.167734
381 12:00:03.800 0.633840 106.854870 59.620470 3.887300 0.707757 0.194761 10.404243 0.433013 0.259808 0.129904 8.039230 0.000000 0.173205
382 12:00:03.810 2.184149 90.187977 64.473013 4.006736 0.695651 0.184698 10.441886 0.445503 0.267302 0.133651 8.069208 0.000000 0.178201
383 12:00:03.820 1.201053 76.399658 70.029686 4.835819 0.729240 0.172356 10.465855 0.456773 0.274064 0.137032 8.096255 0.000000 0.182709
384 12:00:03.830 3.506261 62.765480 73.828787 10.071037 0.742326 0.125611 10.412903 0.466790 0.280074 0.140037 8.120297 0.000000 0.186716
385 12:00:03.840 3.141943 52.868577 80.295896 10.527611 0.762213 0.135160 10.415814 0.475528 0.285317 0.142658 8.141268 0.000000 0.190211
386 12:00:03.850 4.319135 42.153607 85.464339 14.959248 0.772324 0.088671 10.429176 0.482963 0.289778 0.144889 8.159111 0.000000 0.193185
387 12:00:03.860 3.777040 31.355366 88.497092 17.554767 0.844194 0.056768 10.438049 0.489074 0.293444 0.146722 8.173777 0.000000 0.195630
388 12:00:03.870 3.925916 24.139829 92.390879 23.648447 0.845015 0.093857 10.548171 0.493844 0.296307 0.148153 8.185226 0.000000 0.197538
389 12:00:03.880 5.852646 18.643345 96.093819 28.575590 0.811684 0.026653 10.525996 0.497261 0.298357 0.149178 8.193426 0.000000 0.198904
390 12:00:03.890 8.077231 15.452779 95.196664 34.352029 0.776406 -0.029549 10.479027 0.499315 0.299589 0.149794 8.198355 0.000000 0.199726
391 12:00:03.900 8.950335 12.304090 96.341522 41.816983 0.795433 -0.015577 10.543548 0.500000 0.300000 0.150000 8.200000 0.000000 0.200000
392 12:00:03.910 11.323505 6.779692 98.015072 50.284541 0.803534 -0.027686 10.520624 0.499315 0.299589 0.149794 8.198355 0.000000 0.199726
393 12:00:03.920 12.965901 4.944765 96.140657 57.069441 0.786563 -0.021909 10.472861 0.497261 0.298357 0.149178 8.193426 0.000000 0.198904
394 12:00:03.930 15.983403 1.980003 95.092568 66.610780 0.797274 -0.108359 10.478241 0.493844 0.296307 0.148153 8.185226 0.000000 0.197538
395 12:00:03.940 15.383683 2.219914 92.260377 78.619033 0.772910 -0.106474 10.456274 0.489074 0.293444 0.146722 8.173777 0.000000 0.195630
396 12:00:03.950 20.093392 1.328487 87.533728 88.699814 0.741761 -0.139665 10.493529 0.482963 0.289778 0.144889 8.159111 0.000000 0.193185
397 12:00:03.960 22.458845 1.748759 83.749909 102.674508 0.806604 -0.115848 10.492980 0.475528 0.285317 0.142658 8.141268 0.000000 0.190211
398 12:00:03.970 25.438153 1.604311 80.371074 113.142206 0.755561 -0.151534 10.472955 0.466790 0.280074 0.140037 8.120297 0.000000 0.186716
399 12:00:03.980 26.036305 0.882976 74.538995 123.178211 0.735895 -0.157327 10.480656 0.456773 0.274064 0.137032 8.096255 0.000000 0.182709
400 12:00:03.990 29.593991 0.000000 70.620026 134.995568 0.727068 -0.193209 10.409723 0.445503 0.267302 0.133651 8.069208 0.000000 0.178201
401 12:00:04.000 29.647637 2.124429 63.927893 144.054430 0.699561 -0.183681 10.356351 0.433013 0.259808 0.129904 8.039230 0.000000 0.173205
402 12:00:04.010 34.760392 0.000000 57.824510 155.316935 0.660697 -0.207170 10.381199 0.419335 0.251601 0.125801 8.006405 0.000000 0.167734
403 12:00:04.020 36.797610 0.000000 51.747246 163.919958 0.660380 -0.255204 10.352055 0.404508 0.242705 0.121353 7.970820 0.000000 0.161803
404 12:00:04.030 37.054452 0.000000 47.443899 172.355859 0.597101 -0.241574 10.348335 0.388573 0.233144 0.116572 7.932575 0.000000 0.155429
405 12:00:04.040 38.061907 0.053880 42.135230 176.865452 0.575424 -0.279531 10.314077 0.371572 0.222943 0.111472 7.891774 0.000000 0.148629
406 12:00:04.050 41.225835 0.000000 37.327905 179.919267 0.620454 -0.293351 10.301743 0.353553 0.212132 0.106066 7.848528 0.000000 0.141421
407 12:00:04.060 39.553157 1.336544 30.535385 183.299282 0.533333 -0.316562 10.290001 0.334565 0.200739 0.100370 7.802957 0.000000 0.133826
408 12:00:04.070 41.009307 0.000000 25.982520 180.553594 0.466555 -0.289005 10.265964 0.314660 0.188796 0.094398 7.755184 0.000000 0.125864
409 12:00:04.080 39.861323 0.000000 22.152083 180.038521 0.455656 -0.319350 10.270602 0.293893 0.176336 0.088168 7.705342 0.000000 0.117557
410 12:00:04.090 38.128063 0.000000 18.724015 174.240209 0.419419 -0.309601 10.221915 0.272320 0.163392 0.081696 7.653567 0.000000 0.108928
411 12:00:04.100 36.009941 0.000000 16.684998 169.748143 0.395417 -0.341847 10.236178 0.250000 0.150000 0.075000 7.600000 0.000000 0.100000
412 12:00:04.110 34.339512 0.000000 12.976189 159.634500 0.378954 -0.362011 10.111983 0.226995 0.136197 0.068099 7.544789 0.000000 0.090798
413 12:00:04.120 33.082710 0.000000 10.700216 151.442333 0.319325 -0.377423 10.120224 0.203368 0.122021 0.061010 7.488084 0.000000 0.081347
414 12:00:04.130 31.838209 0.000000 9.084249 142.939090 0.300184 -0.337864 10.084627 0.179184 0.107510 0.053755 7.430042 0.000000 0.071674
415 12:00:04.140 29.859061 0.000000 7.914261 131.877752 0.250125 -0.360995 9.989952 0.154508 0.092705 0.046353 7.370820 0.000000 0.061803
416 12:00:04.150 27.621971 1.732080 4.858633 121.792255 0.198348 -0.395751 9.965775 0.129410 0.077646 0.038823 7.310583 0.000000 0.051764
417 12:00:04.160 24.645580 0.809219 5.572560 109.012348 0.155593 -0.405812 9.940666 0.103956 0.062374 0.031187 7.249494 0.000000 0.041582
418 12:00:04.170 21.633550 0.042154 3.388561 97.343367 0.106654 -0.443539 9.918152 0.078217 0.046930 0.023465 7.187721 0.000000 0.031287
419 12:00:04.180 19.406654 0.000000 3.943570 87.107829 0.111429 -0.388022 9.843680 0.052264 0.031359 0.015679 7.125434 0.000000 0.020906
420 12:00:04.190 16.556765 0.000000 2.719677 72.531945 0.042390 -0.398558 9.843796 0.026168 0.015701 0.007850 7.062803 0.000000 0.010467
421 12:00:04.200 14.782358 0.000000 0.598698 63.542784 -0.016444 -0.372912 9.803934 0.000000 0.000000 0.000000 7.000000 0.000000 0.000000
422 12:00:04.210 13.564838 1.310879 1.393518 55.051453 -0.059202 -0.379011 9.796753 -0.026168 -0.015701 -0.007850 6.937197 0.000000 -0.010467
423 12:00:04.220 0.000000 0.000000 0.000000 0.000000 -0.078988 -0.371897 9.784666 -0.052264 -0.031359 -0.015679 6.874566 0.000000 -0.020906
424 12:00:04.230 0.000000 0.000000 0.000000 0.000000 -0.116751 -0.381302 9.665955 -0.078217 -0.046930 -0.023465 6.812279 0.000000 -0.031287
425 12:00:04.240 0.000000 0.000000 0.000000 0.000000 -0.184409 -0.383100 9.647077 -0.103956 -0.062374 -0.031187 6.750506 0.000000 -0.041582
426 12:00:04.250 0.000000 0.000000 0.000000 0.000000 -0.215167 -0.395492 9.577593 -0.129410 -0.077646 -0.038823 6.689417 0.000000 -0.051764
427 12:00:04.260 0.000000 0.000000 0.000000 0.000000 -0.249647 -0.390561 9.609817 -0.154508 -0.092705 -0.046353 6.629180 0.000000 -0.061803
428 12:00:04.270 0.000000 0.000000 0.000000 0.000000 -0.297529 -0.373976 9.570898 -0.179184 -0.107510 -0.053755 6.569958 0.000000 -0.071674
429 12:00:04.280 0.000000 0.000000 0.000000 0.000000 -0.332450 -0.349104 9.481670 -0.203368 -0.122021 -0.061010 6.511916 0.000000 -0.081347
430 12:00:04.290 0.000000 0.000000 0.000000 0.000000 -0.360286 -0.373006 9.549278 -0.226995 -0.136197 -0.068099 6.455211 0.000000 -0.090798
431 12:00:04.300 0.000000 0.000000 0.000000 0.000000 -0.418681 -0.363290 9.516450 -0.250000 -0.150000 -0.075000 6.400000 0.000000 -0.100000
432 12:00:04.310 0.000000 0.000000 0.000000 0.000000 -0.443059 -0.340643 9.386237 -0.272320 -0.163392 -0.081696 6.346433 0.000000 -0.108928
433 12:00:04.320 0.000000 0.000000 0.000000 0.000000 -0.454181 -0.371737 9.410954 -0.293893 -0.176336 -0.088168 6.294658 0.000000 -0.117557
434 12:00:04.330 0.000000 0.000000 0.000000 0.000000 -0.480792 -0.277581 9.382236 -0.314660 -0.188796 -0.094398 6.244816 0.000000 -0.125864
435 12:00:04.340 0.000000 0.000000 0.000000 0.000000 -0.542053 -0.300997 9.355375 -0.334565 -0.200739 -0.100370 6.197043 0.000000 -0.133826
436 12:00:04.350 0.000000 0.000000 0.000000 0.000000 -0.608335 -0.303028 9.321769 -0.353553 -0.212132 -0.106066 6.151472 0.000000 -0.141421
437 12:00:04.360 0.000000 0.000000 0.000000 0.000000 -0.580155 -0.250571 9.315635 -0.371572 -0.222943 -0.111472 6.108226 0.000000 -0.148629
438 12:00:04.370 0.000000 0.000000 0.000000 0.000000 -0.607965 -0.254621 9.290942 -0.388573 -0.233144 -0.116572 6.067425 0.000000 -0.155429
439 12:00:04.380 0.000000 0.000000 0.000000 0.000000 -0.626831 -0.211437 9.257196 -0.404508 -0.242705 -0.121353 6.029180 0.000000 -0.161803
440 12:00:04.390 0.000000 0.000000 0.000000 0.000000 -0.667878 -0.243930 9.268746 -0.419335 -0.251601 -0.125801 5.993595 0.000000 -0.167734
441 12:00:04.400 0.000000 0.000000 0.000000 0.000000 -0.706496 -0.243435 9.214347 -0.433013 -0.259808 -0.129904 5.960770 0.000000 -0.173205
442 12:00:04.410 0.000000 0.000000 0.000000 0.000000 -0.681173 -0.175129 9.154507 -0.445503 -0.267302 -0.133651 5.930792 0.000000 -0.178201
443 12:00:04.420 0.000000 0.000000 0.000000 0.000000 -0.723839 -0.194716 9.164489 -0.456773 -0.274064 -0.137032 5.903745 0.000000 -0.182709
444 12:00:04.430 0.000000 0.000000 0.000000 0.000000 -0.725299 -0.135830 9.132321 -0.466790 -0.280074 -0.140037 5.879703 0.000000 -0.186716
445 12:00:04.440 0.000000 0.000000 0.000000 0.000000 -0.769799 -0.117945 9.137470 -0.475528 -0.285317 -0.142658 5.858732 0.000000 -0.190211
446 12:00:04.450 0.000000 0.000000 0.000000 0.000000 -0.820619 -0.109589 9.125415 -0.482963 -0.289778 -0.144889 5.840889 0.000000 -0.193185
447 12:00:04.460 0.000000 0.000000 0.000000 0.000000 -0.777808 -0.108576 9.112119 -0.489074 -0.293444 -0.146722 5.826223 0.000000 -0.195630
448 12:00:04.470 0.000000 0.000000 0.000000 0.000000 -0.776926 -0.017417 9.116620 -0.493844 -0.296307 -0.148153 5.814774 0.000000 -0.197538
449 12:00:04.480 0.000000 0.000000 0.000000 0.000000 -0.792329 -0.053022 9.087631 -0.497261 -0.298357 -0.149178 5.806574 0.000000 -0.198904
450 12:00:04.490 0.000000 0.000000 0.000000 0.000000 -0.804910 -0.021100 9.129257 -0.499315 -0.299589 -0.149794 5.801645 0.000000 -0.199726
451 12:00:04.500 0.000000 0.000000 0.000000 0.000000 -0.806224 -0.005332 9.138075 -0.500000 -0.300000 -0.150000 5.800000 0.000000 -0.200000
452 12:00:04.510 0.000000 0.000000 0.000000 0.000000 -0.813743 0.004203 9.140423 -0.499315 -0.299589 -0.149794 5.801645 0.000000 -0.199726
453 12:00:04.520 0.000000 0.000000 0.000000 0.000000 -0.796820 0.041662 9.125333 -0.497261 -0.298357 -0.149178 5.806574 0.000000 -0.198904
454 12:00:04.530 0.000000 0.000000 0.000000 0.000000 -0.793611 0.063292 9.126462 -0.493844 -0.296307 -0.148153 5.814774 0.000000 -0.197538
455 12:00:04.540 0.000000 0.000000 0.000000 0.000000 -0.832214 0.071256 9.120447 -0.489074 -0.293444 -0.146722 5.826223 0.000000 -0.195630
456 12:00:04.550 0.000000 0.000000 0.000000 0.000000 -0.740751 0.077838 9.085541 -0.482963 -0.289778 -0.144889 5.840889 0.000000 -0.193185
457 12:00:04.560 0.000000 0.000000 0.000000 0.000000 -0.785525 0.128919 9.147053 -0.475528 -0.285317 -0.142658 5.858732 0.000000 -0.190211
458 12:00:04.570 0.000000 0.000000 0.000000 0.000000 -0.783296 0.129166 9.144912 -0.466790 -0.280074 -0.140037 5.879703 0.000000 -0.186716
459 12:00:04.580 0.000000 0.000000 0.000000 0.000000 -0.777748 0.184640 9.149750 -0.456773 -0.274064 -0.137032 5.903745 0.000000 -0.182709
460 12:00:04.590 0.000000 0.000000 0.000000 0.000000 -0.705307 0.186850 9.132596 -0.445503 -0.267302 -0.133651 5.930792 0.000000 -0.178201
461 12:00:04.600 0.000000 0.000000 0.000000 0.000000 -0.660280 0.219301 9.169968 -0.433013 -0.259808 -0.129904 5.960770 0.000000 -0.173205
462 12:00:04.610 0.000000 0.000000 0.000000 0.000000 -0.688717 0.241776 9.175099 -0.419335 -0.251601 -0.125801 5.993595 0.000000 -0.167734
463 12:00:04.620 0.000000 0.000000 0.000000 0.000000 -0.661931 0.245467 9.222798 -0.404508 -0.242705 -0.121353 6.029180 0.000000 -0.161803
464 12:00:04.630 0.000000 0.000000 0.000000 0.000000 -0.622574 0.297574 9.261971 -0.388573 -0.233144 -0.116572 6.067425 0.000000 -0.155429
465 12:00:04.640 0.000000 0.000000 0.000000 0.000000 -0.627820 0.253334 9.254944 -0.371572 -0.222943 -0.111472 6.108226 0.000000 -0.148629
466 12:00:04.650 0.000000 0.000000 0.000000 0.000000 -0.560298 0.278945 9.341718 -0.353553 -0.212132 -0.106066 6.151472 0.000000 -0.141421
467 12:00:04.660 0.000000 0.000000 0.000000 0.000000 -0.515663 0.292649 9.394674 -0.334565 -0.200739 -0.100370 6.197043 0.000000 -0.133826
468 12:00:04.670 0.000000 0.000000 0.000000 0.000000 -0.500935 0.304238 9.356336 -0.314660 -0.188796 -0.094398 6.244816 0.000000 -0.125864
469 12:00:04.680 0.000000 0.000000 0.000000 0.000000 -0.502977 0.279100 9.369046 -0.293893 -0.176336 -0.088168 6.294658 0.000000 -0.117557
470 12:00:04.690 0.000000 0.000000 0.000000 0.000000 -0.428494 0.332775 9.437516 -0.272320 -0.163392 -0.081696 6.346433 0.000000 -0.108928
471 12:00:04.700 0.000000 0.000000 0.000000 0.000000 -0.372849 0.359354 9.478566 -0.250000 -0.150000 -0.075000 6.400000 0.000000 -0.100000
472 12:00:04.710 0.000000 0.000000 0.000000 0.000000 -0.365060 0.373353 9.451128 -0.226995 -0.136197 -0.068099 6.455211 0.000000 -0.090798
473 12:00:04.720 0.000000 0.000000 0.000000 0.000000 -0.345380 0.357016 9.554126 -0.203368 -0.122021 -0.061010 6.511916 0.000000 -0.081347
474 12:00:04.730 0.000000 0.000000 0.000000 0.000000 -0.295465 0.363318 9.568508 -0.179184 -0.107510 -0.053755 6.569958 0.000000 -0.071674
475 12:00:04.740 0.000000 0.000000 0.000000 0.000000 -0.275988 0.387852 9.617409 -0.154508 -0.092705 -0.046353 6.629180 0.000000 -0.061803
476 12:00:04.750 0.000000 0.000000 0.000000 0.000000 -0.198608 0.369517 9.651902 -0.129410 -0.077646 -0.038823 6.689417 0.000000 -0.051764
477 12:00:04.760 0.000000 0.000000 0.000000 0.000000 -0.167994 0.379046 9.656600 -0.103956 -0.062374 -0.031187 6.750506 0.000000 -0.041582
478 12:00:04.770 0.000000 0.000000 0.000000 0.000000 -0.121399 0.341640 9.690066 -0.078217 -0.046930 -0.023465 6.812279 0.000000 -0.031287
479 12:00:04.780 0.000000 0.000000 0.000000 0.000000 -0.072777 0.336976 9.726586 -0.052264 -0.031359 -0.015679 6.874566 0.000000 -0.020906
480 12:00:04.790 0.000000 0.000000 0.000000 0.000000 -0.030446 0.375762 9.793485 -0.026168 -0.015701 -0.007850 6.937197 0.000000 -0.010467
481 12:00:04.800 0.076526 77.653379 3.119444 0.952967 0.013640 0.373013 9.782332 0.000000 0.000000 0.000000 7.000000 0.000000 0.000000
482 12:00:04.810 1.864239 91.311033 1.053541 0.000000 0.030607 0.400998 9.876772 0.026168 0.015701 0.007850 7.062803 0.000000 0.010467
483 12:00:04.820 1.303162 108.960552 3.289442 0.861985 0.101264 0.391656 9.875042 0.052264 0.031359 0.015679 7.125434 0.000000 0.020906
484 12:00:04.830 0.000000 122.137211 3.161320 0.122875 0.108841 0.410179 10.000951 0.078217 0.046930 0.023465 7.187721 0.000000 0.031287
485 12:00:04.840 0.000000 140.274953 2.714147 0.000000 0.151090 0.403581 9.948400 0.103956 0.062374 0.031187 7.249494 0.000000 0.041582
486 12:00:04.850 0.000000 157.733606 3.370133 0.000000 0.189796 0.449475 10.011298 0.129410 0.077646 0.038823 7.310583 0.000000 0.051764
487 12:00:04.860 0.000000 170.148338 4.251664 0.455305 0.271293 0.384872 9.976027 0.154508 0.092705 0.046353 7.370820 0.000000 0.061803
488 12:00:04.870 0.725338 184.238382 6.555864 0.000000 0.280530 0.329925 10.103948 0.179184 0.107510 0.053755 7.430042 0.000000 0.071674
489 12:00:04.880 0.298848 196.303933 9.881361 0.000000 0.324421 0.362320 10.098428 0.203368 0.122021 0.061010 7.488084 0.000000 0.081347
490 12:00:04.890 1.233595 204.194424 9.791546 0.000000 0.380533 0.400212 10.127770 0.226995 0.136197 0.068099 7.544789 0.000000 0.090798
491 12:00:04.900 0.000000 208.263259 15.100878 0.594563 0.407663 0.350083 10.102387 0.250000 0.150000 0.075000 7.600000 0.000000 0.100000
492 12:00:04.910 0.000000 210.583743 17.169476 0.000000 0.418229 0.348334 10.208679 0.272320 0.163392 0.081696 7.653567 0.000000 0.108928
493 12:00:04.920 0.000000 208.581508 20.130176 0.000000 0.463195 0.280860 10.235470 0.293893 0.176336 0.088168 7.705342 0.000000 0.117557
494 12:00:04.930 0.000000 203.097673 23.078712 0.000000 0.522578 0.338221 10.263765 0.314660 0.188796 0.094398 7.755184 0.000000 0.125864
495 12:00:04.940 0.215525 194.294646 27.303522 1.979258 0.550766 0.287259 10.268526 0.334565 0.200739 0.100370 7.802957 0.000000 0.133826
496 12:00:04.950 0.979223 183.316751 32.294216 0.000000 0.560088 0.277008 10.338086 0.353553 0.212132 0.106066 7.848528 0.000000 0.141421
497 12:00:04.960 0.000000 170.013725 35.495548 0.000000 0.546264 0.208064 10.345762 0.371572 0.222943 0.111472 7.891774 0.000000 0.148629
498 12:00:04.970 0.593473 156.241707 41.793835 1.148391 0.617847 0.247950 10.391092 0.388573 0.233144 0.116572 7.932575 0.000000 0.155429
499 12:00:04.980 1.233161 139.972138 48.595059 0.219697 0.668743 0.230112 10.371462 0.404508 0.242705 0.121353 7.970820 0.000000 0.161803
500 12:00:04.990 0.164276 122.105953 50.889480 4.004676 0.668888 0.230181 10.419389 0.419335 0.251601 0.125801 8.006405 0.000000 0.167734
501 12:00:05.000 1.116645 107.396361 58.355049 2.564217 0.711253 0.203405 10.409865 0.433013 0.259808 0.129904 8.039230 0.000000 0.173205
502 12:00:05.010 1.410274 91.251598 63.893745 3.409261 0.698637 0.194448 10.419737 0.445503 0.267302 0.133651 8.069208 0.000000 0.178201
503 12:00:05.020 0.899746 75.404951 70.291258 5.603320 0.716116 0.145010 10.461774 0.456773 0.274064 0.137032 8.096255 0.000000 0.182709
504 12:00:05.030 2.418649 63.634922 73.774722 8.054100 0.747665 0.162131 10.403760 0.466790 0.280074 0.140037 8.120297 0.000000 0.186716
505 12:00:05.040 1.847404 51.690840 79.288202 11.260530 0.774578 0.143412 10.471535 0.475528 0.285317 0.142658 8.141268 0.000000 0.190211
506 12:00:05.050 3.684901 41.054728 84.051817 12.776288 0.799257 0.146154 10.499066 0.482963 0.289778 0.144889 8.159111 0.000000 0.193185
507 12:00:05.060 2.661958 34.099392 88.299552 17.011303 0.750633 0.107576 10.513044 0.489074 0.293444 0.146722 8.173777 0.000000 0.195630
508 12:00:05.070 4.384585 25.417582 91.113532 22.917631 0.780505 0.081150 10.521790 0.493844 0.296307 0.148153 8.185226 0.000000 0.197538
509 12:00:05.080 7.588993 19.549071 94.394828 27.429022 0.798961 -0.004846 10.465955 0.497261 0.298357 0.149178 8.193426 0.000000 0.198904
510 12:00:05.090 7.340754 16.970670 96.483867 34.545336 0.793765 -0.020120 10.498825 0.499315 0.299589 0.149794 8.198355 0.000000 0.199726
511 12:00:05.100 7.953734 10.310743 97.996141 40.052862 0.810039 -0.022431 10.479549 0.500000 0.300000 0.150000 8.200000 0.000000 0.200000
512 12:00:05.110 10.763342 7.550324 98.929589 47.858623 0.766590 0.001364 10.534754 0.499315 0.299589 0.149794 8.198355 0.000000 0.199726
513 12:00:05.120 13.953076 6.833428 96.660376 57.900711 0.820155 -0.017327 10.526399 0.497261 0.298357 0.149178 8.193426 0.000000 0.198904
514 12:00:05.130 14.065290 3.410974 94.819566 67.394861 0.803847 -0.055246 10.511758 0.493844 0.296307 0.148153 8.185226 0.000000 0.197538
515 12:00:05.140 15.987496 2.033736 92.319058 78.420873 0.722671 -0.076952 10.454225 0.489074 0.293444 0.146722 8.173777 0.000000 0.195630
516 12:00:05.150 19.652923 1.599035 90.583565 86.827002 0.775697 -0.071237 10.460265 0.482963 0.289778 0.144889 8.159111 0.000000 0.193185
517 12:00:05.160 20.683714 0.730700 83.450428 98.641726 0.765742 -0.140944 10.452278 0.475528 0.285317 0.142658 8.141268 0.000000 0.190211
518 12:00:05.170 24.349724 0.579413 79.392456 110.574934 0.740675 -0.166288 10.462634 0.466790 0.280074 0.140037 8.120297 0.000000 0.186716
519 12:00:05.180 27.089319 0.000000 75.234364 124.711629 0.752547 -0.190089 10.442555 0.456773 0.274064 0.137032 8.096255 0.000000 0.182709
520 12:00:05.190 30.398910 0.728838 69.177578 136.044332 0.700614 -0.177424 10.436603 0.445503 0.267302 0.133651 8.069208 0.000000 0.178201
521 12:00:05.200 31.441941 0.228212 63.904679 144.932982 0.691030 -0.176466 10.358823 0.433013 0.259808 0.129904 8.039230 0.000000 0.173205
522 12:00:05.210 34.318181 0.581830 56.567185 153.082925 0.679941 -0.221416 10.352036 0.419335 0.251601 0.125801 8.006405 0.000000 0.167734
523 12:00:05.220 36.459145 0.270989 53.193781 162.273786 0.664043 -0.250478 10.363170 0.404508 0.242705 0.121353 7.970820 0.000000 0.161803
524 12:00:05.230 36.511471 0.000000 47.753670 169.603812 0.616629 -0.206800 10.345918 0.388573 0.233144 0.116572 7.932575 0.000000 0.155429
525 12:00:05.240 40.980632 0.000000 40.537163 176.201923 0.612463 -0.256261 10.320292 0.371572 0.222943 0.111472 7.891774 0.000000 0.148629
526 12:00:05.250 40.395072 0.000000 37.402641 179.772587 0.585465 -0.283464 10.245715 0.353553 0.212132 0.106066 7.848528 0.000000 0.141421
527 12:00:05.260 39.831957 0.802425 33.510323 180.660760 0.544978 -0.289356 10.317353 0.334565 0.200739 0.100370 7.802957 0.000000 0.133826
528 12:00:05.270 39.462427 2.093216 26.821311 180.341551 0.539482 -0.270258 10.205411 0.314660 0.188796 0.094398 7.755184 0.000000 0.125864
529 12:00:05.280 38.926742 0.000000 25.446240 177.647764 0.491690 -0.318523 10.246388 0.293893 0.176336 0.088168 7.705342 0.000000 0.117557
530 12:00:05.290 39.797271 0.411867 19.192842 174.280059 0.435919 -0.301451 10.238708 0.272320 0.163392 0.081696 7.653567 0.000000 0.108928
531 12:00:05.300 37.268586 0.000000 18.882023 168.458760 0.403371 -0.310528 10.200052 0.250000 0.150000 0.075000 7.600000 0.000000 0.100000
532 12:00:05.310 34.436581 0.000000 13.367334 160.479120 0.370499 -0.336111 10.138181 0.226995 0.136197 0.068099 7.544789 0.000000 0.090798
533 12:00:05.320 33.982467 1.577559 11.376004 152.546355 0.349904 -0.382562 10.119395 0.203368 0.122021 0.061010 7.488084 0.000000 0.081347
534 12:00:05.330 32.521700 0.000000 10.164422 142.528395 0.307684 -0.399803 10.060321 0.179184 0.107510 0.053755 7.430042 0.000000 0.071674
535 12:00:05.340 30.096027 0.000000 5.964666 130.756053 0.227830 -0.345123 9.998431 0.154508 0.092705 0.046353 7.370820 0.000000 0.061803
536 12:00:05.350 27.835355 0.000000 8.066341 119.357014 0.209892 -0.415743 9.999678 0.129410 0.077646 0.038823 7.310583 0.000000 0.051764
537 12:00:05.360 22.588431 0.293848 5.661143 109.339413 0.135999 -0.400218 9.969381 0.103956 0.062374 0.031187 7.249494 0.000000 0.041582
538 12:00:05.370 21.791109 0.946854 2.334703 96.731408 0.128117 -0.361222 9.928424 0.078217 0.046930 0.023465 7.187721 0.000000 0.031287
539 12:00:05.380 19.902068 0.013416 3.233443 84.441967 0.061044 -0.396092 9.881176 0.052264 0.031359 0.015679 7.125434 0.000000 0.020906
540 12:00:05.390 16.363747 0.000000 2.660055 74.001207 0.019792 -0.404027 9.871989 0.026168 0.015701 0.007850 7.062803 0.000000 0.010467
541 12:00:05.400 14.089552 0.167300 0.241693 66.102948 -0.009518 -0.396392 9.838602 0.000000 0.000000 0.000000 7.000000 0.000000 0.000000
542 12:00:05.410 13.095003 0.779707 0.720985 55.846474 -0.052094 -0.406023 9.800869 -0.026168 -0.015701 -0.007850 6.937197 0.000000 -0.010467
543 12:00:05.420 0.000000 0.000000 0.000000 0.000000 -0.093741 -0.399381 9.726812 -0.052264 -0.031359 -0.015679 6.874566 0.000000 -0.020906
544 12:00:05.430 0.000000 0.000000 0.000000 0.000000 -0.142412 -0.387764 9.722399 -0.078217 -0.046930 -0.023465 6.812279 0.000000 -0.031287
545 12:00:05.440 0.000000 0.000000 0.000000 0.000000 -0.155847 -0.403995 9.669902 -0.103956 -0.062374 -0.031187 6.750506 0.000000 -0.041582
546 12:00:05.450 0.000000 0.000000 0.000000 0.000000 -0.215968 -0.378310 9.614698 -0.129410 -0.077646 -0.038823 6.689417 0.000000 -0.051764
547 12:00:05.460 0.000000 0.000000 0.000000 0.000000 -0.243605 -0.393562 9.622554 -0.154508 -0.092705 -0.046353 6.629180 0.000000 -0.061803
548 12:00:05.470 0.000000 0.000000 0.000000 0.000000 -0.275094 -0.376885 9.559215 -0.179184 -0.107510 -0.053755 6.569958 0.000000 -0.071674
549 12:00:05.480 0.000000 0.000000 0.000000 0.000000 -0.337300 -0.378527 9.547510 -0.203368 -0.122021 -0.061010 6.511916 0.000000 -0.081347
550 12:00:05.490 0.000000 0.000000 0.000000 0.000000 -0.379211 -0.389224 9.512568 -0.226995 -0.136197 -0.068099 6.455211 0.000000 -0.090798
551 12:00:05.500 0.000000 0.000000 0.000000 0.000000 -0.420464 -0.349962 9.488210 -0.250000 -0.150000 -0.075000 6.400000 0.000000 -0.100000
552 12:00:05.510 0.000000 0.000000 0.000000 0.000000 -0.436406 -0.339509 9.522325 -0.272320 -0.163392 -0.081696 6.346433 0.000000 -0.108928
553 12:00:05.520 0.000000 0.000000 0.000000 0.000000 -0.481736 -0.304980 9.363992 -0.293893 -0.176336 -0.088168 6.294658 0.000000 -0.117557
554 12:00:05.530 0.000000 0.000000 0.000000 0.000000 -0.515417 -0.263708 9.406715 -0.314660 -0.188796 -0.094398 6.244816 0.000000 -0.125864
555 12:00:05.540 0.000000 0.000000 0.000000 0.000000 -0.525640 -0.334223 9.326158 -0.334565 -0.200739 -0.100370 6.197043 0.000000 -0.133826
556 12:00:05.550 0.000000 0.000000 0.000000 0.000000 -0.572410 -0.267785 9.343260 -0.353553 -0.212132 -0.106066 6.151472 0.000000 -0.141421
557 12:00:05.560 0.000000 0.000000 0.000000 0.000000 -0.618903 -0.274590 9.292588 -0.371572 -0.222943 -0.111472 6.108226 0.000000 -0.148629
558 12:00:05.570 0.000000 0.000000 0.000000 0.000000 -0.632708 -0.262450 9.283903 -0.388573 -0.233144 -0.116572 6.067425 0.000000 -0.155429
559 12:00:05.580 0.000000 0.000000 0.000000 0.000000 -0.633619 -0.250029 9.281649 -0.404508 -0.242705 -0.121353 6.029180 0.000000 -0.161803
560 12:00:05.590 0.000000 0.000000 0.000000 0.000000 -0.688445 -0.201417 9.203668 -0.419335 -0.251601 -0.125801 5.993595 0.000000 -0.167734
561 12:00:05.600 0.000000 0.000000 0.000000 0.000000 -0.678139 -0.174441 9.220370 -0.433013 -0.259808 -0.129904 5.960770 0.000000 -0.173205
562 12:00:05.610 0.000000 0.000000 0.000000 0.000000 -0.707338 -0.187024 9.165297 -0.445503 -0.267302 -0.133651 5.930792 0.000000 -0.178201
563 12:00:05.620 0.000000 0.000000 0.000000 0.000000 -0.743437 -0.165071 9.140038 -0.456773 -0.274064 -0.137032 5.903745 0.000000 -0.182709
564 12:00:05.630 0.000000 0.000000 0.000000 0.000000 -0.725676 -0.124527 9.111912 -0.466790 -0.280074 -0.140037 5.879703 0.000000 -0.186716
565 12:00:05.640 0.000000 0.000000 0.000000 0.000000 -0.753146 -0.162001 9.168943 -0.475528 -0.285317 -0.142658 5.858732 0.000000 -0.190211
566 12:00:05.650 0.000000 0.000000 0.000000 0.000000 -0.786450 -0.114135 9.158217 -0.482963 -0.289778 -0.144889 5.840889 0.000000 -0.193185
567 12:00:05.660 0.000000 0.000000 0.000000 0.000000 -0.769090 -0.089009 9.195911 -0.489074 -0.293444 -0.146722 5.826223 0.000000 -0.195630
568 12:00:05.670 0.000000 0.000000 0.000000 0.000000 -0.747962 -0.064586 9.113190 -0.493844 -0.296307 -0.148153 5.814774 0.000000 -0.197538
569 12:00:05.680 0.000000 0.000000 0.000000 0.000000 -0.790443 -0.039577 9.161623 -0.497261 -0.298357 -0.149178 5.806574 0.000000 -0.198904
570 12:00:05.690 0.000000 0.000000 0.000000 0.000000 -0.814057 -0.014000 9.124338 -0.499315 -0.299589 -0.149794 5.801645 0.000000 -0.199726
571 12:00:05.700 0.000000 0.000000 0.000000 0.000000 -0.828750 0.002061 9.091761 -0.500000 -0.300000 -0.150000 5.800000 0.000000 -0.200000
572 12:00:05.710 0.000000 0.000000 0.000000 0.000000 -0.761567 0.035742 9.104450 -0.499315 -0.299589 -0.149794 5.801645 0.000000 -0.199726
573 12:00:05.720 0.000000 0.000000 0.000000 0.000000 -0.814931 0.048590 9.050594 -0.497261 -0.298357 -0.149178 5.806574 0.000000 -0.198904
574 12:00:05.730 0.000000 0.000000 0.000000 0.000000 -0.786309 0.115713 9.129628 -0.493844 -0.296307 -0.148153 5.814774 0.000000 -0.197538
575 12:00:05.740 0.000000 0.000000 0.000000 0.000000 -0.765677 0.097401 9.137407 -0.489074 -0.293444 -0.146722 5.826223 0.000000 -0.195630
576 12:00:05.750 0.000000 0.000000 0.000000 0.000000 -0.764673 0.080845 9.114347 -0.482963 -0.289778 -0.144889 5.840889 0.000000 -0.193185
577 12:00:05.760 0.000000 0.000000 0.000000 0.000000 -0.764334 0.100452 9.168313 -0.475528 -0.285317 -0.142658 5.858732 0.000000 -0.190211
578 12:00:05.770 0.000000 0.000000 0.000000 0.000000 -0.723994 0.150891 9.110244 -0.466790 -0.280074 -0.140037 5.879703 0.000000 -0.186716
579 12:00:05.780 0.000000 0.000000 0.000000 0.000000 -0.714350 0.183683 9.171160 -0.456773 -0.274064 -0.137032 5.903745 0.000000 -0.182709
580 12:00:05.790 0.000000 0.000000 0.000000 0.000000 -0.722900 0.183597 9.158221 -0.445503 -0.267302 -0.133651 5.930792 0.000000 -0.178201
581 12:00:05.800 0.000000 0.000000 0.000000 0.000000 -0.695928 0.219049 9.153220 -0.433013 -0.259808 -0.129904 5.960770 0.000000 -0.173205
582 12:00:05.810 0.000000 0.000000 0.000000 0.000000 -0.616461 0.217168 9.220893 -0.419335 -0.251601 -0.125801 5.993595 0.000000 -0.167734
583 12:00:05.820 0.000000 0.000000 0.000000 0.000000 -0.637007 0.234210 9.210959 -0.404508 -0.242705 -0.121353 6.029180 0.000000 -0.161803
584 12:00:05.830 0.000000 0.000000 0.000000 0.000000 -0.612070 0.226491 9.336408 -0.388573 -0.233144 -0.116572 6.067425 0.000000 -0.155429
585 12:00:05.840 0.000000 0.000000 0.000000 0.000000 -0.613216 0.249347 9.264114 -0.371572 -0.222943 -0.111472 6.108226 0.000000 -0.148629
586 12:00:05.850 0.000000 0.000000 0.000000 0.000000 -0.591004 0.296335 9.311372 -0.353553 -0.212132 -0.106066 6.151472 0.000000 -0.141421
587 12:00:05.860 0.000000 0.000000 0.000000 0.000000 -0.506116 0.272925 9.309753 -0.334565 -0.200739 -0.100370 6.197043 0.000000 -0.133826
588 12:00:05.870 0.000000 0.000000 0.000000 0.000000 -0.497586 0.355619 9.320834 -0.314660 -0.188796 -0.094398 6.244816 0.000000 -0.125864
589 12:00:05.880 0.000000 0.000000 0.000000 0.000000 -0.465528 0.313855 9.406493 -0.293893 -0.176336 -0.088168 6.294658 0.000000 -0.117557
590 12:00:05.890 0.000000 0.000000 0.000000 0.000000 -0.435449 0.314363 9.394550 -0.272320 -0.163392 -0.081696 6.346433 0.000000 -0.108928
591 12:00:05.900 0.000000 0.000000 0.000000 0.000000 -0.391808 0.323327 9.467909 -0.250000 -0.150000 -0.075000 6.400000 0.000000 -0.100000
592 12:00:05.910 0.000000 0.000000 0.000000 0.000000 -0.353665 0.361293 9.498222 -0.226995 -0.136197 -0.068099 6.455211 0.000000 -0.090798
593 12:00:05.920 0.000000 0.000000 0.000000 0.000000 -0.298955 0.384879 9.508105 -0.203368 -0.122021 -0.061010 6.511916 0.000000 -0.081347
594 12:00:05.930 0.000000 0.000000 0.000000 0.000000 -0.265959 0.367045 9.536720 -0.179184 -0.107510 -0.053755 6.569958 0.000000 -0.071674
595 12:00:05.940 0.000000 0.000000 0.000000 0.000000 -0.241235 0.358146 9.598600 -0.154508 -0.092705 -0.046353 6.629180 0.000000 -0.061803
596 12:00:05.950 0.000000 0.000000 0.000000 0.000000 -0.198102 0.395764 9.638087 -0.129410 -0.077646 -0.038823 6.689417 0.000000 -0.051764
597 12:00:05.960 0.000000 0.000000 0.000000 0.000000 -0.146035 0.392185 9.621662 -0.103956 -0.062374 -0.031187 6.750506 0.000000 -0.041582
598 12:00:05.970 0.000000 0.000000 0.000000 0.000000 -0.125014 0.414349 9.758242 -0.078217 -0.046930 -0.023465 6.812279 0.000000 -0.031287
599 12:00:05.980 0.000000 0.000000 0.000000 0.000000 -0.108271 0.400902 9.727366 -0.052264 -0.031359 -0.015679 6.874566 0.000000 -0.020906
600 12:00:05.990 0.000000 0.000000 0.000000 0.000000 -0.040189 0.367176 9.743964 -0.026168 -0.015701 -0.007850 6.937197 0.000000 -0.010467
601 12:00:06.000 0.000000 77.855990 2.125601 0.678394 -0.000128 0.382366 9.785212 0.000000 0.000000 0.000000 7.000000 0.000000 0.000000
602 12:00:06.010 0.000000 92.129833 1.458290 2.023180 0.012146 0.404370 9.857396 0.026168 0.015701 0.007850 7.062803 0.000000 0.010467
603 12:00:06.020 0.000000 108.499126 3.262215 0.036024 0.096968 0.400508 9.924582 0.052264 0.031359 0.015679 7.125434 0.000000 0.020906
604 12:00:06.030 0.000000 122.897317 4.292145 0.732655 0.145719 0.369651 9.927086 0.078217 0.046930 0.023465 7.187721 0.000000 0.031287
605 12:00:06.040 0.000000 140.217211 3.815450 0.681129 0.163446 0.378237 10.033609 0.103956 0.062374 0.031187 7.249494 0.000000 0.041582
606 12:00:06.050 0.000000 155.832142 3.811025 1.829467 0.223820 0.330590 9.997132 0.129410 0.077646 0.038823 7.310583 0.000000 0.051764
607 12:00:06.060 0.000000 171.111215 4.582759 0.000000 0.258179 0.378117 10.017575 0.154508 0.092705 0.046353 7.370820 0.000000 0.061803
608 12:00:06.070 0.000000 183.464045 8.637993 0.000000 0.279840 0.368144 10.061637 0.179184 0.107510 0.053755 7.430042 0.000000 0.071674
609 12:00:06.080 1.102852 193.005145 9.643881 0.000000 0.323950 0.360999 10.086330 0.203368 0.122021 0.061010 7.488084 0.000000 0.081347
610 12:00:06.090 0.000000 202.679959 13.671628 0.000000 0.334371 0.390331 10.113516 0.226995 0.136197 0.068099 7.544789 0.000000 0.090798
611 12:00:06.100 0.663212 208.634003 14.411030 0.000000 0.400527 0.319175 10.160722 0.250000 0.150000 0.075000 7.600000 0.000000 0.100000
612 12:00:06.110 0.000000 210.548950 16.176041 1.063439 0.448410 0.353362 10.238975 0.272320 0.163392 0.081696 7.653567 0.000000 0.108928
613 12:00:06.120 0.000000 208.844284 20.974208 0.387801 0.476378 0.325172 10.208191 0.293893 0.176336 0.088168 7.705342 0.000000 0.117557
614 12:00:06.130 0.421545 202.047451 22.948757 0.025202 0.505671 0.321751 10.276039 0.314660 0.188796 0.094398 7.755184 0.000000 0.125864
615 12:00:06.140 1.003910 192.013258 27.935051 0.608570 0.520330 0.301112 10.275781 0.334565 0.200739 0.100370 7.802957 0.000000 0.133826
616 12:00:06.150 0.198108 184.663348 31.845774 0.617778 0.627724 0.260781 10.292714 0.353553 0.212132 0.106066 7.848528 0.000000 0.141421
617 12:00:06.160 0.000000 171.528968 36.676316 2.248160 0.580743 0.277343 10.368448 0.371572 0.222943 0.111472 7.891774 0.000000 0.148629
618 12:00:06.170 0.000000 155.988582 40.966994 2.471283 0.603156 0.220192 10.341212 0.388573 0.233144 0.116572 7.932575 0.000000 0.155429
619 12:00:06.180 1.778347 137.300425 48.626032 1.374001 0.638031 0.244779 10.368979 0.404508 0.242705 0.121353 7.970820 0.000000 0.161803
620 12:00:06.190 0.202437 125.012190 54.371359 2.121843 0.681786 0.183732 10.396864 0.419335 0.251601 0.125801 8.006405 0.000000 0.167734
621 12:00:06.200 1.317214 106.381296 58.918631 3.979212 0.683729 0.170155 10.477027 0.433013 0.259808 0.129904 8.039230 0.000000 0.173205
622 12:00:06.210 0.997535 91.852403 65.632202 5.418066 0.700398 0.167535 10.418792 0.445503 0.267302 0.133651 8.069208 0.000000 0.178201
623 12:00:06.220 0.830398 77.878280 69.100850 6.584764 0.751544 0.174015 10.438767 0.456773 0.274064 0.137032 8.096255 0.000000 0.182709
624 12:00:06.230 2.008332 63.374414 76.394053 9.074711 0.747455 0.168586 10.481739 0.466790 0.280074 0.140037 8.120297 0.000000 0.186716
625 12:00:06.240 3.486957 48.900617 80.840704 9.833134 0.751540 0.103712 10.495725 0.475528 0.285317 0.142658 8.141268 0.000000 0.190211
626 12:00:06.250 3.258702 41.451634 83.364477 13.865263 0.753922 0.087330 10.442418 0.482963 0.289778 0.144889 8.159111 0.000000 0.193185
627 12:00:06.260 4.989004 32.336056 87.689812 19.460417 0.801024 0.082009 10.507660 0.489074 0.293444 0.146722 8.173777 0.000000 0.195630
628 12:00:06.270 4.985481 25.163602 90.845766 22.612695 0.806083 0.077045 10.465186 0.493844 0.296307 0.148153 8.185226 0.000000 0.197538
629 12:00:06.280 7.710907 18.220445 95.186819 26.284188 0.812598 0.040887 10.510714 0.497261 0.298357 0.149178 8.193426 0.000000 0.198904
630 12:00:06.290 6.940585 13.474250 95.384673 32.089597 0.800768 -0.024291 10.564395 0.499315 0.299589 0.149794 8.198355 0.000000 0.199726
631 12:00:06.300 8.157395 10.625333 97.656185 39.553382 0.806267 0.000684 10.507360 0.500000 0.300000 0.150000 8.200000 0.000000 0.200000
632 12:00:06.310 10.385964 8.467502 96.350076 48.656423 0.778585 -0.027797 10.485800 0.499315 0.299589 0.149794 8.198355 0.000000 0.199726
633 12:00:06.320 13.132213 6.771970 95.842377 58.470925 0.836632 -0.057114 10.507049 0.497261 0.298357 0.149178 8.193426 0.000000 0.198904
634 12:00:06.330 16.726777 3.009906 94.251343 68.074909 0.783230 -0.055289 10.484414 0.493844 0.296307 0.148153 8.185226 0.000000 0.197538
635 12:00:06.340 16.197340 3.355704 90.805280 78.838190 0.789085 -0.077089 10.441762 0.489074 0.293444 0.146722 8.173777 0.000000 0.195630
636 12:00:06.350 19.041268 0.968446 87.561648 86.635515 0.803378 -0.092385 10.491849 0.482963 0.289778 0.144889 8.159111 0.000000 0.193185
637 12:00:06.360 22.270010 3.220797 84.749610 100.435275 0.770866 -0.149993 10.452127 0.475528 0.285317 0.142658 8.141268 0.000000 0.190211
638 12:00:06.370 24.787861 1.363432 79.144737 110.618138 0.754473 -0.121358 10.420648 0.466790 0.280074 0.140037 8.120297 0.000000 0.186716
639 12:00:06.380 27.374972 0.818659 73.817883 122.318159 0.718238 -0.134626 10.480318 0.456773 0.274064 0.137032 8.096255 0.000000 0.182709
640 12:00:06.390 29.962954 1.603849 69.158729 132.983918 0.678992 -0.159585 10.428334 0.445503 0.267302 0.133651 8.069208 0.000000 0.178201
641 12:00:06.400 33.190044 0.000000 66.057606 145.080663 0.685520 -0.199439 10.392760 0.433013 0.259808 0.129904 8.039230 0.000000 0.173205
642 12:00:06.410 33.118373 0.000000 59.092046 154.164954 0.678941 -0.215770 10.398547 0.419335 0.251601 0.125801 8.006405 0.000000 0.167734
643 12:00:06.420 36.886254 0.751222 52.091650 163.171201 0.642048 -0.247356 10.359650 0.404508 0.242705 0.121353 7.970820 0.000000 0.161803
644 12:00:06.430 38.814685 1.232839 46.368554 169.974139 0.601942 -0.240059 10.364249 0.388573 0.233144 0.116572 7.932575 0.000000 0.155429
645 12:00:06.440 37.724067 0.121482 41.541826 177.578835 0.577265 -0.263638 10.327233 0.371572 0.222943 0.111472 7.891774 0.000000 0.148629
646 12:00:06.450 40.030409 0.000000 36.933794 179.416959 0.543452 -0.266756 10.268551 0.353553 0.212132 0.106066 7.848528 0.000000 0.141421
647 12:00:06.460 39.219455 0.000000 31.922107 180.662415 0.563001 -0.291429 10.217263 0.334565 0.200739 0.100370 7.802957 0.000000 0.133826
648 12:00:06.470 39.229920 0.000000 27.385051 181.122814 0.519174 -0.338112 10.279320 0.314660 0.188796 0.094398 7.755184 0.000000 0.125864
649 12:00:06.480 38.786193 0.000000 22.576312 180.205929 0.486260 -0.345551 10.230526 0.293893 0.176336 0.088168 7.705342 0.000000 0.117557
650 12:00:06.490 38.502016 0.000000 19.568405 173.151975 0.482979 -0.350911 10.222436 0.272320 0.163392 0.081696 7.653567 0.000000 0.108928
651 12:00:06.500 36.973053 0.000000 17.174493 167.398631 0.448332 -0.359887 10.156884 0.250000 0.150000 0.075000 7.600000 0.000000 0.100000
652 12:00:06.510 36.236273 0.559690 14.925007 160.707521 0.378824 -0.375851 10.154779 0.226995 0.136197 0.068099 7.544789 0.000000 0.090798
653 12:00:06.520 33.123798 0.000000 10.279464 151.083725 0.328364 -0.368905 10.119327 0.203368 0.122021 0.061010 7.488084 0.000000 0.081347
654 12:00:06.530 28.604514 1.113131 9.637118 139.878574 0.280901 -0.405816 10.042576 0.179184 0.107510 0.053755 7.430042 0.000000 0.071674
655 12:00:06.540 28.644544 0.312308 7.244572 132.042905 0.253699 -0.371400 10.028547 0.154508 0.092705 0.046353 7.370820 0.000000 0.061803
656 12:00:06.550 27.240459 0.000000 6.435473 121.398342 0.222815 -0.382101 9.991115 0.129410 0.077646 0.038823 7.310583 0.000000 0.051764
657 12:00:06.560 22.269671 1.027009 3.460245 108.134805 0.172070 -0.366151 9.984593 0.103956 0.062374 0.031187 7.249494 0.000000 0.041582
658 12:00:06.570 21.807749 0.170661 3.757099 97.493953 0.079861 -0.414856 9.957955 0.078217 0.046930 0.023465 7.187721 0.000000 0.031287
659 12:00:06.580 17.901290 1.934916 3.544363 85.054580 0.045849 -0.420396 9.911156 0.052264 0.031359 0.015679 7.125434 0.000000 0.020906
660 12:00:06.590 16.226093 0.545685 2.260337 73.514833 0.029782 -0.390745 9.884074 0.026168 0.015701 0.007850 7.062803 0.000000 0.010467
661 12:00:06.600 13.961926 0.868724 0.526861 65.549987 -0.015723 -0.401744 9.855760 0.000000 0.000000 0.000000 7.000000 0.000000 0.000000
662 12:00:06.610 13.088899 1.218968 1.534372 53.545368 -0.032266 -0.395275 9.770029 -0.026168 -0.015701 -0.007850 6.937197 0.000000 -0.010467
663 12:00:06.620 0.000000 0.000000 0.000000 0.000000 -0.048657 -0.376994 9.781365 -0.052264 -0.031359 -0.015679 6.874566 0.000000 -0.020906
664 12:00:06.630 0.000000 0.000000 0.000000 0.000000 -0.137047 -0.396143 9.641357 -0.078217 -0.046930 -0.023465 6.812279 0.000000 -0.031287
665 12:00:06.640 0.000000 0.000000 0.000000 0.000000 -0.144315 -0.376221 9.671748 -0.103956 -0.062374 -0.031187 6.750506 0.000000 -0.041582
666 12:00:06.650 0.000000 0.000000 0.000000 0.000000 -0.189462 -0.393533 9.664980 -0.129410 -0.077646 -0.038823 6.689417 0.000000 -0.051764
667 12:00:06.660 0.000000 0.000000 0.000000 0.000000 -0.233552 -0.363906 9.542097 -0.154508 -0.092705 -0.046353 6.629180 0.000000 -0.061803
668 12:00:06.670 0.000000 0.000000 0.000000 0.000000 -0.274475 -0.375470 9.535718 -0.179184 -0.107510 -0.053755 6.569958 0.000000 -0.071674
669 12:00:06.680 0.000000 0.000000 0.000000 0.000000 -0.336920 -0.377300 9.527349 -0.203368 -0.122021 -0.061010 6.511916 0.000000 -0.081347
670 12:00:06.690 0.000000 0.000000 0.000000 0.000000 -0.350114 -0.346948 9.499223 -0.226995 -0.136197 -0.068099 6.455211 0.000000 -0.090798
671 12:00:06.700 0.000000 0.000000 0.000000 0.000000 -0.394036 -0.364253 9.447117 -0.250000 -0.150000 -0.075000 6.400000 0.000000 -0.100000
672 12:00:06.710 0.000000 0.000000 0.000000 0.000000 -0.457503 -0.341971 9.467005 -0.272320 -0.163392 -0.081696 6.346433 0.000000 -0.108928
673 12:00:06.720 0.000000 0.000000 0.000000 0.000000 -0.479569 -0.312107 9.420942 -0.293893 -0.176336 -0.088168 6.294658 0.000000 -0.117557
674 12:00:06.730 0.000000 0.000000 0.000000 0.000000 -0.507194 -0.332513 9.315447 -0.314660 -0.188796 -0.094398 6.244816 0.000000 -0.125864
675 12:00:06.740 0.000000 0.000000 0.000000 0.000000 -0.538908 -0.285199 9.350502 -0.334565 -0.200739 -0.100370 6.197043 0.000000 -0.133826
676 12:00:06.750 0.000000 0.000000 0.000000 0.000000 -0.562664 -0.294604 9.298245 -0.353553 -0.212132 -0.106066 6.151472 0.000000 -0.141421
677 12:00:06.760 0.000000 0.000000 0.000000 0.000000 -0.602361 -0.231119 9.310626 -0.371572 -0.222943 -0.111472 6.108226 0.000000 -0.148629
678 12:00:06.770 0.000000 0.000000 0.000000 0.000000 -0.598900 -0.266156 9.296220 -0.388573 -0.233144 -0.116572 6.067425 0.000000 -0.155429
679 12:00:06.780 0.000000 0.000000 0.000000 0.000000 -0.645063 -0.213127 9.191561 -0.404508 -0.242705 -0.121353 6.029180 0.000000 -0.161803
680 12:00:06.790 0.000000 0.000000 0.000000 0.000000 -0.639498 -0.217238 9.221997 -0.419335 -0.251601 -0.125801 5.993595 0.000000 -0.167734
681 12:00:06.800 0.000000 0.000000 0.000000 0.000000 -0.739521 -0.211118 9.275282 -0.433013 -0.259808 -0.129904 5.960770 0.000000 -0.173205
682 12:00:06.810 0.000000 0.000000 0.000000 0.000000 -0.740798 -0.207541 9.293852 -0.445503 -0.267302 -0.133651 5.930792 0.000000 -0.178201
683 12:00:06.820 0.000000 0.000000 0.000000 0.000000 -0.758410 -0.182575 9.195278 -0.456773 -0.274064 -0.137032 5.903745 0.000000 -0.182709
684 12:00:06.830 0.000000 0.000000 0.000000 0.000000 -0.764719 -0.151466 9.127212 -0.466790 -0.280074 -0.140037 5.879703 0.000000 -0.186716
685 12:00:06.840 0.000000 0.000000 0.000000 0.000000 -0.751014 -0.109609 9.145376 -0.475528 -0.285317 -0.142658 5.858732 0.000000 -0.190211
686 12:00:06.850 0.000000 0.000000 0.000000 0.000000 -0.772913 -0.111484 9.140327 -0.482963 -0.289778 -0.144889 5.840889 0.000000 -0.193185
687 12:00:06.860 0.000000 0.000000 0.000000 0.000000 -0.770917 -0.075724 9.170211 -0.489074 -0.293444 -0.146722 5.826223 0.000000 -0.195630
688 12:00:06.870 0.000000 0.000000 0.000000 0.000000 -0.788844 -0.090771 9.060930 -0.493844 -0.296307 -0.148153 5.814774 0.000000 -0.197538
689 12:00:06.880 0.000000 0.000000 0.000000 0.000000 -0.825949 -0.110421 9.093094 -0.497261 -0.298357 -0.149178 5.806574 0.000000 -0.198904
690 12:00:06.890 0.000000 0.000000 0.000000 0.000000 -0.762580 -0.000427 9.151010 -0.499315 -0.299589 -0.149794 5.801645 0.000000 -0.199726
691 12:00:06.900 0.000000 0.000000 0.000000 0.000000 -0.804819 0.014963 9.130171 -0.500000 -0.300000 -0.150000 5.800000 0.000000 -0.200000
692 12:00:06.910 0.000000 0.000000 0.000000 0.000000 -0.804887 0.014094 9.083498 -0.499315 -0.299589 -0.149794 5.801645 0.000000 -0.199726
693 12:00:06.920 0.000000 0.000000 0.000000 0.000000 -0.791127 0.053792 9.113460 -0.497261 -0.298357 -0.149178 5.806574 0.000000 -0.198904
694 12:00:06.930 0.000000 0.000000 0.000000 0.000000 -0.800966 0.078236 9.094868 -0.493844 -0.296307 -0.148153 5.814774 0.000000 -0.197538
695 12:00:06.940 0.000000 0.000000 0.000000 0.000000 -0.762501 0.083129 9.117234 -0.489074 -0.293444 -0.146722 5.826223 0.000000 -0.195630
696 12:00:06.950 0.000000 0.000000 0.000000 0.000000 -0.817611 0.098983 9.108665 -0.482963 -0.289778 -0.144889 5.840889 0.000000 -0.193185
697 12:00:06.960 0.000000 0.000000 0.000000 0.000000 -0.760272 0.135554 9.146648 -0.475528 -0.285317 -0.142658 5.858732 0.000000 -0.190211
698 12:00:06.970 0.000000 0.000000 0.000000 0.000000 -0.749980 0.134957 9.151349 -0.466790 -0.280074 -0.140037 5.879703 0.000000 -0.186716
699 12:00:06.980 0.000000 0.000000 0.000000 0.000000 -0.740017 0.175393 9.153419 -0.456773 -0.274064 -0.137032 5.903745 0.000000 -0.182709
700 12:00:06.990 0.000000 0.000000 0.000000 0.000000 -0.703346 0.207441 9.199132 -0.445503 -0.267302 -0.133651 5.930792 0.000000 -0.178201
701 12:00:07.000 0.000000 0.000000 0.000000 0.000000 -0.718137 0.199551 9.230750 -0.433013 -0.259808 -0.129904 5.960770 0.000000 -0.173205
702 12:00:07.010 0.000000 0.000000 0.000000 0.000000 -0.674726 0.239088 9.222291 -0.419335 -0.251601 -0.125801 5.993595 0.000000 -0.167734
703 12:00:07.020 0.000000 0.000000 0.000000 0.000000 -0.664773 0.242626 9.262559 -0.404508 -0.242705 -0.121353 6.029180 0.000000 -0.161803
704 12:00:07.030 0.000000 0.000000 0.000000 0.000000 -0.639204 0.270246 9.292479 -0.388573 -0.233144 -0.116572 6.067425 0.000000 -0.155429
705 12:00:07.040 0.000000 0.000000 0.000000 0.000000 -0.594057 0.278403 9.350559 -0.371572 -0.222943 -0.111472 6.108226 0.000000 -0.148629
706 12:00:07.050 0.000000 0.000000 0.000000 0.000000 -0.542454 0.248813 9.310408 -0.353553 -0.212132 -0.106066 6.151472 0.000000 -0.141421
707 12:00:07.060 0.000000 0.000000 0.000000 0.000000 -0.534691 0.280961 9.336377 -0.334565 -0.200739 -0.100370 6.197043 0.000000 -0.133826
708 12:00:07.070 0.000000 0.000000 0.000000 0.000000 -0.489870 0.313844 9.346366 -0.314660 -0.188796 -0.094398 6.244816 0.000000 -0.125864
709 12:00:07.080 0.000000 0.000000 0.000000 0.000000 -0.469435 0.340073 9.403010 -0.293893 -0.176336 -0.088168 6.294658 0.000000 -0.117557
710 12:00:07.090 0.000000 0.000000 0.000000 0.000000 -0.499707 0.365145 9.408260 -0.272320 -0.163392 -0.081696 6.346433 0.000000 -0.108928
711 12:00:07.100 0.000000 0.000000 0.000000 0.000000 -0.437071 0.357892 9.496719 -0.250000 -0.150000 -0.075000 6.400000 0.000000 -0.100000
712 12:00:07.110 0.000000 0.000000 0.000000 0.000000 -0.380897 0.361691 9.492101 -0.226995 -0.136197 -0.068099 6.455211 0.000000 -0.090798
713 12:00:07.120 0.000000 0.000000 0.000000 0.000000 -0.348692 0.377882 9.520726 -0.203368 -0.122021 -0.061010 6.511916 0.000000 -0.081347
714 12:00:07.130 0.000000 0.000000 0.000000 0.000000 -0.293778 0.390935 9.546567 -0.179184 -0.107510 -0.053755 6.569958 0.000000 -0.071674
715 12:00:07.140 0.000000 0.000000 0.000000 0.000000 -0.239653 0.383713 9.579376 -0.154508 -0.092705 -0.046353 6.629180 0.000000 -0.061803
716 12:00:07.150 0.000000 0.000000 0.000000 0.000000 -0.171435 0.379410 9.566207 -0.129410 -0.077646 -0.038823 6.689417 0.000000 -0.051764
717 12:00:07.160 0.000000 0.000000 0.000000 0.000000 -0.194117 0.376266 9.673655 -0.103956 -0.062374 -0.031187 6.750506 0.000000 -0.041582
718 12:00:07.170 0.000000 0.000000 0.000000 0.000000 -0.101807 0.395104 9.684119 -0.078217 -0.046930 -0.023465 6.812279 0.000000 -0.031287
719 12:00:07.180 0.000000 0.000000 0.000000 0.000000 -0.030122 0.405653 9.792619 -0.052264 -0.031359 -0.015679 6.874566 0.000000 -0.020906
720 12:00:07.190 0.000000 0.000000 0.000000 0.000000 -0.077042 0.368724 9.817135 -0.026168 -0.015701 -0.007850 6.937197 0.000000 -0.010467
721 12:00:07.200 0.874354 76.161906 1.205296 0.153892 -0.001686 0.388007 9.797970 0.000000 0.000000 0.000000 7.000000 0.000000 0.000000
722 12:00:07.210 0.000000 91.854367 0.302807 0.000000 0.012583 0.379235 9.824425 0.026168 0.015701 0.007850 7.062803 0.000000 0.010467
723 12:00:07.220 0.439234 109.401168 1.890208 0.000000 0.073419 0.425592 9.822126 0.052264 0.031359 0.015679 7.125434 0.000000 0.020906
724 12:00:07.230 1.137039 125.360344 1.535976 0.000000 0.128227 0.383186 9.889848 0.078217 0.046930 0.023465 7.187721 0.000000 0.031287
725 12:00:07.240 0.424263 138.802668 4.165588 0.000000 0.188678 0.353387 9.956835 0.103956 0.062374 0.031187 7.249494 0.000000 0.041582
726 12:00:07.250 1.087722 156.083006 4.915340 0.000000 0.206964 0.380666 10.005869 0.129410 0.077646 0.038823 7.310583 0.000000 0.051764
727 12:00:07.260 0.000000 170.908145 5.394893 0.409351 0.291607 0.364386 10.061256 0.154508 0.092705 0.046353 7.370820 0.000000 0.061803
728 12:00:07.270 0.374216 183.530664 7.334518 0.000000 0.299227 0.361611 10.049430 0.179184 0.107510 0.053755 7.430042 0.000000 0.071674
729 12:00:07.280 0.000000 195.162372 9.368923 0.000000 0.308655 0.370926 10.096888 0.203368 0.122021 0.061010 7.488084 0.000000 0.081347
730 12:00:07.290 0.029278 203.638507 13.698901 1.455295 0.381264 0.349872 10.155859 0.226995 0.136197 0.068099 7.544789 0.000000 0.090798
731 12:00:07.300 0.000000 208.074571 13.160107 0.000000 0.411263 0.352919 10.195641 0.250000 0.150000 0.075000 7.600000 0.000000 0.100000
732 12:00:07.310 2.705093 209.003902 16.332302 0.000000 0.452358 0.327605 10.220574 0.272320 0.163392 0.081696 7.653567 0.000000 0.108928
733 12:00:07.320 0.000000 207.953258 19.573105 0.221966 0.448713 0.331910 10.240008 0.293893 0.176336 0.088168 7.705342 0.000000 0.117557
734 12:00:07.330 0.000000 202.158458 24.103274 0.000000 0.477460 0.320234 10.240672 0.314660 0.188796 0.094398 7.755184 0.000000 0.125864
735 12:00:07.340 0.339822 194.455890 27.192668 0.000000 0.516406 0.308708 10.312424 0.334565 0.200739 0.100370 7.802957 0.000000 0.133826
736 12:00:07.350 0.102217 185.554443 34.589721 0.087586 0.590461 0.257188 10.316186 0.353553 0.212132 0.106066 7.848528 0.000000 0.141421
737 12:00:07.360 0.772209 171.218192 36.893930 3.377137 0.582328 0.258365 10.331748 0.371572 0.222943 0.111472 7.891774 0.000000 0.148629
738 12:00:07.370 0.000000 153.946098 39.181316 2.835799 0.634660 0.261565 10.322725 0.388573 0.233144 0.116572 7.932575 0.000000 0.155429
739 12:00:07.380 0.372776 139.291392 46.692820 1.006094 0.673463 0.241395 10.393272 0.404508 0.242705 0.121353 7.970820 0.000000 0.161803
740 12:00:07.390 1.527372 123.494685 51.861949 3.084410 0.699686 0.246293 10.383807 0.419335 0.251601 0.125801 8.006405 0.000000 0.167734
741 12:00:07.400 1.293305 106.634827 56.923848 4.207252 0.691894 0.219371 10.434547 0.433013 0.259808 0.129904 8.039230 0.000000 0.173205
742 12:00:07.410 2.551901 88.280867 63.910546 5.479541 0.685765 0.195285 10.417613 0.445503 0.267302 0.133651 8.069208 0.000000 0.178201
743 12:00:07.420 2.008087 72.887296 70.976867 7.600829 0.743932 0.166992 10.453044 0.456773 0.274064 0.137032 8.096255 0.000000 0.182709
744 12:00:07.430 0.120754 63.348108 74.986746 8.471764 0.751574 0.156707 10.462575 0.466790 0.280074 0.140037 8.120297 0.000000 0.186716
745 12:00:07.440 3.805491 52.242487 79.631029 9.215440 0.764662 0.141136 10.469303 0.475528 0.285317 0.142658 8.141268 0.000000 0.190211
746 12:00:07.450 1.925747 40.475248 83.123822 14.837215 0.786133 0.118835 10.484127 0.482963 0.289778 0.144889 8.159111 0.000000 0.193185
747 12:00:07.460 4.087019 32.068919 89.372677 18.638414 0.760304 0.094819 10.533458 0.489074 0.293444 0.146722 8.173777 0.000000 0.195630
748 12:00:07.470 5.786071 26.253446 89.012121 22.833232 0.766180 0.035864 10.493044 0.493844 0.296307 0.148153 8.185226 0.000000 0.197538
749 12:00:07.480 6.017665 18.727273 94.191945 28.445857 0.832235 0.048679 10.487420 0.497261 0.298357 0.149178 8.193426 0.000000 0.198904
750 12:00:07.490 6.367905 14.057986 97.641351 34.866803 0.840865 0.006897 10.528043 0.499315 0.299589 0.149794 8.198355 0.000000 0.199726
751 12:00:07.500 8.063730 10.307401 95.598738 39.543080 0.774676 0.007333 10.481071 0.500000 0.300000 0.150000 8.200000 0.000000 0.200000
752 12:00:07.510 10.579010 7.580089 96.291420 50.529671 0.781855 -0.018273 10.471721 0.499315 0.299589 0.149794 8.198355 0.000000 0.199726
753 12:00:07.520 12.492290 5.496587 94.115419 59.855555 0.783250 -0.050066 10.531450 0.497261 0.298357 0.149178 8.193426 0.000000 0.198904
754 12:00:07.530 14.265181 3.364952 95.449645 65.821250 0.800000 -0.073152 10.477305 0.493844 0.296307 0.148153 8.185226 0.000000 0.197538
755 12:00:07.540 18.933898 1.619034 92.788409 77.780768 0.804274 -0.069754 10.514686 0.489074 0.293444 0.146722 8.173777 0.000000 0.195630
756 12:00:07.550 20.915701 0.773049 89.162942 87.631326 0.757698 -0.100536 10.436615 0.482963 0.289778 0.144889 8.159111 0.000000 0.193185
757 12:00:07.560 20.264862 1.927812 83.016710 100.011976 0.739970 -0.128523 10.451939 0.475528 0.285317 0.142658 8.141268 0.000000 0.190211
758 12:00:07.570 23.856493 2.160397 79.736938 109.810791 0.734266 -0.133664 10.415104 0.466790 0.280074 0.140037 8.120297 0.000000 0.186716
759 12:00:07.580 29.051902 0.203664 76.387093 122.719010 0.684525 -0.189935 10.426962 0.456773 0.274064 0.137032 8.096255 0.000000 0.182709
760 12:00:07.590 28.615576 0.752252 70.726818 135.527217 0.746782 -0.149231 10.440945 0.445503 0.267302 0.133651 8.069208 0.000000 0.178201
761 12:00:07.600 31.890482 0.000000 64.946090 145.090156 0.662266 -0.230360 10.467645 0.433013 0.259808 0.129904 8.039230 0.000000 0.173205
762 12:00:07.610 33.831764 0.185099 57.867656 155.670022 0.683193 -0.230768 10.350520 0.419335 0.251601 0.125801 8.006405 0.000000 0.167734
763 12:00:07.620 35.905945 2.151484 52.775536 162.488906 0.647186 -0.259303 10.386929 0.404508 0.242705 0.121353 7.970820 0.000000 0.161803
764 12:00:07.630 38.318631 0.000000 45.550155 171.031694 0.599766 -0.313998 10.314139 0.388573 0.233144 0.116572 7.932575 0.000000 0.155429
765 12:00:07.640 38.241980 2.307161 41.440724 176.190915 0.587341 -0.260143 10.265704 0.371572 0.222943 0.111472 7.891774 0.000000 0.148629
766 12:00:07.650 39.171803 0.000000 39.440406 180.255292 0.543792 -0.272487 10.379779 0.353553 0.212132 0.106066 7.848528 0.000000 0.141421
767 12:00:07.660 40.077470 0.000000 32.536947 179.186617 0.551827 -0.252031 10.308451 0.334565 0.200739 0.100370 7.802957 0.000000 0.133826
768 12:00:07.670 39.399952 1.542842 27.603000 181.421988 0.497023 -0.333192 10.250966 0.314660 0.188796 0.094398 7.755184 0.000000 0.125864
769 12:00:07.680 40.043142 0.000000 23.824345 176.949411 0.471420 -0.347155 10.264709 0.293893 0.176336 0.088168 7.705342 0.000000 0.117557
770 12:00:07.690 37.958776 1.100098 19.449377 172.925436 0.443796 -0.329084 10.205912 0.272320 0.163392 0.081696 7.653567 0.000000 0.108928
771 12:00:07.700 37.748792 0.000000 18.413574 167.586904 0.393009 -0.342655 10.218117 0.250000 0.150000 0.075000 7.600000 0.000000 0.100000
772 12:00:07.710 35.828753 0.000000 14.129361 159.494543 0.329542 -0.367442 10.099277 0.226995 0.136197 0.068099 7.544789 0.000000 0.090798
773 12:00:07.720 33.414155 0.000000 12.978893 153.455807 0.332314 -0.371459 10.125787 0.203368 0.122021 0.061010 7.488084 0.000000 0.081347
774 12:00:07.730 30.396918 0.455584 8.154669 141.941387 0.288683 -0.346739 10.078214 0.179184 0.107510 0.053755 7.430042 0.000000 0.071674
775 12:00:07.740 28.000209 0.000000 5.194107 132.471872 0.287182 -0.378397 9.984128 0.154508 0.092705 0.046353 7.370820 0.000000 0.061803
776 12:00:07.750 27.421359 0.000000 7.197580 119.194151 0.168483 -0.349979 9.979300 0.129410 0.077646 0.038823 7.310583 0.000000 0.051764
777 12:00:07.760 22.831051 0.804748 5.655657 108.494419 0.180171 -0.414439 9.945711 0.103956 0.062374 0.031187 7.249494 0.000000 0.041582
778 12:00:07.770 20.597960 0.000000 2.201286 97.589051 0.099640 -0.387515 9.897046 0.078217 0.046930 0.023465 7.187721 0.000000 0.031287
779 12:00:07.780 19.588904 0.000000 2.644286 84.507721 0.109524 -0.424353 9.838824 0.052264 0.031359 0.015679 7.125434 0.000000 0.020906
780 12:00:07.790 16.808034 0.435406 2.123074 74.588203 0.075189 -0.390176 9.891591 0.026168 0.015701 0.007850 7.062803 0.000000 0.010467
781 12:00:07.800 14.175439 0.739533 0.448437 63.471390 0.009471 -0.418913 9.840326 0.000000 0.000000 0.000000 7.000000 0.000000 0.000000
782 12:00:07.810 13.576518 1.210257 1.047100 54.479669 -0.038768 -0.401259 9.791040 -0.026168 -0.015701 -0.007850 6.937197 0.000000 -0.010467
783 12:00:07.820 0.000000 0.000000 0.000000 0.000000 -0.099017 -0.392071 9.730477 -0.052264 -0.031359 -0.015679 6.874566 0.000000 -0.020906
784 12:00:07.830 0.000000 0.000000 0.000000 0.000000 -0.127120 -0.392650 9.668499 -0.078217 -0.046930 -0.023465 6.812279 0.000000 -0.031287
785 12:00:07.840 0.000000 0.000000 0.000000 0.000000 -0.152110 -0.397334 9.682163 -0.103956 -0.062374 -0.031187 6.750506 0.000000 -0.041582
786 12:00:07.850 0.000000 0.000000 0.000000 0.000000 -0.188939 -0.406664 9.674023 -0.129410 -0.077646 -0.038823 6.689417 0.000000 -0.051764
787 12:00:07.860 0.000000 0.000000 0.000000 0.000000 -0.247723 -0.370935 9.592305 -0.154508 -0.092705 -0.046353 6.629180 0.000000 -0.061803
788 12:00:07.870 0.000000 0.000000 0.000000 0.000000 -0.274478 -0.386225 9.652962 -0.179184 -0.107510 -0.053755 6.569958 0.000000 -0.071674
789 12:00:07.880 0.000000 0.000000 0.000000 0.000000 -0.337483 -0.374096 9.456087 -0.203368 -0.122021 -0.061010 6.511916 0.000000 -0.081347
790 12:00:07.890 0.000000 0.000000 0.000000 0.000000 -0.373768 -0.397848 9.493101 -0.226995 -0.136197 -0.068099 6.455211 0.000000 -0.090798
791 12:00:07.900 0.000000 0.000000 0.000000 0.000000 -0.380561 -0.333916 9.467381 -0.250000 -0.150000 -0.075000 6.400000 0.000000 -0.100000
792 12:00:07.910 0.000000 0.000000 0.000000 0.000000 -0.441839 -0.355471 9.494405 -0.272320 -0.163392 -0.081696 6.346433 0.000000 -0.108928
793 12:00:07.920 0.000000 0.000000 0.000000 0.000000 -0.461283 -0.319049 9.425247 -0.293893 -0.176336 -0.088168 6.294658 0.000000 -0.117557
794 12:00:07.930 0.000000 0.000000 0.000000 0.000000 -0.468779 -0.284537 9.343707 -0.314660 -0.188796 -0.094398 6.244816 0.000000 -0.125864
795 12:00:07.940 0.000000 0.000000 0.000000 0.000000 -0.498342 -0.285006 9.326457 -0.334565 -0.200739 -0.100370 6.197043 0.000000 -0.133826
796 12:00:07.950 0.000000 0.000000 0.000000 0.000000 -0.558465 -0.313414 9.320377 -0.353553 -0.212132 -0.106066 6.151472 0.000000 -0.141421
797 12:00:07.960 0.000000 0.000000 0.000000 0.000000 -0.576995 -0.270364 9.294776 -0.371572 -0.222943 -0.111472 6.108226 0.000000 -0.148629
798 12:00:07.970 0.000000 0.000000 0.000000 0.000000 -0.623474 -0.271514 9.285015 -0.388573 -0.233144 -0.116572 6.067425 0.000000 -0.155429
799 12:00:07.980 0.000000 0.000000 0.000000 0.000000 -0.662356 -0.230915 9.274043 -0.404508 -0.242705 -0.121353 6.029180 0.000000 -0.161803
800 12:00:07.990 0.000000 0.000000 0.000000 0.000000 -0.656232 -0.204884 9.268715 -0.419335 -0.251601 -0.125801 5.993595 0.000000 -0.167734
801 12:00:08.000 0.000000 0.000000 0.000000 0.000000 -0.662468 -0.198757 9.190174 -0.433013 -0.259808 -0.129904 5.960770 0.000000 -0.173205
802 12:00:08.010 0.000000 0.000000 0.000000 0.000000 -0.691143 -0.151652 9.193332 -0.445503 -0.267302 -0.133651 5.930792 0.000000 -0.178201
803 12:00:08.020 0.000000 0.000000 0.000000 0.000000 -0.710137 -0.183995 9.174102 -0.456773 -0.274064 -0.137032 5.903745 0.000000 -0.182709
804 12:00:08.030 0.000000 0.000000 0.000000 0.000000 -0.767947 -0.085501 9.146454 -0.466790 -0.280074 -0.140037 5.879703 0.000000 -0.186716
805 12:00:08.040 0.000000 0.000000 0.000000 0.000000 -0.775133 -0.088409 9.129383 -0.475528 -0.285317 -0.142658 5.858732 0.000000 -0.190211
806 12:00:08.050 0.000000 0.000000 0.000000 0.000000 -0.776761 -0.136870 9.145236 -0.482963 -0.289778 -0.144889 5.840889 0.000000 -0.193185
807 12:00:08.060 0.000000 0.000000 0.000000 0.000000 -0.811008 -0.117317 9.117287 -0.489074 -0.293444 -0.146722 5.826223 0.000000 -0.195630
808 12:00:08.070 0.000000 0.000000 0.000000 0.000000 -0.761617 -0.063636 9.125981 -0.493844 -0.296307 -0.148153 5.814774 0.000000 -0.197538
809 12:00:08.080 0.000000 0.000000 0.000000 0.000000 -0.777830 -0.048388 9.095293 -0.497261 -0.298357 -0.149178 5.806574 0.000000 -0.198904
810 12:00:08.090 0.000000 0.000000 0.000000 0.000000 -0.768943 -0.045430 9.112233 -0.499315 -0.299589 -0.149794 5.801645 0.000000 -0.199726
811 12:00:08.100 0.000000 0.000000 0.000000 0.000000 -0.845202 -0.035794 9.175839 -0.500000 -0.300000 -0.150000 5.800000 0.000000 -0.200000
812 12:00:08.110 0.000000 0.000000 0.000000 0.000000 -0.792654 0.016873 9.114441 -0.499315 -0.299589 -0.149794 5.801645 0.000000 -0.199726
813 12:00:08.120 0.000000 0.000000 0.000000 0.000000 -0.781973 0.030278 9.079919 -0.497261 -0.298357 -0.149178 5.806574 0.000000 -0.198904
814 12:00:08.130 0.000000 0.000000 0.000000 0.000000 -0.814664 0.069917 9.101171 -0.493844 -0.296307 -0.148153 5.814774 0.000000 -0.197538
815 12:00:08.140 0.000000 0.000000 0.000000 0.000000 -0.813396 0.079717 9.107497 -0.489074 -0.293444 -0.146722 5.826223 0.000000 -0.195630
816 12:00:08.150 0.000000 0.000000 0.000000 0.000000 -0.781337 0.084695 9.079191 -0.482963 -0.289778 -0.144889 5.840889 0.000000 -0.193185
817 12:00:08.160 0.000000 0.000000 0.000000 0.000000 -0.748107 0.134359 9.135591 -0.475528 -0.285317 -0.142658 5.858732 0.000000 -0.190211
818 12:00:08.170 0.000000 0.000000 0.000000 0.000000 -0.744730 0.135783 9.172979 -0.466790 -0.280074 -0.140037 5.879703 0.000000 -0.186716
819 12:00:08.180 0.000000 0.000000 0.000000 0.000000 -0.743042 0.152105 9.146372 -0.456773 -0.274064 -0.137032 5.903745 0.000000 -0.182709
820 12:00:08.190 0.000000 0.000000 0.000000 0.000000 -0.697384 0.170238 9.182324 -0.445503 -0.267302 -0.133651 5.930792 0.000000 -0.178201
821 12:00:08.200 0.000000 0.000000 0.000000 0.000000 -0.673067 0.188184 9.228511 -0.433013 -0.259808 -0.129904 5.960770 0.000000 -0.173205
822 12:00:08.210 0.000000 0.000000 0.000000 0.000000 -0.657468 0.205524 9.208644 -0.419335 -0.251601 -0.125801 5.993595 0.000000 -0.167734
823 12:00:08.220 0.000000 0.000000 0.000000 0.000000 -0.645612 0.245379 9.252625 -0.404508 -0.242705 -0.121353 6.029180 0.000000 -0.161803
824 12:00:08.230 0.000000 0.000000 0.000000 0.000000 -0.604981 0.268287 9.265601 -0.388573 -0.233144 -0.116572 6.067425 0.000000 -0.155429
825 12:00:08.240 0.000000 0.000000 0.000000 0.000000 -0.625480 0.258569 9.244278 -0.371572 -0.222943 -0.111472 6.108226 0.000000 -0.148629
826 12:00:08.250 0.000000 0.000000 0.000000 0.000000 -0.526859 0.269921 9.335609 -0.353553 -0.212132 -0.106066 6.151472 0.000000 -0.141421
827 12:00:08.260 0.000000 0.000000 0.000000 0.000000 -0.513584 0.291931 9.316096 -0.334565 -0.200739 -0.100370 6.197043 0.000000 -0.133826
828 12:00:08.270 0.000000 0.000000 0.000000 0.000000 -0.446784 0.301236 9.401426 -0.314660 -0.188796 -0.094398 6.244816 0.000000 -0.125864
829 12:00:08.280 0.000000 0.000000 0.000000 0.000000 -0.493238 0.293854 9.419892 -0.293893 -0.176336 -0.088168 6.294658 0.000000 -0.117557
830 12:00:08.290 0.000000 0.000000 0.000000 0.000000 -0.469412 0.311628 9.480965 -0.272320 -0.163392 -0.081696 6.346433 0.000000 -0.108928
831 12:00:08.300 0.000000 0.000000 0.000000 0.000000 -0.378574 0.345896 9.447360 -0.250000 -0.150000 -0.075000 6.400000 0.000000 -0.100000
832 12:00:08.310 0.000000 0.000000 0.000000 0.000000 -0.367469 0.354850 9.476270 -0.226995 -0.136197 -0.068099 6.455211 0.000000 -0.090798
833 12:00:08.320 0.000000 0.000000 0.000000 0.000000 -0.299092 0.402229 9.500621 -0.203368 -0.122021 -0.061010 6.511916 0.000000 -0.081347
834 12:00:08.330 0.000000 0.000000 0.000000 0.000000 -0.315485 0.381334 9.571228 -0.179184 -0.107510 -0.053755 6.569958 0.000000 -0.071674
835 12:00:08.340 0.000000 0.000000 0.000000 0.000000 -0.216145 0.404988 9.620819 -0.154508 -0.092705 -0.046353 6.629180 0.000000 -0.061803
836 12:00:08.350 0.000000 0.000000 0.000000 0.000000 -0.209226 0.399028 9.608701 -0.129410 -0.077646 -0.038823 6.689417 0.000000 -0.051764
837 12:00:08.360 0.000000 0.000000 0.000000 0.000000 -0.144454 0.429610 9.679514 -0.103956 -0.062374 -0.031187 6.750506 0.000000 -0.041582
838 12:00:08.370 0.000000 0.000000 0.000000 0.000000 -0.145254 0.397284 9.745321 -0.078217 -0.046930 -0.023465 6.812279 0.000000 -0.031287
839 12:00:08.380 0.000000 0.000000 0.000000 0.000000 -0.117303 0.405145 9.711429 -0.052264 -0.031359 -0.015679 6.874566 0.000000 -0.020906
840 12:00:08.390 0.000000 0.000000 0.000000 0.000000 -0.056359 0.354277 9.755151 -0.026168 -0.015701 -0.007850 6.937197 0.000000 -0.010467
841 12:00:08.400 1.303189 76.876883 0.999063 1.143859 -0.026119 0.411803 9.830154 0.000000 0.000000 0.000000 7.000000 0.000000 0.000000
842 12:00:08.410 0.000000 93.092240 1.011106 0.849448 -0.003184 0.418522 9.836728 0.026168 0.015701 0.007850 7.062803 0.000000 0.010467
843 12:00:08.420 0.492442 107.747950 3.824456 0.668357 0.083713 0.364832 9.876467 0.052264 0.031359 0.015679 7.125434 0.000000 0.020906
844 12:00:08.430 0.000000 123.469357 3.562973 0.000000 0.117511 0.366952 9.911003 0.078217 0.046930 0.023465 7.187721 0.000000 0.031287
845 12:00:08.440 0.000000 141.295190 4.624725 0.000000 0.155842 0.404173 9.976845 0.103956 0.062374 0.031187 7.249494 0.000000 0.041582
846 12:00:08.450 0.000000 155.696567 3.415608 0.000000 0.221128 0.377166 10.012277 0.129410 0.077646 0.038823 7.310583 0.000000 0.051764
847 12:00:08.460 0.187822 170.107592 7.191869 0.000000 0.247423 0.382376 10.044646 0.154508 0.092705 0.046353 7.370820 0.000000 0.061803
848 12:00:08.470 0.000000 185.502521 6.867952 0.000000 0.250854 0.354380 10.064803 0.179184 0.107510 0.053755 7.430042 0.000000 0.071674
849 12:00:08.480 1.525430 195.319215 10.841433 1.294483 0.279445 0.369436 10.104897 0.203368 0.122021 0.061010 7.488084 0.000000 0.081347
850 12:00:08.490 0.000000 203.589635 11.983711 0.713859 0.344937 0.325310 10.175372 0.226995 0.136197 0.068099 7.544789 0.000000 0.090798
851 12:00:08.500 0.713187 208.800396 13.877616 0.212414 0.381128 0.306942 10.174920 0.250000 0.150000 0.075000 7.600000 0.000000 0.100000
852 12:00:08.510 0.857815 211.915726 17.589049 0.734925 0.431221 0.357919 10.203839 0.272320 0.163392 0.081696 7.653567 0.000000 0.108928
853 12:00:08.520 0.000000 208.582436 19.481754 0.608637 0.486357 0.311538 10.298583 0.293893 0.176336 0.088168 7.705342 0.000000 0.117557
854 12:00:08.530 0.541211 202.775217 22.211846 0.916590 0.489483 0.310661 10.210298 0.314660 0.188796 0.094398 7.755184 0.000000 0.125864
855 12:00:08.540 0.101407 193.914169 25.733929 0.159617 0.538990 0.280866 10.269410 0.334565 0.200739 0.100370 7.802957 0.000000 0.133826
856 12:00:08.550 0.197665 182.570491 31.456012 0.783855 0.546786 0.283552 10.281414 0.353553 0.212132 0.106066 7.848528 0.000000 0.141421
857 12:00:08.560 0.661789 170.971922 36.101549 0.326162 0.604403 0.307842 10.322885 0.371572 0.222943 0.111472 7.891774 0.000000 0.148629
858 12:00:08.570 0.000000 155.681939 40.937059 4.472965 0.619773 0.251920 10.331143 0.388573 0.233144 0.116572 7.932575 0.000000 0.155429
859 12:00:08.580 0.000000 139.087326 45.213420 2.094358 0.667881 0.248637 10.364852 0.404508 0.242705 0.121353 7.970820 0.000000 0.161803
860 12:00:08.590 0.000000 124.339517 52.430312 3.178514 0.698559 0.200677 10.397674 0.419335 0.251601 0.125801 8.006405 0.000000 0.167734
861 12:00:08.600 2.587816 106.337934 58.004797 4.284348 0.694637 0.202709 10.407959 0.433013 0.259808 0.129904 8.039230 0.000000 0.173205
862 12:00:08.610 1.101769 90.206276 64.844880 5.944612 0.699356 0.172013 10.436427 0.445503 0.267302 0.133651 8.069208 0.000000 0.178201
863 12:00:08.620 3.544117 77.376065 68.862602 6.453926 0.726523 0.155163 10.452815 0.456773 0.274064 0.137032 8.096255 0.000000 0.182709
864 12:00:08.630 0.594518 62.905342 73.574862 7.761263 0.728075 0.133550 10.514629 0.466790 0.280074 0.140037 8.120297 0.000000 0.186716
865 12:00:08.640 3.301985 48.499153 78.600337 10.809270 0.777974 0.093970 10.462568 0.475528 0.285317 0.142658 8.141268 0.000000 0.190211
866 12:00:08.650 3.570296 41.184274 84.747842 15.041018 0.802175 0.096339 10.475376 0.482963 0.289778 0.144889 8.159111 0.000000 0.193185
867 12:00:08.660 2.376569 32.597944 87.745909 18.196678 0.777794 0.090632 10.540655 0.489074 0.293444 0.146722 8.173777 0.000000 0.195630
868 12:00:08.670 5.552679 26.209188 93.168662 21.807320 0.762504 0.062303 10.505697 0.493844 0.296307 0.148153 8.185226 0.000000 0.197538
869 12:00:08.680 6.580308 16.879721 92.547711 28.016675 0.785795 0.069947 10.481657 0.497261 0.298357 0.149178 8.193426 0.000000 0.198904
870 12:00:08.690 6.955511 12.653880 95.211630 34.930197 0.772840 -0.013855 10.461038 0.499315 0.299589 0.149794 8.198355 0.000000 0.199726
871 12:00:08.700 10.601830 8.817727 97.563163 39.841916 0.776385 0.001121 10.504194 0.500000 0.300000 0.150000 8.200000 0.000000 0.200000
872 12:00:08.710 10.716031 7.320351 97.441608 49.631543 0.778576 -0.048053 10.490805 0.499315 0.299589 0.149794 8.198355 0.000000 0.199726
873 12:00:08.720 13.009993 4.637389 96.346602 58.101528 0.774550 -0.058559 10.499940 0.497261 0.298357 0.149178 8.193426 0.000000 0.198904
874 12:00:08.730 13.885800 5.223684 94.054964 67.546186 0.798550 -0.063375 10.551358 0.493844 0.296307 0.148153 8.185226 0.000000 0.197538
875 12:00:08.740 17.163228 2.852562 91.260996 76.173059 0.745959 -0.077060 10.463439 0.489074 0.293444 0.146722 8.173777 0.000000 0.195630
876 12:00:08.750 20.460590 1.750061 87.814608 87.938594 0.768992 -0.111592 10.481650 0.482963 0.289778 0.144889 8.159111 0.000000 0.193185
877 12:00:08.760 22.026367 1.302973 85.047878 99.370584 0.748300 -0.131002 10.513813 0.475528 0.285317 0.142658 8.141268 0.000000 0.190211
878 12:00:08.770 24.906945 0.390423 80.961470 110.790428 0.742673 -0.153014 10.465916 0.466790 0.280074 0.140037 8.120297 0.000000 0.186716
879 12:00:08.780 28.604398 0.826589 74.839533 122.383120 0.693824 -0.145639 10.462782 0.456773 0.274064 0.137032 8.096255 0.000000 0.182709
880 12:00:08.790 28.050771 0.000000 67.059858 133.978708 0.754051 -0.188996 10.472486 0.445503 0.267302 0.133651 8.069208 0.000000 0.178201
881 12:00:08.800 32.775129 0.912012 66.067568 144.247137 0.733407 -0.201886 10.396353 0.433013 0.259808 0.129904 8.039230 0.000000 0.173205
882 12:00:08.810 35.599830 0.196375 58.624429 153.671743 0.659713 -0.230731 10.389194 0.419335 0.251601 0.125801 8.006405 0.000000 0.167734
883 12:00:08.820 35.565109 0.000000 51.290433 162.141129 0.638686 -0.214142 10.401968 0.404508 0.242705 0.121353 7.970820 0.000000 0.161803
884 12:00:08.830 36.825361 0.181161 48.127312 169.821871 0.619578 -0.231632 10.329922 0.388573 0.233144 0.116572 7.932575 0.000000 0.155429
885 12:00:08.840 39.345257 1.548474 40.051556 175.836776 0.570064 -0.278839 10.273536 0.371572 0.222943 0.111472 7.891774 0.000000 0.148629
886 12:00:08.850 39.850931 1.219387 36.908514 179.334161 0.566062 -0.268465 10.323541 0.353553 0.212132 0.106066 7.848528 0.000000 0.141421
887 12:00:08.860 39.108480 0.000000 33.186420 181.729551 0.565844 -0.308591 10.299846 0.334565 0.200739 0.100370 7.802957 0.000000 0.133826
888 12:00:08.870 40.309008 0.000000 27.148161 180.586385 0.498451 -0.290772 10.282615 0.314660 0.188796 0.094398 7.755184 0.000000 0.125864
889 12:00:08.880 40.395274 0.000000 20.622014 176.924193 0.457277 -0.318014 10.198009 0.293893 0.176336 0.088168 7.705342 0.000000 0.117557
890 12:00:08.890 41.567020 0.000000 19.928224 174.534448 0.445482 -0.353050 10.194255 0.272320 0.163392 0.081696 7.653567 0.000000 0.108928
891 12:00:08.900 38.093249 0.168501 14.581636 166.801881 0.399401 -0.281314 10.164047 0.250000 0.150000 0.075000 7.600000 0.000000 0.100000
892 12:00:08.910 34.194170 0.103207 12.132200 160.919451 0.351741 -0.331812 10.132519 0.226995 0.136197 0.068099 7.544789 0.000000 0.090798
893 12:00:08.920 34.032145 1.257108 10.715498 153.447236 0.322146 -0.355452 10.086347 0.203368 0.122021 0.061010 7.488084 0.000000 0.081347
894 12:00:08.930 30.543141 0.000000 10.256828 141.744815 0.291857 -0.348557 10.055464 0.179184 0.107510 0.053755 7.430042 0.000000 0.071674
895 12:00:08.940 29.728846 0.000000 7.172381 130.788643 0.267597 -0.384041 10.014852 0.154508 0.092705 0.046353 7.370820 0.000000 0.061803
896 12:00:08.950 26.799109 0.231229 5.812859 119.807953 0.216768 -0.396880 9.995635 0.129410 0.077646 0.038823 7.310583 0.000000 0.051764
897 12:00:08.960 25.134312 0.000000 5.295834 107.358121 0.184022 -0.405337 10.025173 0.103956 0.062374 0.031187 7.249494 0.000000 0.041582
898 12:00:08.970 21.843956 0.827274 2.016045 97.068750 0.145462 -0.412000 9.926512 0.078217 0.046930 0.023465 7.187721 0.000000 0.031287
899 12:00:08.980 18.395245 0.518409 3.291509 84.155652 0.110794 -0.392700 9.888736 0.052264 0.031359 0.015679 7.125434 0.000000 0.020906
900 12:00:08.990 15.327381 0.422758 1.634591 76.410489 0.011486 -0.399512 9.829957 0.026168 0.015701 0.007850 7.062803 0.000000 0.010467
901 12:00:09.000 15.313019 0.898474 0.000000 65.176626 -0.001137 -0.412963 9.804737 0.000000 0.000000 0.000000 7.000000 0.000000 0.000000
902 12:00:09.010 13.286640 0.000000 1.062266 56.676533 -0.041763 -0.440938 9.775205 -0.026168 -0.015701 -0.007850 6.937197 0.000000 -0.010467
903 12:00:09.020 0.000000 0.000000 0.000000 0.000000 -0.069738 -0.384110 9.726862 -0.052264 -0.031359 -0.015679 6.874566 0.000000 -0.020906
904 12:00:09.030 0.000000 0.000000 0.000000 0.000000 -0.103472 -0.394551 9.771445 -0.078217 -0.046930 -0.023465 6.812279 0.000000 -0.031287
905 12:00:09.040 0.000000 0.000000 0.000000 0.000000 -0.122685 -0.378631 9.639652 -0.103956 -0.062374 -0.031187 6.750506 0.000000 -0.041582
906 12:00:09.050 0.000000 0.000000 0.000000 0.000000 -0.239543 -0.373084 9.632324 -0.129410 -0.077646 -0.038823 6.689417 0.000000 -0.051764
907 12:00:09.060 0.000000 0.000000 0.000000 0.000000 -0.241718 -0.410441 9.668171 -0.154508 -0.092705 -0.046353 6.629180 0.000000 -0.061803
908 12:00:09.070 0.000000 0.000000 0.000000 0.000000 -0.281661 -0.363224 9.564262 -0.179184 -0.107510 -0.053755 6.569958 0.000000 -0.071674
909 12:00:09.080 0.000000 0.000000 0.000000 0.000000 -0.291108 -0.373008 9.531493 -0.203368 -0.122021 -0.061010 6.511916 0.000000 -0.081347
910 12:00:09.090 0.000000 0.000000 0.000000 0.000000 -0.355848 -0.354276 9.518160 -0.226995 -0.136197 -0.068099 6.455211 0.000000 -0.090798
911 12:00:09.100 0.000000 0.000000 0.000000 0.000000 -0.415009 -0.328944 9.510502 -0.250000 -0.150000 -0.075000 6.400000 0.000000 -0.100000
912 12:00:09.110 0.000000 0.000000 0.000000 0.000000 -0.427399 -0.303894 9.418014 -0.272320 -0.163392 -0.081696 6.346433 0.000000 -0.108928
913 12:00:09.120 0.000000 0.000000 0.000000 0.000000 -0.472059 -0.320761 9.423100 -0.293893 -0.176336 -0.088168 6.294658 0.000000 -0.117557
914 12:00:09.130 0.000000 0.000000 0.000000 0.000000 -0.504643 -0.313572 9.327588 -0.314660 -0.188796 -0.094398 6.244816 0.000000 -0.125864
915 12:00:09.140 0.000000 0.000000 0.000000 0.000000 -0.521798 -0.304462 9.349084 -0.334565 -0.200739 -0.100370 6.197043 0.000000 -0.133826
916 12:00:09.150 0.000000 0.000000 0.000000 0.000000 -0.553094 -0.305175 9.297743 -0.353553 -0.212132 -0.106066 6.151472 0.000000 -0.141421
917 12:00:09.160 0.000000 0.000000 0.000000 0.000000 -0.579125 -0.258755 9.290828 -0.371572 -0.222943 -0.111472 6.108226 0.000000 -0.148629
918 12:00:09.170 0.000000 0.000000 0.000000 0.000000 -0.640810 -0.289400 9.284955 -0.388573 -0.233144 -0.116572 6.067425 0.000000 -0.155429
919 12:00:09.180 0.000000 0.000000 0.000000 0.000000 -0.647007 -0.228173 9.237774 -0.404508 -0.242705 -0.121353 6.029180 0.000000 -0.161803
920 12:00:09.190 0.000000 0.000000 0.000000 0.000000 -0.697776 -0.228855 9.230462 -0.419335 -0.251601 -0.125801 5.993595 0.000000 -0.167734
921 12:00:09.200 0.000000 0.000000 0.000000 0.000000 -0.670481 -0.176417 9.235846 -0.433013 -0.259808 -0.129904 5.960770 0.000000 -0.173205
922 12:00:09.210 0.000000 0.000000 0.000000 0.000000 -0.719255 -0.183996 9.196680 -0.445503 -0.267302 -0.133651 5.930792 0.000000 -0.178201
923 12:00:09.220 0.000000 0.000000 0.000000 0.000000 -0.753713 -0.176750 9.143476 -0.456773 -0.274064 -0.137032 5.903745 0.000000 -0.182709
924 12:00:09.230 0.000000 0.000000 0.000000 0.000000 -0.777347 -0.153608 9.162039 -0.466790 -0.280074 -0.140037 5.879703 0.000000 -0.186716
925 12:00:09.240 0.000000 0.000000 0.000000 0.000000 -0.757059 -0.103802 9.091448 -0.475528 -0.285317 -0.142658 5.858732 0.000000 -0.190211
926 12:00:09.250 0.000000 0.000000 0.000000 0.000000 -0.775577 -0.150224 9.091266 -0.482963 -0.289778 -0.144889 5.840889 0.000000 -0.193185
927 12:00:09.260 0.000000 0.000000 0.000000 0.000000 -0.794428 -0.104708 9.114012 -0.489074 -0.293444 -0.146722 5.826223 0.000000 -0.195630
928 12:00:09.270 0.000000 0.000000 0.000000 0.000000 -0.771648 -0.052362 9.115498 -0.493844 -0.296307 -0.148153 5.814774 0.000000 -0.197538
929 12:00:09.280 0.000000 0.000000 0.000000 0.000000 -0.773050 -0.020669 9.107869 -0.497261 -0.298357 -0.149178 5.806574 0.000000 -0.198904
930 12:00:09.290 0.000000 0.000000 0.000000 0.000000 -0.831024 -0.034723 9.123324 -0.499315 -0.299589 -0.149794 5.801645 0.000000 -0.199726
931 12:00:09.300 0.000000 0.000000 0.000000 0.000000 -0.781044 -0.003088 9.093191 -0.500000 -0.300000 -0.150000 5.800000 0.000000 -0.200000
932 12:00:09.310 0.000000 0.000000 0.000000 0.000000 -0.828124 0.026588 9.124954 -0.499315 -0.299589 -0.149794 5.801645 0.000000 -0.199726
933 12:00:09.320 0.000000 0.000000 0.000000 0.000000 -0.798938 0.007686 9.130343 -0.497261 -0.298357 -0.149178 5.806574 0.000000 -0.198904
934 12:00:09.330 0.000000 0.000000 0.000000 0.000000 -0.823868 0.057689 9.115320 -0.493844 -0.296307 -0.148153 5.814774 0.000000 -0.197538
935 12:00:09.340 0.000000 0.000000 0.000000 0.000000 -0.758582 0.112554 9.128599 -0.489074 -0.293444 -0.146722 5.826223 0.000000 -0.195630
936 12:00:09.350 0.000000 0.000000 0.000000 0.000000 -0.765571 0.100561 9.180842 -0.482963 -0.289778 -0.144889 5.840889 0.000000 -0.193185
937 12:00:09.360 0.000000 0.000000 0.000000 0.000000 -0.743637 0.109040 9.177538 -0.475528 -0.285317 -0.142658 5.858732 0.000000 -0.190211
938 12:00:09.370 0.000000 0.000000 0.000000 0.000000 -0.738319 0.131870 9.158543 -0.466790 -0.280074 -0.140037 5.879703 0.000000 -0.186716
939 12:00:09.380 0.000000 0.000000 0.000000 0.000000 -0.761455 0.163191 9.144958 -0.456773 -0.274064 -0.137032 5.903745 0.000000 -0.182709
940 12:00:09.390 0.000000 0.000000 0.000000 0.000000 -0.716394 0.196071 9.192550 -0.445503 -0.267302 -0.133651 5.930792 0.000000 -0.178201
941 12:00:09.400 0.000000 0.000000 0.000000 0.000000 -0.701925 0.200380 9.156462 -0.433013 -0.259808 -0.129904 5.960770 0.000000 -0.173205
942 12:00:09.410 0.000000 0.000000 0.000000 0.000000 -0.642538 0.218006 9.190388 -0.419335 -0.251601 -0.125801 5.993595 0.000000 -0.167734
943 12:00:09.420 0.000000 0.000000 0.000000 0.000000 -0.627587 0.226173 9.237769 -0.404508 -0.242705 -0.121353 6.029180 0.000000 -0.161803
944 12:00:09.430 0.000000 0.000000 0.000000 0.000000 -0.638393 0.236106 9.241464 -0.388573 -0.233144 -0.116572 6.067425 0.000000 -0.155429
945 12:00:09.440 0.000000 0.000000 0.000000 0.000000 -0.628185 0.274219 9.265382 -0.371572 -0.222943 -0.111472 6.108226 0.000000 -0.148629
946 12:00:09.450 0.000000 0.000000 0.000000 0.000000 -0.588466 0.264532 9.333268 -0.353553 -0.212132 -0.106066 6.151472 0.000000 -0.141421
947 12:00:09.460 0.000000 0.000000 0.000000 0.000000 -0.534530 0.280707 9.360993 -0.334565 -0.200739 -0.100370 6.197043 0.000000 -0.133826
948 12:00:09.470 0.000000 0.000000 0.000000 0.000000 -0.499980 0.305662 9.355501 -0.314660 -0.188796 -0.094398 6.244816 0.000000 -0.125864
949 12:00:09.480 0.000000 0.000000 0.000000 0.000000 -0.512199 0.295814 9.401355 -0.293893 -0.176336 -0.088168 6.294658 0.000000 -0.117557
950 12:00:09.490 0.000000 0.000000 0.000000 0.000000 -0.417253 0.331870 9.394581 -0.272320 -0.163392 -0.081696 6.346433 0.000000 -0.108928
951 12:00:09.500 0.000000 0.000000 0.000000 0.000000 -0.382783 0.368325 9.370831 -0.250000 -0.150000 -0.075000 6.400000 0.000000 -0.100000
952 12:00:09.510 0.000000 0.000000 0.000000 0.000000 -0.387678 0.346618 9.511770 -0.226995 -0.136197 -0.068099 6.455211 0.000000 -0.090798
953 12:00:09.520 0.000000 0.000000 0.000000 0.000000 -0.347666 0.370069 9.531902 -0.203368 -0.122021 -0.061010 6.511916 0.000000 -0.081347
954 12:00:09.530 0.000000 0.000000 0.000000 0.000000 -0.286036 0.374051 9.510471 -0.179184 -0.107510 -0.053755 6.569958 0.000000 -0.071674
955 12:00:09.540 0.000000 0.000000 0.000000 0.000000 -0.263711 0.363050 9.523560 -0.154508 -0.092705 -0.046353 6.629180 0.000000 -0.061803
956 12:00:09.550 0.000000 0.000000 0.000000 0.000000 -0.191180 0.398295 9.639420 -0.129410 -0.077646 -0.038823 6.689417 0.000000 -0.051764
957 12:00:09.560 0.000000 0.000000 0.000000 0.000000 -0.176153 0.361258 9.642216 -0.103956 -0.062374 -0.031187 6.750506 0.000000 -0.041582
958 12:00:09.570 0.000000 0.000000 0.000000 0.000000 -0.122609 0.379419 9.715898 -0.078217 -0.046930 -0.023465 6.812279 0.000000 -0.031287
959 12:00:09.580 0.000000 0.000000 0.000000 0.000000 -0.090007 0.382749 9.740043 -0.052264 -0.031359 -0.015679 6.874566 0.000000 -0.020906
960 12:00:09.590 0.000000 0.000000 0.000000 0.000000 -0.034275 0.395482 9.824419 -0.026168 -0.015701 -0.007850 6.937197 0.000000 -0.010467
