StepWise synthetic software-test fixture
SYNTHETIC DATA - NOT CLINICAL OR HUMAN-SUBJECT DATA
Generated deterministically for parser, segmentation, API, and demo testing.
Fields: Sample SystemTime P1 P2 P3 P4 AccX AccY AccZ GyrX GyrY GyrZ Pitch Roll Yaw
--------------------------------------------------------------------------------
1 12:00:00.000 0.000000 83.068699 0.000000 0.000000 0.025019 0.411917 9.811708 0.000000 0.000000 0.000000 0.000000 0.000000 0.000000
2 12:00:00.010 0.000000 93.533151 0.722305 0.000000 0.077311 0.416087 9.815003 0.026168 0.015701 0.007850 0.062803 0.000000 0.010467
3 12:00:00.020 21.113969 101.636436 0.349709 2.593140 0.086605 0.406602 9.909235 0.052264 0.031359 0.015679 0.125434 0.000000 0.020906
4 12:00:00.030 13.370633 128.053878 22.113711 10.102050 0.127519 0.392932 9.949877 0.078217 0.046930 0.023465 0.187721 0.000000 0.031287
5 12:00:00.040 4.307997 134.192348 0.000000 0.000000 0.194990 0.424892 9.963168 0.103956 0.062374 0.031187 0.249494 0.000000 0.041582
6 12:00:00.050 4.541864 142.714879 0.000000 7.932887 0.165626 0.403832 9.927686 0.129410 0.077646 0.038823 0.310583 0.000000 0.051764
7 12:00:00.060 0.000000 176.000309 2.353035 0.000000 0.242060 0.395848 10.022379 0.154508 0.092705 0.046353 0.370820 0.000000 0.061803
8 12:00:00.070 0.000000 196.907035 0.000000 0.000000 0.247272 0.403004 10.094337 0.179184 0.107510 0.053755 0.430042 0.000000 0.071674
9 12:00:00.080 5.067500 190.115291 1.732894 0.000000 0.329721 0.385360 10.082309 0.203368 0.122021 0.061010 0.488084 0.000000 0.081347
10 12:00:00.090 0.000000 213.104757 9.111270 0.000000 0.354788 0.331329 10.155122 0.226995 0.136197 0.068099 0.544789 0.000000 0.090798
11 12:00:00.100 0.000000 199.613725 24.397836 0.000000 0.388750 0.342612 10.176365 0.250000 0.150000 0.075000 0.600000 0.000000 0.100000
12 12:00:00.110 7.742549 203.693568 7.612549 0.000000 0.455424 0.365477 10.240811 0.272320 0.163392 0.081696 0.653567 0.000000 0.108928
13 12:00:00.120 19.565191 211.999845 8.703756 0.000000 0.475862 0.320669 10.211399 0.293893 0.176336 0.088168 0.705342 0.000000 0.117557
14 12:00:00.130 0.000000 192.091928 12.855449 17.105103 0.499747 0.327023 10.289485 0.314660 0.188796 0.094398 0.755184 0.000000 0.125864
15 12:00:00.140 18.131235 204.524623 21.258799 0.000000 0.540885 0.272236 10.276616 0.334565 0.200739 0.100370 0.802957 0.000000 0.133826
16 12:00:00.150 0.000000 192.073107 17.517542 0.000000 0.572376 0.292864 10.290397 0.353553 0.212132 0.106066 0.848528 0.000000 0.141421
17 12:00:00.160 1.624530 159.303894 39.853205 0.000000 0.562826 0.237435 10.315220 0.371572 0.222943 0.111472 0.891774 0.000000 0.148629
18 12:00:00.170 9.763384 161.398868 42.500032 7.582972 0.624368 0.241920 10.353825 0.388573 0.233144 0.116572 0.932575 0.000000 0.155429
19 12:00:00.180 14.326819 127.858344 49.160613 0.000000 0.651287 0.224018 10.360490 0.404508 0.242705 0.121353 0.970820 0.000000 0.161803
20 12:00:00.190 0.000000 126.550132 33.058869 15.801905 0.682181 0.219615 10.421347 0.419335 0.251601 0.125801 1.006405 0.000000 0.167734
21 12:00:00.200 0.000000 104.592771 31.160334 2.460836 0.713728 0.189266 10.405496 0.433013 0.259808 0.129904 1.039230 0.000000 0.173205
22 12:00:00.210 23.576547 109.231070 43.187362 21.591837 0.726301 0.189382 10.430314 0.445503 0.267302 0.133651 1.069208 0.000000 0.178201
23 12:00:00.220 2.001441 65.308172 65.856155 12.442680 0.718486 0.183004 10.412710 0.456773 0.274064 0.137032 1.096255 0.000000 0.182709
24 12:00:00.230 0.000000 71.760424 66.024756 0.000000 0.729169 0.158714 10.492315 0.466790 0.280074 0.140037 1.120297 0.000000 0.186716
25 12:00:00.240 2.855936 62.003634 45.419637 1.483217 0.726774 0.112090 10.486781 0.475528 0.285317 0.142658 1.141268 0.000000 0.190211
26 12:00:00.250 21.667175 48.679122 53.049995 11.566644 0.753488 0.056467 10.465356 0.482963 0.289778 0.144889 1.159111 0.000000 0.193185
27 12:00:00.260 14.130110 27.714331 82.736315 11.714487 0.812425 0.074355 10.447303 0.489074 0.293444 0.146722 1.173777 0.000000 0.195630
28 12:00:00.270 0.000000 15.058036 72.484198 3.356838 0.781201 0.040847 10.522556 0.493844 0.296307 0.148153 1.185226 0.000000 0.197538
29 12:00:00.280 28.385469 29.925405 58.553640 16.929009 0.803825 0.067894 10.532404 0.497261 0.298357 0.149178 1.193426 0.000000 0.198904
30 12:00:00.290 17.129580 10.483216 75.094669 41.452740 0.840507 0.027454 10.555283 0.499315 0.299589 0.149794 1.198355 0.000000 0.199726
31 12:00:00.300 37.825338 8.464777 90.522309 34.640020 0.800734 -0.009886 10.488279 0.500000 0.300000 0.150000 1.200000 0.000000 0.200000
32 12:00:00.310 8.063096 15.202111 68.761840 18.341755 0.788982 -0.037078 10.538104 0.499315 0.299589 0.149794 1.198355 0.000000 0.199726
33 12:00:00.320 30.206172 0.212633 72.874206 51.513590 0.804459 -0.016154 10.492398 0.497261 0.298357 0.149178 1.193426 0.000000 0.198904
34 12:00:00.330 36.851489 6.956528 71.836202 44.520900 0.769453 -0.077063 10.480381 0.493844 0.296307 0.148153 1.185226 0.000000 0.197538
35 12:00:00.340 57.789540 0.000000 71.951367 29.880827 0.761641 -0.094319 10.513167 0.489074 0.293444 0.146722 1.173777 0.000000 0.195630
36 12:00:00.350 54.847270 0.000000 71.161168 62.073312 0.741893 -0.115955 10.472606 0.482963 0.289778 0.144889 1.159111 0.000000 0.193185
37 12:00:00.360 53.468659 0.000000 70.487992 47.085105 0.739627 -0.132588 10.532158 0.475528 0.285317 0.142658 1.141268 0.000000 0.190211
38 12:00:00.370 60.676921 0.000000 66.370496 54.639627 0.783150 -0.135789 10.464136 0.466790 0.280074 0.140037 1.120297 0.000000 0.186716
39 12:00:00.380 66.197889 12.071043 76.446424 66.041626 0.721379 -0.173176 10.445367 0.456773 0.274064 0.137032 1.096255 0.000000 0.182709
40 12:00:00.390 63.413177 12.013449 36.998602 67.239645 0.674369 -0.174564 10.440489 0.445503 0.267302 0.133651 1.069208 0.000000 0.178201
41 12:00:00.400 72.107813 0.000000 47.518462 79.821287 0.698896 -0.167130 10.427357 0.433013 0.259808 0.129904 1.039230 0.000000 0.173205
42 12:00:00.410 82.874084 0.000000 46.188189 94.143089 0.699182 -0.219978 10.418732 0.419335 0.251601 0.125801 1.006405 0.000000 0.167734
43 12:00:00.420 84.440506 0.000000 35.942721 90.313058 0.635240 -0.243735 10.301306 0.404508 0.242705 0.121353 0.970820 0.000000 0.161803
44 12:00:00.430 98.749456 12.669927 41.310525 88.368166 0.591764 -0.276074 10.376703 0.388573 0.233144 0.116572 0.932575 0.000000 0.155429
45 12:00:00.440 75.349780 11.633437 35.031243 110.831586 0.582740 -0.309053 10.331040 0.371572 0.222943 0.111472 0.891774 0.000000 0.148629
46 12:00:00.450 88.156571 3.360388 32.791019 92.910984 0.575688 -0.280698 10.358515 0.353553 0.212132 0.106066 0.848528 0.000000 0.141421
47 12:00:00.460 80.824565 4.610312 4.725970 108.545003 0.549659 -0.302449 10.277297 0.334565 0.200739 0.100370 0.802957 0.000000 0.133826
48 12:00:00.470 110.554928 0.000000 20.620396 97.884089 0.488810 -0.312784 10.278395 0.314660 0.188796 0.094398 0.755184 0.000000 0.125864
49 12:00:00.480 99.920075 0.000000 17.897647 105.015372 0.460310 -0.308167 10.260290 0.293893 0.176336 0.088168 0.705342 0.000000 0.117557
50 12:00:00.490 70.534760 0.000000 20.528006 94.523703 0.395922 -0.322139 10.230366 0.272320 0.163392 0.081696 0.653567 0.000000 0.108928
51 12:00:00.500 72.014893 10.925055 0.000000 83.611979 0.395696 -0.355732 10.157834 0.250000 0.150000 0.075000 0.600000 0.000000 0.100000
52 12:00:00.510 63.711612 4.825426 2.410246 104.030071 0.354608 -0.365047 10.116557 0.226995 0.136197 0.068099 0.544789 0.000000 0.090798
53 12:00:00.520 81.434958 0.000000 42.105146 82.675136 0.348982 -0.344133 10.078661 0.203368 0.122021 0.061010 0.488084 0.000000 0.081347
54 12:00:00.530 78.380500 12.898145 24.605857 67.403000 0.271990 -0.396373 10.054649 0.179184 0.107510 0.053755 0.430042 0.000000 0.071674
55 12:00:00.540 74.615063 0.000000 15.973923 102.496206 0.247581 -0.363721 10.030629 0.154508 0.092705 0.046353 0.370820 0.000000 0.061803
56 12:00:00.550 74.394439 0.000000 24.827619 60.563444 0.224631 -0.391849 9.980756 0.129410 0.077646 0.038823 0.310583 0.000000 0.051764
57 12:00:00.560 50.758986 0.000000 0.000000 75.699340 0.140668 -0.394386 9.975494 0.103956 0.062374 0.031187 0.249494 0.000000 0.041582
58 12:00:00.570 47.426674 13.384808 8.295057 50.434845 0.135085 -0.417967 9.935210 0.078217 0.046930 0.023465 0.187721 0.000000 0.031287
59 12:00:00.580 35.362860 7.437413 8.391018 48.955350 0.083055 -0.421980 9.836760 0.052264 0.031359 0.015679 0.125434 0.000000 0.020906
60 12:00:00.590 30.872822 0.000000 0.000000 52.482737 0.044996 -0.400942 9.858005 0.026168 0.015701 0.007850 0.062803 0.000000 0.010467
61 12:00:00.600 42.273824 2.243988 6.348505 49.578388 0.004685 -0.392519 9.839267 0.000000 0.000000 0.000000 0.000000 0.000000 0.000000
62 12:00:00.610 20.766223 0.000000 0.000000 21.111569 -0.029208 -0.399081 9.784470 -0.026168 -0.015701 -0.007850 -0.062803 0.000000 -0.010467
63 12:00:00.620 0.000000 0.000000 0.000000 0.000000 -0.081360 -0.399927 9.816820 -0.052264 -0.031359 -0.015679 -0.125434 0.000000 -0.020906
64 12:00:00.630 0.000000 0.000000 0.000000 0.000000 -0.133257 -0.392643 9.712140 -0.078217 -0.046930 -0.023465 -0.187721 0.000000 -0.031287
65 12:00:00.640 0.000000 0.000000 0.000000 0.000000 -0.189094 -0.417441 9.617973 -0.103956 -0.062374 -0.031187 -0.249494 0.000000 -0.041582
66 12:00:00.650 0.000000 0.000000 0.000000 0.000000 -0.195281 -0.398143 9.664723 -0.129410 -0.077646 -0.038823 -0.310583 0.000000 -0.051764
67 12:00:00.660 0.000000 0.000000 0.000000 0.000000 -0.236342 -0.395424 9.628252 -0.154508 -0.092705 -0.046353 -0.370820 0.000000 -0.061803
68 12:00:00.670 0.000000 0.000000 0.000000 0.000000 -0.265145 -0.377620 9.554369 -0.179184 -0.107510 -0.053755 -0.430042 0.000000 -0.071674
69 12:00:00.680 0.000000 0.000000 0.000000 0.000000 -0.340986 -0.396435 9.551307 -0.203368 -0.122021 -0.061010 -0.488084 0.000000 -0.081347
70 12:00:00.690 0.000000 0.000000 0.000000 0.000000 -0.376861 -0.339286 9.497731 -0.226995 -0.136197 -0.068099 -0.544789 0.000000 -0.090798
71 12:00:00.700 0.000000 0.000000 0.000000 0.000000 -0.374898 -0.355859 9.434346 -0.250000 -0.150000 -0.075000 -0.600000 0.000000 -0.100000
72 12:00:00.710 0.000000 0.000000 0.000000 0.000000 -0.452642 -0.335094 9.443417 -0.272320 -0.163392 -0.081696 -0.653567 0.000000 -0.108928
73 12:00:00.720 0.000000 0.000000 0.000000 0.000000 -0.443055 -0.315177 9.366757 -0.293893 -0.176336 -0.088168 -0.705342 0.000000 -0.117557
74 12:00:00.730 0.000000 0.000000 0.000000 0.000000 -0.495278 -0.314571 9.377163 -0.314660 -0.188796 -0.094398 -0.755184 0.000000 -0.125864
75 12:00:00.740 0.000000 0.000000 0.000000 0.000000 -0.518850 -0.337168 9.350338 -0.334565 -0.200739 -0.100370 -0.802957 0.000000 -0.133826
76 12:00:00.750 0.000000 0.000000 0.000000 0.000000 -0.538131 -0.290319 9.323662 -0.353553 -0.212132 -0.106066 -0.848528 0.000000 -0.141421
77 12:00:00.760 0.000000 0.000000 0.000000 0.000000 -0.573986 -0.251293 9.299406 -0.371572 -0.222943 -0.111472 -0.891774 0.000000 -0.148629
78 12:00:00.770 0.000000 0.000000 0.000000 0.000000 -0.676698 -0.269400 9.325547 -0.388573 -0.233144 -0.116572 -0.932575 0.000000 -0.155429
79 12:00:00.780 0.000000 0.000000 0.000000 0.000000 -0.646575 -0.247549 9.266748 -0.404508 -0.242705 -0.121353 -0.970820 0.000000 -0.161803
80 12:00:00.790 0.000000 0.000000 0.000000 0.000000 -0.639776 -0.222386 9.233868 -0.419335 -0.251601 -0.125801 -1.006405 0.000000 -0.167734
81 12:00:00.800 0.000000 0.000000 0.000000 0.000000 -0.682020 -0.221420 9.220895 -0.433013 -0.259808 -0.129904 -1.039230 0.000000 -0.173205
82 12:00:00.810 0.000000 0.000000 0.000000 0.000000 -0.704136 -0.177443 9.178781 -0.445503 -0.267302 -0.133651 -1.069208 0.000000 -0.178201
83 12:00:00.820 0.000000 0.000000 0.000000 0.000000 -0.721792 -0.179045 9.161403 -0.456773 -0.274064 -0.137032 -1.096255 0.000000 -0.182709
84 12:00:00.830 0.000000 0.000000 0.000000 0.000000 -0.748615 -0.142454 9.183807 -0.466790 -0.280074 -0.140037 -1.120297 0.000000 -0.186716
85 12:00:00.840 0.000000 0.000000 0.000000 0.000000 -0.741996 -0.141638 9.152339 -0.475528 -0.285317 -0.142658 -1.141268 0.000000 -0.190211
86 12:00:00.850 0.000000 0.000000 0.000000 0.000000 -0.794792 -0.054061 9.121728 -0.482963 -0.289778 -0.144889 -1.159111 0.000000 -0.193185
87 12:00:00.860 0.000000 0.000000 0.000000 0.000000 -0.771939 -0.073884 9.109367 -0.489074 -0.293444 -0.146722 -1.173777 0.000000 -0.195630
88 12:00:00.870 0.000000 0.000000 0.000000 0.000000 -0.752314 -0.097332 9.149278 -0.493844 -0.296307 -0.148153 -1.185226 0.000000 -0.197538
89 12:00:00.880 0.000000 0.000000 0.000000 0.000000 -0.823391 -0.030866 9.085230 -0.497261 -0.298357 -0.149178 -1.193426 0.000000 -0.198904
90 12:00:00.890 0.000000 0.000000 0.000000 0.000000 -0.800978 -0.006358 9.132301 -0.499315 -0.299589 -0.149794 -1.198355 0.000000 -0.199726
91 12:00:00.900 0.000000 0.000000 0.000000 0.000000 -0.770867 -0.000378 9.137873 -0.500000 -0.300000 -0.150000 -1.200000 0.000000 -0.200000
92 12:00:00.910 0.000000 0.000000 0.000000 0.000000 -0.796151 -0.008317 9.133165 -0.499315 -0.299589 -0.149794 -1.198355 0.000000 -0.199726
93 12:00:00.920 0.000000 0.000000 0.000000 0.000000 -0.779032 0.066962 9.083340 -0.497261 -0.298357 -0.149178 -1.193426 0.000000 -0.198904
94 12:00:00.930 0.000000 0.000000 0.000000 0.000000 -0.772676 0.097735 9.128268 -0.493844 -0.296307 -0.148153 -1.185226 0.000000 -0.197538
95 12:00:00.940 0.000000 0.000000 0.000000 0.000000 -0.757774 0.068443 9.125932 -0.489074 -0.293444 -0.146722 -1.173777 0.000000 -0.195630
96 12:00:00.950 0.000000 0.000000 0.000000 0.000000 -0.813923 0.107573 9.112997 -0.482963 -0.289778 -0.144889 -1.159111 0.000000 -0.193185
97 12:00:00.960 0.000000 0.000000 0.000000 0.000000 -0.762600 0.118267 9.164737 -0.475528 -0.285317 -0.142658 -1.141268 0.000000 -0.190211
98 12:00:00.970 0.000000 0.000000 0.000000 0.000000 -0.724774 0.132529 9.113009 -0.466790 -0.280074 -0.140037 -1.120297 0.000000 -0.186716
99 12:00:00.980 0.000000 0.000000 0.000000 0.000000 -0.732435 0.196648 9.181373 -0.456773 -0.274064 -0.137032 -1.096255 0.000000 -0.182709
100 12:00:00.990 0.000000 0.000000 0.000000 0.000000 -0.744997 0.193862 9.142112 -0.445503 -0.267302 -0.133651 -1.069208 0.000000 -0.178201
101 12:00:01.000 0.000000 0.000000 0.000000 0.000000 -0.700936 0.229002 9.207680 -0.433013 -0.259808 -0.129904 -1.039230 0.000000 -0.173205
102 12:00:01.010 0.000000 0.000000 0.000000 0.000000 -0.668192 0.209965 9.191281 -0.419335 -0.251601 -0.125801 -1.006405 0.000000 -0.167734
103 12:00:01.020 0.000000 0.000000 0.000000 0.000000 -0.657008 0.228350 9.232550 -0.404508 -0.242705 -0.121353 -0.970820 0.000000 -0.161803
104 12:00:01.030 0.000000 0.000000 0.000000 0.000000 -0.659864 0.266064 9.209089 -0.388573 -0.233144 -0.116572 -0.932575 0.000000 -0.155429
105 12:00:01.040 0.000000 0.000000 0.000000 0.000000 -0.587845 0.280902 9.299488 -0.371572 -0.222943 -0.111472 -0.891774 0.000000 -0.148629
106 12:00:01.050 0.000000 0.000000 0.000000 0.000000 -0.554721 0.275049 9.325260 -0.353553 -0.212132 -0.106066 -0.848528 0.000000 -0.141421
107 12:00:01.060 0.000000 0.000000 0.000000 0.000000 -0.522060 0.319860 9.331429 -0.334565 -0.200739 -0.100370 -0.802957 0.000000 -0.133826
108 12:00:01.070 0.000000 0.000000 0.000000 0.000000 -0.501591 0.287859 9.441051 -0.314660 -0.188796 -0.094398 -0.755184 0.000000 -0.125864
109 12:00:01.080 0.000000 0.000000 0.000000 0.000000 -0.504470 0.309351 9.383687 -0.293893 -0.176336 -0.088168 -0.705342 0.000000 -0.117557
110 12:00:01.090 0.000000 0.000000 0.000000 0.000000 -0.400453 0.354258 9.425718 -0.272320 -0.163392 -0.081696 -0.653567 0.000000 -0.108928
111 12:00:01.100 0.000000 0.000000 0.000000 0.000000 -0.381035 0.366798 9.496669 -0.250000 -0.150000 -0.075000 -0.600000 0.000000 -0.100000
112 12:00:01.110 0.000000 0.000000 0.000000 0.000000 -0.338900 0.409763 9.496821 -0.226995 -0.136197 -0.068099 -0.544789 0.000000 -0.090798
113 12:00:01.120 0.000000 0.000000 0.000000 0.000000 -0.309511 0.345510 9.523107 -0.203368 -0.122021 -0.061010 -0.488084 0.000000 -0.081347
114 12:00:01.130 0.000000 0.000000 0.000000 0.000000 -0.288134 0.382468 9.513375 -0.179184 -0.107510 -0.053755 -0.430042 0.000000 -0.071674
115 12:00:01.140 0.000000 0.000000 0.000000 0.000000 -0.234311 0.385765 9.609003 -0.154508 -0.092705 -0.046353 -0.370820 0.000000 -0.061803
116 12:00:01.150 0.000000 0.000000 0.000000 0.000000 -0.231250 0.405112 9.638034 -0.129410 -0.077646 -0.038823 -0.310583 0.000000 -0.051764
117 12:00:01.160 0.000000 0.000000 0.000000 0.000000 -0.172171 0.408529 9.655015 -0.103956 -0.062374 -0.031187 -0.249494 0.000000 -0.041582
118 12:00:01.170 0.000000 0.000000 0.000000 0.000000 -0.121657 0.414143 9.673433 -0.078217 -0.046930 -0.023465 -0.187721 0.000000 -0.031287
119 12:00:01.180 0.000000 0.000000 0.000000 0.000000 -0.073977 0.402224 9.724650 -0.052264 -0.031359 -0.015679 -0.125434 0.000000 -0.020906
120 12:00:01.190 0.000000 0.000000 0.000000 0.000000 -0.035216 0.399556 9.752801 -0.026168 -0.015701 -0.007850 -0.062803 0.000000 -0.010467
121 12:00:01.200 0.000000 75.900985 18.100208 3.640178 0.020648 0.419548 9.751267 0.000000 0.000000 0.000000 0.000000 0.000000 0.000000
122 12:00:01.210 3.558861 80.307721 4.353052 6.306358 0.027921 0.409302 9.898395 0.026168 0.015701 0.007850 0.062803 0.000000 0.010467
123 12:00:01.220 2.777971 109.342480 0.000000 0.000000 0.070884 0.414269 9.911139 0.052264 0.031359 0.015679 0.125434 0.000000 0.020906
124 12:00:01.230 0.000000 142.686881 0.000000 8.601936 0.135219 0.398784 9.920905 0.078217 0.046930 0.023465 0.187721 0.000000 0.031287
125 12:00:01.240 4.380325 156.904615 26.636538 3.365462 0.170316 0.405767 9.929444 0.103956 0.062374 0.031187 0.249494 0.000000 0.041582
126 12:00:01.250 0.000000 154.376058 4.081140 0.000000 0.234548 0.368381 9.985114 0.129410 0.077646 0.038823 0.310583 0.000000 0.051764
127 12:00:01.260 0.000000 173.006153 0.000000 0.779362 0.258628 0.394337 10.048160 0.154508 0.092705 0.046353 0.370820 0.000000 0.061803
128 12:00:01.270 0.000000 185.316731 2.192042 0.000000 0.280103 0.365433 10.108188 0.179184 0.107510 0.053755 0.430042 0.000000 0.071674
129 12:00:01.280 0.000000 180.207557 10.583232 4.180329 0.326795 0.363186 10.081540 0.203368 0.122021 0.061010 0.488084 0.000000 0.081347
130 12:00:01.290 0.000000 201.404378 22.674359 0.000000 0.375587 0.367383 10.148061 0.226995 0.136197 0.068099 0.544789 0.000000 0.090798
131 12:00:01.300 1.524948 213.615554 5.301539 0.000000 0.427971 0.340339 10.175436 0.250000 0.150000 0.075000 0.600000 0.000000 0.100000
132 12:00:01.310 2.901651 212.472712 16.442534 1.605429 0.432699 0.361959 10.218614 0.272320 0.163392 0.081696 0.653567 0.000000 0.108928
133 12:00:01.320 0.000000 218.368892 16.904776 0.000000 0.483819 0.300192 10.226481 0.293893 0.176336 0.088168 0.705342 0.000000 0.117557
134 12:00:01.330 7.049864 200.030089 22.885971 10.089972 0.479414 0.314132 10.255807 0.314660 0.188796 0.094398 0.755184 0.000000 0.125864
135 12:00:01.340 0.000000 181.291331 0.000000 0.000000 0.568839 0.339426 10.299308 0.334565 0.200739 0.100370 0.802957 0.000000 0.133826
136 12:00:01.350 0.000000 194.630164 37.143236 0.000000 0.559992 0.263858 10.273519 0.353553 0.212132 0.106066 0.848528 0.000000 0.141421
137 12:00:01.360 0.000000 165.422980 28.148707 5.368628 0.598253 0.296644 10.281672 0.371572 0.222943 0.111472 0.891774 0.000000 0.148629
138 12:00:01.370 2.911186 166.233952 49.707379 0.000000 0.605045 0.235381 10.359983 0.388573 0.233144 0.116572 0.932575 0.000000 0.155429
139 12:00:01.380 0.000000 154.560088 45.322425 1.773492 0.650319 0.256543 10.391186 0.404508 0.242705 0.121353 0.970820 0.000000 0.161803
140 12:00:01.390 0.000000 107.669779 33.011582 0.000000 0.665048 0.179465 10.416317 0.419335 0.251601 0.125801 1.006405 0.000000 0.167734
141 12:00:01.400 0.000000 107.083683 50.027473 7.661633 0.707147 0.165951 10.458083 0.433013 0.259808 0.129904 1.039230 0.000000 0.173205
142 12:00:01.410 0.402568 95.130348 57.244714 7.756711 0.723290 0.175225 10.484359 0.445503 0.267302 0.133651 1.069208 0.000000 0.178201
143 12:00:01.420 6.680696 78.951085 54.990168 0.000000 0.707032 0.154267 10.434609 0.456773 0.274064 0.137032 1.096255 0.000000 0.182709
144 12:00:01.430 0.000000 64.548849 49.795836 7.634861 0.777441 0.153607 10.490811 0.466790 0.280074 0.140037 1.120297 0.000000 0.186716
145 12:00:01.440 7.144382 67.646832 77.366949 6.825017 0.781444 0.116146 10.507857 0.475528 0.285317 0.142658 1.141268 0.000000 0.190211
146 12:00:01.450 12.752037 44.451129 46.186220 4.410823 0.831801 0.056495 10.444515 0.482963 0.289778 0.144889 1.159111 0.000000 0.193185
147 12:00:01.460 9.695940 16.829674 50.309993 0.120339 0.744295 0.061710 10.515086 0.489074 0.293444 0.146722 1.173777 0.000000 0.195630
148 12:00:01.470 22.382451 5.908673 77.358684 23.617905 0.793141 0.048767 10.504520 0.493844 0.296307 0.148153 1.185226 0.000000 0.197538
149 12:00:01.480 4.522678 16.468638 60.389523 14.311038 0.804458 0.039872 10.457143 0.497261 0.298357 0.149178 1.193426 0.000000 0.198904
150 12:00:01.490 0.000000 14.920754 74.698798 26.554243 0.788345 0.045330 10.510688 0.499315 0.299589 0.149794 1.198355 0.000000 0.199726
151 12:00:01.500 24.162834 7.369559 78.693170 2.817468 0.813146 -0.022912 10.563654 0.500000 0.300000 0.150000 1.200000 0.000000 0.200000
152 12:00:01.510 32.282143 20.947084 80.651617 24.911149 0.804168 -0.027698 10.519129 0.499315 0.299589 0.149794 1.198355 0.000000 0.199726
153 12:00:01.520 40.217223 3.150634 75.098659 21.859040 0.798212 -0.020635 10.524133 0.497261 0.298357 0.149178 1.193426 0.000000 0.198904
154 12:00:01.530 34.670812 0.000000 64.874768 34.635692 0.751217 -0.074609 10.497057 0.493844 0.296307 0.148153 1.185226 0.000000 0.197538
155 12:00:01.540 47.403947 7.089791 65.705248 28.002031 0.755250 -0.075622 10.458369 0.489074 0.293444 0.146722 1.173777 0.000000 0.195630
156 12:00:01.550 27.509168 0.000000 71.807835 28.761816 0.782093 -0.057986 10.530164 0.482963 0.289778 0.144889 1.159111 0.000000 0.193185
157 12:00:01.560 72.284615 0.000000 59.237724 53.428396 0.742483 -0.137059 10.427617 0.475528 0.285317 0.142658 1.141268 0.000000 0.190211
158 12:00:01.570 43.183024 0.000000 51.977790 59.005779 0.728489 -0.169026 10.451900 0.466790 0.280074 0.140037 1.120297 0.000000 0.186716
159 12:00:01.580 48.712759 0.000000 56.282088 87.639325 0.717672 -0.190066 10.426292 0.456773 0.274064 0.137032 1.096255 0.000000 0.182709
160 12:00:01.590 65.262575 0.000000 83.769927 83.280857 0.740373 -0.191179 10.458362 0.445503 0.267302 0.133651 1.069208 0.000000 0.178201
161 12:00:01.600 73.007990 0.000000 42.549776 73.222763 0.666235 -0.206768 10.404878 0.433013 0.259808 0.129904 1.039230 0.000000 0.173205
162 12:00:01.610 71.350400 0.000000 39.187793 78.060099 0.663707 -0.207278 10.428885 0.419335 0.251601 0.125801 1.006405 0.000000 0.167734
163 12:00:01.620 66.505011 13.468102 45.528788 96.766942 0.645332 -0.216196 10.323845 0.404508 0.242705 0.121353 0.970820 0.000000 0.161803
164 12:00:01.630 94.103702 12.766042 31.362691 91.847090 0.645942 -0.266599 10.271595 0.388573 0.233144 0.116572 0.932575 0.000000 0.155429
165 12:00:01.640 98.152958 15.852859 48.692451 107.883341 0.584659 -0.305544 10.331290 0.371572 0.222943 0.111472 0.891774 0.000000 0.148629
166 12:00:01.650 86.647501 0.000000 22.165939 106.199344 0.566427 -0.273278 10.314789 0.353553 0.212132 0.106066 0.848528 0.000000 0.141421
167 12:00:01.660 103.594395 18.893921 15.642728 105.057330 0.557834 -0.288489 10.221731 0.334565 0.200739 0.100370 0.802957 0.000000 0.133826
168 12:00:01.670 83.983002 0.000000 18.601868 94.802390 0.495396 -0.348114 10.280032 0.314660 0.188796 0.094398 0.755184 0.000000 0.125864
169 12:00:01.680 83.732538 7.516504 19.628894 94.337918 0.461851 -0.326301 10.221408 0.293893 0.176336 0.088168 0.705342 0.000000 0.117557
170 12:00:01.690 72.134549 12.439589 8.585836 104.570678 0.437030 -0.365345 10.180224 0.272320 0.163392 0.081696 0.653567 0.000000 0.108928
171 12:00:01.700 68.800627 7.077561 29.560732 100.264388 0.409403 -0.336206 10.112043 0.250000 0.150000 0.075000 0.600000 0.000000 0.100000
172 12:00:01.710 81.358952 0.000000 0.000000 92.660087 0.346236 -0.370848 10.191836 0.226995 0.136197 0.068099 0.544789 0.000000 0.090798
173 12:00:01.720 79.987325 0.000000 12.480023 87.397796 0.327162 -0.348981 10.107022 0.203368 0.122021 0.061010 0.488084 0.000000 0.081347
174 12:00:01.730 58.299122 0.232112 0.000000 69.085755 0.272690 -0.339565 10.061279 0.179184 0.107510 0.053755 0.430042 0.000000 0.071674
175 12:00:01.740 51.085626 6.045922 1.661803 78.643831 0.237763 -0.373650 10.054803 0.154508 0.092705 0.046353 0.370820 0.000000 0.061803
176 12:00:01.750 46.936357 0.000000 2.375877 83.486768 0.199423 -0.371415 10.035622 0.129410 0.077646 0.038823 0.310583 0.000000 0.051764
177 12:00:01.760 38.641090 0.000000 0.000000 76.896099 0.152064 -0.372491 9.952566 0.103956 0.062374 0.031187 0.249494 0.000000 0.041582
178 12:00:01.770 34.777110 0.000000 9.791082 47.802353 0.105594 -0.420714 9.939262 0.078217 0.046930 0.023465 0.187721 0.000000 0.031287
179 12:00:01.780 32.031948 0.000000 0.039589 43.645068 0.123217 -0.424908 9.865992 0.052264 0.031359 0.015679 0.125434 0.000000 0.020906
180 12:00:01.790 20.086868 0.000000 0.000000 42.873764 0.053008 -0.369584 9.789697 0.026168 0.015701 0.007850 0.062803 0.000000 0.010467
181 12:00:01.800 24.911746 1.590342 2.934639 46.746873 -0.014501 -0.411792 9.795827 0.000000 0.000000 0.000000 0.000000 0.000000 0.000000
182 12:00:01.810 30.636270 0.000000 0.000000 40.346378 -0.068716 -0.409957 9.759706 -0.026168 -0.015701 -0.007850 -0.062803 0.000000 -0.010467
183 12:00:01.820 0.000000 0.000000 0.000000 0.000000 -0.078368 -0.361747 9.752940 -0.052264 -0.031359 -0.015679 -0.125434 0.000000 -0.020906
184 12:00:01.830 0.000000 0.000000 0.000000 0.000000 -0.106932 -0.393268 9.679832 -0.078217 -0.046930 -0.023465 -0.187721 0.000000 -0.031287
185 12:00:01.840 0.000000 0.000000 0.000000 0.000000 -0.185181 -0.413093 9.653825 -0.103956 -0.062374 -0.031187 -0.249494 0.000000 -0.041582
186 12:00:01.850 0.000000 0.000000 0.000000 0.000000 -0.231435 -0.427097 9.609037 -0.129410 -0.077646 -0.038823 -0.310583 0.000000 -0.051764
187 12:00:01.860 0.000000 0.000000 0.000000 0.000000 -0.229056 -0.397606 9.574538 -0.154508 -0.092705 -0.046353 -0.370820 0.000000 -0.061803
188 12:00:01.870 0.000000 0.000000 0.000000 0.000000 -0.273851 -0.409179 9.575342 -0.179184 -0.107510 -0.053755 -0.430042 0.000000 -0.071674
189 12:00:01.880 0.000000 0.000000 0.000000 0.000000 -0.346642 -0.363486 9.441323 -0.203368 -0.122021 -0.061010 -0.488084 0.000000 -0.081347
190 12:00:01.890 0.000000 0.000000 0.000000 0.000000 -0.372044 -0.329085 9.505496 -0.226995 -0.136197 -0.068099 -0.544789 0.000000 -0.090798
191 12:00:01.900 0.000000 0.000000 0.000000 0.000000 -0.391360 -0.345849 9.477988 -0.250000 -0.150000 -0.075000 -0.600000 0.000000 -0.100000
192 12:00:01.910 0.000000 0.000000 0.000000 0.000000 -0.446204 -0.324864 9.401074 -0.272320 -0.163392 -0.081696 -0.653567 0.000000 -0.108928
193 12:00:01.920 0.000000 0.000000 0.000000 0.000000 -0.478302 -0.335251 9.442848 -0.293893 -0.176336 -0.088168 -0.705342 0.000000 -0.117557
194 12:00:01.930 0.000000 0.000000 0.000000 0.000000 -0.499687 -0.322287 9.398302 -0.314660 -0.188796 -0.094398 -0.755184 0.000000 -0.125864
195 12:00:01.940 0.000000 0.000000 0.000000 0.000000 -0.552830 -0.304247 9.354922 -0.334565 -0.200739 -0.100370 -0.802957 0.000000 -0.133826
196 12:00:01.950 0.000000 0.000000 0.000000 0.000000 -0.584399 -0.290325 9.313551 -0.353553 -0.212132 -0.106066 -0.848528 0.000000 -0.141421
197 12:00:01.960 0.000000 0.000000 0.000000 0.000000 -0.620500 -0.272661 9.308358 -0.371572 -0.222943 -0.111472 -0.891774 0.000000 -0.148629
198 12:00:01.970 0.000000 0.000000 0.000000 0.000000 -0.606820 -0.214152 9.229816 -0.388573 -0.233144 -0.116572 -0.932575 0.000000 -0.155429
199 12:00:01.980 0.000000 0.000000 0.000000 0.000000 -0.622738 -0.221691 9.266869 -0.404508 -0.242705 -0.121353 -0.970820 0.000000 -0.161803
200 12:00:01.990 0.000000 0.000000 0.000000 0.000000 -0.698686 -0.209446 9.183111 -0.419335 -0.251601 -0.125801 -1.006405 0.000000 -0.167734
201 12:00:02.000 0.000000 0.000000 0.000000 0.000000 -0.719235 -0.195797 9.249912 -0.433013 -0.259808 -0.129904 -1.039230 0.000000 -0.173205
202 12:00:02.010 0.000000 0.000000 0.000000 0.000000 -0.720293 -0.161317 9.213102 -0.445503 -0.267302 -0.133651 -1.069208 0.000000 -0.178201
203 12:00:02.020 0.000000 0.000000 0.000000 0.000000 -0.720601 -0.127315 9.099606 -0.456773 -0.274064 -0.137032 -1.096255 0.000000 -0.182709
204 12:00:02.030 0.000000 0.000000 0.000000 0.000000 -0.750731 -0.159103 9.173501 -0.466790 -0.280074 -0.140037 -1.120297 0.000000 -0.186716
205 12:00:02.040 0.000000 0.000000 0.000000 0.000000 -0.771957 -0.098896 9.162210 -0.475528 -0.285317 -0.142658 -1.141268 0.000000 -0.190211
206 12:00:02.050 0.000000 0.000000 0.000000 0.000000 -0.735155 -0.092508 9.117023 -0.482963 -0.289778 -0.144889 -1.159111 0.000000 -0.193185
207 12:00:02.060 0.000000 0.000000 0.000000 0.000000 -0.780224 -0.078120 9.120176 -0.489074 -0.293444 -0.146722 -1.173777 0.000000 -0.195630
208 12:00:02.070 0.000000 0.000000 0.000000 0.000000 -0.802405 -0.045488 9.191586 -0.493844 -0.296307 -0.148153 -1.185226 0.000000 -0.197538
209 12:00:02.080 0.000000 0.000000 0.000000 0.000000 -0.792283 -0.056968 9.102146 -0.497261 -0.298357 -0.149178 -1.193426 0.000000 -0.198904
210 12:00:02.090 0.000000 0.000000 0.000000 0.000000 -0.812299 -0.041441 9.144589 -0.499315 -0.299589 -0.149794 -1.198355 0.000000 -0.199726
211 12:00:02.100 0.000000 0.000000 0.000000 0.000000 -0.777707 -0.012658 9.070757 -0.500000 -0.300000 -0.150000 -1.200000 0.000000 -0.200000
212 12:00:02.110 0.000000 0.000000 0.000000 0.000000 -0.828423 -0.022992 9.062475 -0.499315 -0.299589 -0.149794 -1.198355 0.000000 -0.199726
213 12:00:02.120 0.000000 0.000000 0.000000 0.000000 -0.789459 0.021111 9.112698 -0.497261 -0.298357 -0.149178 -1.193426 0.000000 -0.198904
214 12:00:02.130 0.000000 0.000000 0.000000 0.000000 -0.804455 0.090936 9.149479 -0.493844 -0.296307 -0.148153 -1.185226 0.000000 -0.197538
215 12:00:02.140 0.000000 0.000000 0.000000 0.000000 -0.754399 0.060179 9.189167 -0.489074 -0.293444 -0.146722 -1.173777 0.000000 -0.195630
216 12:00:02.150 0.000000 0.000000 0.000000 0.000000 -0.778972 0.088031 9.163915 -0.482963 -0.289778 -0.144889 -1.159111 0.000000 -0.193185
217 12:00:02.160 0.000000 0.000000 0.000000 0.000000 -0.774738 0.125227 9.154817 -0.475528 -0.285317 -0.142658 -1.141268 0.000000 -0.190211
218 12:00:02.170 0.000000 0.000000 0.000000 0.000000 -0.762835 0.119217 9.093925 -0.466790 -0.280074 -0.140037 -1.120297 0.000000 -0.186716
219 12:00:02.180 0.000000 0.000000 0.000000 0.000000 -0.719764 0.192462 9.175956 -0.456773 -0.274064 -0.137032 -1.096255 0.000000 -0.182709
220 12:00:02.190 0.000000 0.000000 0.000000 0.000000 -0.697091 0.212128 9.208037 -0.445503 -0.267302 -0.133651 -1.069208 0.000000 -0.178201
221 12:00:02.200 0.000000 0.000000 0.000000 0.000000 -0.730144 0.196688 9.193837 -0.433013 -0.259808 -0.129904 -1.039230 0.000000 -0.173205
222 12:00:02.210 0.000000 0.000000 0.000000 0.000000 -0.695623 0.189034 9.184930 -0.419335 -0.251601 -0.125801 -1.006405 0.000000 -0.167734
223 12:00:02.220 0.000000 0.000000 0.000000 0.000000 -0.654204 0.243965 9.293396 -0.404508 -0.242705 -0.121353 -0.970820 0.000000 -0.161803
224 12:00:02.230 0.000000 0.000000 0.000000 0.000000 -0.641771 0.235173 9.264357 -0.388573 -0.233144 -0.116572 -0.932575 0.000000 -0.155429
225 12:00:02.240 0.000000 0.000000 0.000000 0.000000 -0.549182 0.273729 9.253466 -0.371572 -0.222943 -0.111472 -0.891774 0.000000 -0.148629
226 12:00:02.250 0.000000 0.000000 0.000000 0.000000 -0.571293 0.267830 9.330818 -0.353553 -0.212132 -0.106066 -0.848528 0.000000 -0.141421
227 12:00:02.260 0.000000 0.000000 0.000000 0.000000 -0.537899 0.308362 9.359493 -0.334565 -0.200739 -0.100370 -0.802957 0.000000 -0.133826
228 12:00:02.270 0.000000 0.000000 0.000000 0.000000 -0.476837 0.348537 9.339681 -0.314660 -0.188796 -0.094398 -0.755184 0.000000 -0.125864
229 12:00:02.280 0.000000 0.000000 0.000000 0.000000 -0.424476 0.332834 9.394338 -0.293893 -0.176336 -0.088168 -0.705342 0.000000 -0.117557
230 12:00:02.290 0.000000 0.000000 0.000000 0.000000 -0.456342 0.308967 9.349095 -0.272320 -0.163392 -0.081696 -0.653567 0.000000 -0.108928
231 12:00:02.300 0.000000 0.000000 0.000000 0.000000 -0.366860 0.351425 9.455264 -0.250000 -0.150000 -0.075000 -0.600000 0.000000 -0.100000
232 12:00:02.310 0.000000 0.000000 0.000000 0.000000 -0.358500 0.380999 9.512293 -0.226995 -0.136197 -0.068099 -0.544789 0.000000 -0.090798
233 12:00:02.320 0.000000 0.000000 0.000000 0.000000 -0.340334 0.353816 9.452349 -0.203368 -0.122021 -0.061010 -0.488084 0.000000 -0.081347
234 12:00:02.330 0.000000 0.000000 0.000000 0.000000 -0.312788 0.405312 9.549541 -0.179184 -0.107510 -0.053755 -0.430042 0.000000 -0.071674
235 12:00:02.340 0.000000 0.000000 0.000000 0.000000 -0.249561 0.377837 9.552779 -0.154508 -0.092705 -0.046353 -0.370820 0.000000 -0.061803
236 12:00:02.350 0.000000 0.000000 0.000000 0.000000 -0.182719 0.400979 9.639445 -0.129410 -0.077646 -0.038823 -0.310583 0.000000 -0.051764
237 12:00:02.360 0.000000 0.000000 0.000000 0.000000 -0.155072 0.379518 9.700036 -0.103956 -0.062374 -0.031187 -0.249494 0.000000 -0.041582
238 12:00:02.370 0.000000 0.000000 0.000000 0.000000 -0.151473 0.326481 9.675422 -0.078217 -0.046930 -0.023465 -0.187721 0.000000 -0.031287
239 12:00:02.380 0.000000 0.000000 0.000000 0.000000 -0.098300 0.397413 9.752682 -0.052264 -0.031359 -0.015679 -0.125434 0.000000 -0.020906
240 12:00:02.390 0.000000 0.000000 0.000000 0.000000 -0.052139 0.385201 9.795961 -0.026168 -0.015701 -0.007850 -0.062803 0.000000 -0.010467
241 12:00:02.400 0.000000 83.363891 0.000000 4.098375 0.017822 0.432254 9.835729 0.000000 0.000000 0.000000 0.000000 0.000000 0.000000
242 12:00:02.410 5.625973 89.004901 5.118890 0.000000 0.021647 0.386171 9.874488 0.026168 0.015701 0.007850 0.062803 0.000000 0.010467
243 12:00:02.420 6.057475 109.077659 23.031161 2.372164 0.081257 0.424263 9.870679 0.052264 0.031359 0.015679 0.125434 0.000000 0.020906
244 12:00:02.430 4.262566 143.634913 4.566868 6.215590 0.103461 0.408958 9.950184 0.078217 0.046930 0.023465 0.187721 0.000000 0.031287
245 12:00:02.440 14.660923 148.540590 2.068414 0.000000 0.142539 0.360297 9.936589 0.103956 0.062374 0.031187 0.249494 0.000000 0.041582
246 12:00:02.450 4.957203 156.260248 14.998902 0.918401 0.228620 0.342450 9.949188 0.129410 0.077646 0.038823 0.310583 0.000000 0.051764
247 12:00:02.460 16.635096 155.536702 0.000000 5.106068 0.285268 0.342370 10.011561 0.154508 0.092705 0.046353 0.370820 0.000000 0.061803
248 12:00:02.470 0.656022 175.562981 13.386478 0.000000 0.271132 0.370539 10.075414 0.179184 0.107510 0.053755 0.430042 0.000000 0.071674
249 12:00:02.480 1.754653 191.313293 5.424472 0.000000 0.314055 0.352758 10.074922 0.203368 0.122021 0.061010 0.488084 0.000000 0.081347
250 12:00:02.490 0.684385 216.615057 10.012791 2.963840 0.340353 0.325106 10.124482 0.226995 0.136197 0.068099 0.544789 0.000000 0.090798
251 12:00:02.500 16.576208 199.560013 34.564621 1.292413 0.370526 0.338755 10.195403 0.250000 0.150000 0.075000 0.600000 0.000000 0.100000
252 12:00:02.510 13.251998 207.738615 20.910205 0.899428 0.434404 0.338723 10.186719 0.272320 0.163392 0.081696 0.653567 0.000000 0.108928
253 12:00:02.520 2.875618 198.719242 13.847181 0.000000 0.469028 0.281975 10.237464 0.293893 0.176336 0.088168 0.705342 0.000000 0.117557
254 12:00:02.530 0.000000 192.570147 9.674979 0.000000 0.527954 0.330987 10.229387 0.314660 0.188796 0.094398 0.755184 0.000000 0.125864
255 12:00:02.540 0.000000 203.493264 17.905958 0.000000 0.563445 0.283245 10.339868 0.334565 0.200739 0.100370 0.802957 0.000000 0.133826
256 12:00:02.550 0.000000 197.587099 32.577083 0.138023 0.550440 0.298528 10.273071 0.353553 0.212132 0.106066 0.848528 0.000000 0.141421
257 12:00:02.560 0.000000 159.635108 39.957333 0.000000 0.591045 0.284625 10.332246 0.371572 0.222943 0.111472 0.891774 0.000000 0.148629
258 12:00:02.570 0.000000 149.752010 39.655185 9.221249 0.625373 0.232173 10.353773 0.388573 0.233144 0.116572 0.932575 0.000000 0.155429
259 12:00:02.580 0.000000 140.942779 17.174629 13.805899 0.641771 0.226164 10.387659 0.404508 0.242705 0.121353 0.970820 0.000000 0.161803
260 12:00:02.590 2.510985 118.220793 35.566844 2.028230 0.654714 0.241793 10.402748 0.419335 0.251601 0.125801 1.006405 0.000000 0.167734
261 12:00:02.600 0.000000 104.000625 46.857765 0.000000 0.683747 0.239851 10.393306 0.433013 0.259808 0.129904 1.039230 0.000000 0.173205
262 12:00:02.610 0.000000 92.565049 56.605431 17.737061 0.737151 0.156930 10.441049 0.445503 0.267302 0.133651 1.069208 0.000000 0.178201
263 12:00:02.620 0.000000 73.471292 65.619577 12.362232 0.743055 0.141630 10.456789 0.456773 0.274064 0.137032 1.096255 0.000000 0.182709
264 12:00:02.630 14.450929 63.378961 45.023503 25.209018 0.790095 0.168298 10.461955 0.466790 0.280074 0.140037 1.120297 0.000000 0.186716
265 12:00:02.640 3.857539 60.052251 70.084979 6.814643 0.751116 0.103720 10.497457 0.475528 0.285317 0.142658 1.141268 0.000000 0.190211
266 12:00:02.650 3.992554 49.106544 67.116981 9.069816 0.764895 0.128836 10.510372 0.482963 0.289778 0.144889 1.159111 0.000000 0.193185
267 12:00:02.660 3.840379 26.414268 53.703436 10.226916 0.780771 0.074148 10.519701 0.489074 0.293444 0.146722 1.173777 0.000000 0.195630
268 12:00:02.670 22.619611 30.263199 65.894984 8.011149 0.796247 0.060774 10.435010 0.493844 0.296307 0.148153 1.185226 0.000000 0.197538
269 12:00:02.680 26.111114 2.212397 76.500718 11.152393 0.838070 0.027884 10.508159 0.497261 0.298357 0.149178 1.193426 0.000000 0.198904
270 12:00:02.690 18.745218 23.325635 67.872104 18.029514 0.787184 0.008619 10.487606 0.499315 0.299589 0.149794 1.198355 0.000000 0.199726
271 12:00:02.700 23.569957 11.037444 79.903776 35.700093 0.798153 -0.037047 10.489550 0.500000 0.300000 0.150000 1.200000 0.000000 0.200000
272 12:00:02.710 32.477998 0.000000 70.535402 26.285535 0.825826 -0.026436 10.503246 0.499315 0.299589 0.149794 1.198355 0.000000 0.199726
273 12:00:02.720 34.277610 18.327293 72.012811 48.156514 0.780628 -0.025882 10.501090 0.497261 0.298357 0.149178 1.193426 0.000000 0.198904
274 12:00:02.730 47.710924 7.654971 82.671004 40.268837 0.795798 -0.055900 10.547666 0.493844 0.296307 0.148153 1.185226 0.000000 0.197538
275 12:00:02.740 32.917054 0.000000 63.266613 44.137227 0.763038 -0.070182 10.476335 0.489074 0.293444 0.146722 1.173777 0.000000 0.195630
276 12:00:02.750 41.189286 0.000000 69.863482 54.703293 0.763405 -0.083524 10.485811 0.482963 0.289778 0.144889 1.159111 0.000000 0.193185
277 12:00:02.760 30.142512 0.000000 55.828398 56.107850 0.757663 -0.135876 10.471102 0.475528 0.285317 0.142658 1.141268 0.000000 0.190211
278 12:00:02.770 78.352077 0.294490 55.413966 73.619565 0.747069 -0.138013 10.444806 0.466790 0.280074 0.140037 1.120297 0.000000 0.186716
279 12:00:02.780 68.310021 9.277104 54.069836 66.225118 0.727148 -0.155763 10.463921 0.456773 0.274064 0.137032 1.096255 0.000000 0.182709
280 12:00:02.790 72.328166 14.671576 56.017020 75.047695 0.711073 -0.158620 10.447783 0.445503 0.267302 0.133651 1.069208 0.000000 0.178201
281 12:00:02.800 79.785299 7.589142 53.815706 85.923573 0.702297 -0.186772 10.397762 0.433013 0.259808 0.129904 1.039230 0.000000 0.173205
282 12:00:02.810 80.296707 2.905304 29.634306 97.308381 0.660712 -0.214696 10.358789 0.419335 0.251601 0.125801 1.006405 0.000000 0.167734
283 12:00:02.820 86.100991 0.000000 29.483811 85.416083 0.631781 -0.220363 10.373082 0.404508 0.242705 0.121353 0.970820 0.000000 0.161803
284 12:00:02.830 79.342336 0.000000 21.984219 91.533793 0.627434 -0.195860 10.357275 0.388573 0.233144 0.116572 0.932575 0.000000 0.155429
285 12:00:02.840 98.043906 0.937873 32.688384 106.313232 0.577011 -0.271949 10.324311 0.371572 0.222943 0.111472 0.891774 0.000000 0.148629
286 12:00:02.850 82.734200 0.133435 24.396583 106.499320 0.583719 -0.257269 10.273033 0.353553 0.212132 0.106066 0.848528 0.000000 0.141421
287 12:00:02.860 78.299197 0.000000 16.823964 100.362931 0.524763 -0.318795 10.292962 0.334565 0.200739 0.100370 0.802957 0.000000 0.133826
288 12:00:02.870 87.678599 10.390075 9.893981 93.205413 0.505916 -0.338873 10.234033 0.314660 0.188796 0.094398 0.755184 0.000000 0.125864
289 12:00:02.880 101.384515 0.000000 11.030724 111.837432 0.471251 -0.346858 10.231574 0.293893 0.176336 0.088168 0.705342 0.000000 0.117557
290 12:00:02.890 109.191657 6.265732 22.354715 89.265549 0.468727 -0.348173 10.205475 0.272320 0.163392 0.081696 0.653567 0.000000 0.108928
291 12:00:02.900 80.202740 0.000000 24.330365 86.910935 0.367910 -0.377571 10.116928 0.250000 0.150000 0.075000 0.600000 0.000000 0.100000
292 12:00:02.910 65.470441 2.361098 0.000000 79.343566 0.354128 -0.350966 10.111458 0.226995 0.136197 0.068099 0.544789 0.000000 0.090798
293 12:00:02.920 63.636345 11.518533 15.586830 80.845987 0.357721 -0.403392 10.068334 0.203368 0.122021 0.061010 0.488084 0.000000 0.081347
294 12:00:02.930 67.769769 12.731224 9.326308 83.271715 0.317137 -0.367853 10.048377 0.179184 0.107510 0.053755 0.430042 0.000000 0.071674
295 12:00:02.940 60.686660 21.504703 0.000000 83.247885 0.252888 -0.350675 10.033073 0.154508 0.092705 0.046353 0.370820 0.000000 0.061803
296 12:00:02.950 62.407394 10.521470 1.112049 76.215146 0.167015 -0.388258 9.970890 0.129410 0.077646 0.038823 0.310583 0.000000 0.051764
297 12:00:02.960 68.883213 19.266965 14.039048 84.521527 0.182062 -0.414268 9.917628 0.103956 0.062374 0.031187 0.249494 0.000000 0.041582
298 12:00:02.970 42.231797 16.112087 0.000000 40.180626 0.105649 -0.388532 9.940183 0.078217 0.046930 0.023465 0.187721 0.000000 0.031287
299 12:00:02.980 41.767223 0.000000 3.385242 59.747048 0.094066 -0.398248 9.897757 0.052264 0.031359 0.015679 0.125434 0.000000 0.020906
300 12:00:02.990 26.628883 0.799040 0.000000 39.909499 0.031628 -0.419200 9.855551 0.026168 0.015701 0.007850 0.062803 0.000000 0.010467
301 12:00:03.000 30.514030 18.667556 0.000000 47.166331 -0.015010 -0.429569 9.831727 0.000000 0.000000 0.000000 0.000000 0.000000 0.000000
302 12:00:03.010 29.309317 0.000000 0.000000 31.630151 -0.086437 -0.369954 9.792519 -0.026168 -0.015701 -0.007850 -0.062803 0.000000 -0.010467
303 12:00:03.020 0.000000 0.000000 0.000000 0.000000 -0.079753 -0.402312 9.707348 -0.052264 -0.031359 -0.015679 -0.125434 0.000000 -0.020906
304 12:00:03.030 0.000000 0.000000 0.000000 0.000000 -0.116541 -0.350840 9.727175 -0.078217 -0.046930 -0.023465 -0.187721 0.000000 -0.031287
305 12:00:03.040 0.000000 0.000000 0.000000 0.000000 -0.142100 -0.419020 9.598788 -0.103956 -0.062374 -0.031187 -0.249494 0.000000 -0.041582
306 12:00:03.050 0.000000 0.000000 0.000000 0.000000 -0.196377 -0.376332 9.634671 -0.129410 -0.077646 -0.038823 -0.310583 0.000000 -0.051764
307 12:00:03.060 0.000000 0.000000 0.000000 0.000000 -0.203495 -0.387891 9.564383 -0.154508 -0.092705 -0.046353 -0.370820 0.000000 -0.061803
308 12:00:03.070 0.000000 0.000000 0.000000 0.000000 -0.307547 -0.380427 9.570909 -0.179184 -0.107510 -0.053755 -0.430042 0.000000 -0.071674
309 12:00:03.080 0.000000 0.000000 0.000000 0.000000 -0.298846 -0.363912 9.550069 -0.203368 -0.122021 -0.061010 -0.488084 0.000000 -0.081347
310 12:00:03.090 0.000000 0.000000 0.000000 0.000000 -0.349240 -0.366725 9.496685 -0.226995 -0.136197 -0.068099 -0.544789 0.000000 -0.090798
311 12:00:03.100 0.000000 0.000000 0.000000 0.000000 -0.427420 -0.373274 9.453539 -0.250000 -0.150000 -0.075000 -0.600000 0.000000 -0.100000
312 12:00:03.110 0.000000 0.000000 0.000000 0.000000 -0.470137 -0.355799 9.426674 -0.272320 -0.163392 -0.081696 -0.653567 0.000000 -0.108928
313 12:00:03.120 0.000000 0.000000 0.000000 0.000000 -0.454038 -0.352265 9.398894 -0.293893 -0.176336 -0.088168 -0.705342 0.000000 -0.117557
314 12:00:03.130 0.000000 0.000000 0.000000 0.000000 -0.451397 -0.283702 9.398302 -0.314660 -0.188796 -0.094398 -0.755184 0.000000 -0.125864
315 12:00:03.140 0.000000 0.000000 0.000000 0.000000 -0.539203 -0.287300 9.374851 -0.334565 -0.200739 -0.100370 -0.802957 0.000000 -0.133826
316 12:00:03.150 0.000000 0.000000 0.000000 0.000000 -0.567833 -0.286562 9.310827 -0.353553 -0.212132 -0.106066 -0.848528 0.000000 -0.141421
317 12:00:03.160 0.000000 0.000000 0.000000 0.000000 -0.566256 -0.259902 9.324740 -0.371572 -0.222943 -0.111472 -0.891774 0.000000 -0.148629
318 12:00:03.170 0.000000 0.000000 0.000000 0.000000 -0.619714 -0.240555 9.302193 -0.388573 -0.233144 -0.116572 -0.932575 0.000000 -0.155429
319 12:00:03.180 0.000000 0.000000 0.000000 0.000000 -0.629584 -0.231093 9.237069 -0.404508 -0.242705 -0.121353 -0.970820 0.000000 -0.161803
320 12:00:03.190 0.000000 0.000000 0.000000 0.000000 -0.647685 -0.188657 9.222912 -0.419335 -0.251601 -0.125801 -1.006405 0.000000 -0.167734
321 12:00:03.200 0.000000 0.000000 0.000000 0.000000 -0.708378 -0.205187 9.230736 -0.433013 -0.259808 -0.129904 -1.039230 0.000000 -0.173205
322 12:00:03.210 0.000000 0.000000 0.000000 0.000000 -0.686553 -0.151533 9.236812 -0.445503 -0.267302 -0.133651 -1.069208 0.000000 -0.178201
323 12:00:03.220 0.000000 0.000000 0.000000 0.000000 -0.730269 -0.149218 9.154621 -0.456773 -0.274064 -0.137032 -1.096255 0.000000 -0.182709
324 12:00:03.230 0.000000 0.000000 0.000000 0.000000 -0.756706 -0.139491 9.178818 -0.466790 -0.280074 -0.140037 -1.120297 0.000000 -0.186716
325 12:00:03.240 0.000000 0.000000 0.000000 0.000000 -0.776874 -0.169844 9.188079 -0.475528 -0.285317 -0.142658 -1.141268 0.000000 -0.190211
326 12:00:03.250 0.000000 0.000000 0.000000 0.000000 -0.755747 -0.104783 9.209772 -0.482963 -0.289778 -0.144889 -1.159111 0.000000 -0.193185
327 12:00:03.260 0.000000 0.000000 0.000000 0.000000 -0.768841 -0.094400 9.137790 -0.489074 -0.293444 -0.146722 -1.173777 0.000000 -0.195630
328 12:00:03.270 0.000000 0.000000 0.000000 0.000000 -0.816491 -0.072877 9.119108 -0.493844 -0.296307 -0.148153 -1.185226 0.000000 -0.197538
329 12:00:03.280 0.000000 0.000000 0.000000 0.000000 -0.796937 -0.038557 9.135441 -0.497261 -0.298357 -0.149178 -1.193426 0.000000 -0.198904
330 12:00:03.290 0.000000 0.000000 0.000000 0.000000 -0.803651 -0.012802 9.057670 -0.499315 -0.299589 -0.149794 -1.198355 0.000000 -0.199726
331 12:00:03.300 0.000000 0.000000 0.000000 0.000000 -0.824806 0.004872 9.111499 -0.500000 -0.300000 -0.150000 -1.200000 0.000000 -0.200000
332 12:00:03.310 0.000000 0.000000 0.000000 0.000000 -0.809697 0.073457 9.118695 -0.499315 -0.299589 -0.149794 -1.198355 0.000000 -0.199726
333 12:00:03.320 0.000000 0.000000 0.000000 0.000000 -0.791369 0.035946 9.105323 -0.497261 -0.298357 -0.149178 -1.193426 0.000000 -0.198904
334 12:00:03.330 0.000000 0.000000 0.000000 0.000000 -0.787559 0.049028 9.129520 -0.493844 -0.296307 -0.148153 -1.185226 0.000000 -0.197538
335 12:00:03.340 0.000000 0.000000 0.000000 0.000000 -0.757245 0.079153 9.055173 -0.489074 -0.293444 -0.146722 -1.173777 0.000000 -0.195630
336 12:00:03.350 0.000000 0.000000 0.000000 0.000000 -0.746928 0.110738 9.138594 -0.482963 -0.289778 -0.144889 -1.159111 0.000000 -0.193185
337 12:00:03.360 0.000000 0.000000 0.000000 0.000000 -0.778635 0.125940 9.171173 -0.475528 -0.285317 -0.142658 -1.141268 0.000000 -0.190211
338 12:00:03.370 0.000000 0.000000 0.000000 0.000000 -0.744541 0.122634 9.132153 -0.466790 -0.280074 -0.140037 -1.120297 0.000000 -0.186716
339 12:00:03.380 0.000000 0.000000 0.000000 0.000000 -0.769083 0.163227 9.245515 -0.456773 -0.274064 -0.137032 -1.096255 0.000000 -0.182709
340 12:00:03.390 0.000000 0.000000 0.000000 0.000000 -0.705632 0.188518 9.211885 -0.445503 -0.267302 -0.133651 -1.069208 0.000000 -0.178201
341 12:00:03.400 0.000000 0.000000 0.000000 0.000000 -0.689740 0.180885 9.212555 -0.433013 -0.259808 -0.129904 -1.039230 0.000000 -0.173205
342 12:00:03.410 0.000000 0.000000 0.000000 0.000000 -0.674299 0.226518 9.199434 -0.419335 -0.251601 -0.125801 -1.006405 0.000000 -0.167734
343 12:00:03.420 0.000000 0.000000 0.000000 0.000000 -0.675160 0.219147 9.276604 -0.404508 -0.242705 -0.121353 -0.970820 0.000000 -0.161803
344 12:00:03.430 0.000000 0.000000 0.000000 0.000000 -0.654620 0.258600 9.252085 -0.388573 -0.233144 -0.116572 -0.932575 0.000000 -0.155429
345 12:00:03.440 0.000000 0.000000 0.000000 0.000000 -0.623439 0.272344 9.281176 -0.371572 -0.222943 -0.111472 -0.891774 0.000000 -0.148629
346 12:00:03.450 0.000000 0.000000 0.000000 0.000000 -0.558790 0.239140 9.318989 -0.353553 -0.212132 -0.106066 -0.848528 0.000000 -0.141421
347 12:00:03.460 0.000000 0.000000 0.000000 0.000000 -0.546312 0.321494 9.309002 -0.334565 -0.200739 -0.100370 -0.802957 0.000000 -0.133826
348 12:00:03.470 0.000000 0.000000 0.000000 0.000000 -0.500451 0.309045 9.365132 -0.314660 -0.188796 -0.094398 -0.755184 0.000000 -0.125864
349 12:00:03.480 0.000000 0.000000 0.000000 0.000000 -0.468060 0.324579 9.381924 -0.293893 -0.176336 -0.088168 -0.705342 0.000000 -0.117557
350 12:00:03.490 0.000000 0.000000 0.000000 0.000000 -0.454226 0.349406 9.436940 -0.272320 -0.163392 -0.081696 -0.653567 0.000000 -0.108928
351 12:00:03.500 0.000000 0.000000 0.000000 0.000000 -0.388044 0.344139 9.439282 -0.250000 -0.150000 -0.075000 -0.600000 0.000000 -0.100000
352 12:00:03.510 0.000000 0.000000 0.000000 0.000000 -0.390268 0.348320 9.512420 -0.226995 -0.136197 -0.068099 -0.544789 0.000000 -0.090798
353 12:00:03.520 0.000000 0.000000 0.000000 0.000000 -0.301613 0.379042 9.616210 -0.203368 -0.122021 -0.061010 -0.488084 0.000000 -0.081347
354 12:00:03.530 0.000000 0.000000 0.000000 0.000000 -0.279193 0.360950 9.561507 -0.179184 -0.107510 -0.053755 -0.430042 0.000000 -0.071674
355 12:00:03.540 0.000000 0.000000 0.000000 0.000000 -0.274408 0.414382 9.612267 -0.154508 -0.092705 -0.046353 -0.370820 0.000000 -0.061803
356 12:00:03.550 0.000000 0.000000 0.000000 0.000000 -0.204141 0.404038 9.639775 -0.129410 -0.077646 -0.038823 -0.310583 0.000000 -0.051764
357 12:00:03.560 0.000000 0.000000 0.000000 0.000000 -0.190319 0.388084 9.683929 -0.103956 -0.062374 -0.031187 -0.249494 0.000000 -0.041582
358 12:00:03.570 0.000000 0.000000 0.000000 0.000000 -0.143344 0.378220 9.692161 -0.078217 -0.046930 -0.023465 -0.187721 0.000000 -0.031287
359 12:00:03.580 0.000000 0.000000 0.000000 0.000000 -0.078879 0.378556 9.763874 -0.052264 -0.031359 -0.015679 -0.125434 0.000000 -0.020906
360 12:00:03.590 0.000000 0.000000 0.000000 0.000000 -0.037119 0.378558 9.775779 -0.026168 -0.015701 -0.007850 -0.062803 0.000000 -0.010467
361 12:00:03.600 0.862538 70.816942 11.011662 10.469086 -0.042584 0.402405 9.872833 0.000000 0.000000 0.000000 0.000000 0.000000 0.000000
362 12:00:03.610 0.000000 81.690760 3.967596 6.627658 0.066283 0.401275 9.874897 0.026168 0.015701 0.007850 0.062803 0.000000 0.010467
363 12:00:03.620 4.237424 95.199128 6.979872 0.000000 0.081790 0.378548 9.913365 0.052264 0.031359 0.015679 0.125434 0.000000 0.020906
364 12:00:03.630 0.357329 124.307943 14.134990 0.000000 0.151385 0.417873 9.945045 0.078217 0.046930 0.023465 0.187721 0.000000 0.031287
365 12:00:03.640 0.000000 159.523103 4.298231 0.000000 0.129776 0.434432 9.938299 0.103956 0.062374 0.031187 0.249494 0.000000 0.041582
366 12:00:03.650 1.602430 160.457786 0.000000 0.000000 0.226666 0.362604 10.024391 0.129410 0.077646 0.038823 0.310583 0.000000 0.051764
367 12:00:03.660 24.468101 165.909552 0.000000 4.081893 0.228872 0.368736 10.040455 0.154508 0.092705 0.046353 0.370820 0.000000 0.061803
368 12:00:03.670 0.000000 191.361994 6.778421 0.000000 0.273088 0.373811 10.075107 0.179184 0.107510 0.053755 0.430042 0.000000 0.071674
369 12:00:03.680 14.015204 196.067367 0.000000 0.000000 0.313714 0.359635 10.091289 0.203368 0.122021 0.061010 0.488084 0.000000 0.081347
370 12:00:03.690 0.000000 197.527457 12.172789 0.000000 0.380349 0.376013 10.119512 0.226995 0.136197 0.068099 0.544789 0.000000 0.090798
371 12:00:03.700 0.000000 189.092034 23.983150 5.145126 0.384830 0.341096 10.195049 0.250000 0.150000 0.075000 0.600000 0.000000 0.100000
372 12:00:03.710 0.000000 210.395101 4.129913 3.112601 0.427260 0.285097 10.179090 0.272320 0.163392 0.081696 0.653567 0.000000 0.108928
373 12:00:03.720 0.000000 210.041547 14.111462 0.000000 0.473883 0.296859 10.258136 0.293893 0.176336 0.088168 0.705342 0.000000 0.117557
374 12:00:03.730 2.059357 201.361785 14.210117 0.000000 0.513565 0.273489 10.233308 0.314660 0.188796 0.094398 0.755184 0.000000 0.125864
375 12:00:03.740 0.000000 187.438357 27.693392 0.000000 0.538380 0.317731 10.260008 0.334565 0.200739 0.100370 0.802957 0.000000 0.133826
376 12:00:03.750 6.052279 179.107728 26.355654 14.464687 0.560597 0.290967 10.295623 0.353553 0.212132 0.106066 0.848528 0.000000 0.141421
377 12:00:03.760 0.000000 147.566413 40.032419 3.045385 0.603174 0.248436 10.260648 0.371572 0.222943 0.111472 0.891774 0.000000 0.148629
378 12:00:03.770 15.981527 165.734501 35.656725 5.239427 0.631947 0.245014 10.318819 0.388573 0.233144 0.116572 0.932575 0.000000 0.155429
379 12:00:03.780 8.530908 145.080810 17.815270 6.588071 0.616564 0.218350 10.371861 0.404508 0.242705 0.121353 0.970820 0.000000 0.161803
380 12:00:03.790 2.161222 124.991552 50.452449 11.343186 0.658559 0.248830 10.435017 0.419335 0.251601 0.125801 1.006405 0.000000 0.167734
381 12:00:03.800 0.000000 100.574770 54.490522 9.973487 0.681302 0.188365 10.412810 0.433013 0.259808 0.129904 1.039230 0.000000 0.173205
382 12:00:03.810 0.000000 109.057924 44.657032 4.145159 0.723148 0.194027 10.419368 0.445503 0.267302 0.133651 1.069208 0.000000 0.178201
383 12:00:03.820 0.000000 72.169976 56.679152 0.000000 0.735923 0.133974 10.472565 0.456773 0.274064 0.137032 1.096255 0.000000 0.182709
384 12:00:03.830 0.000000 49.523053 64.505968 17.448308 0.726014 0.149700 10.442674 0.466790 0.280074 0.140037 1.120297 0.000000 0.186716
385 12:00:03.840 0.000000 53.577866 64.560282 16.854809 0.759760 0.156693 10.459701 0.475528 0.285317 0.142658 1.141268 0.000000 0.190211
386 12:00:03.850 8.424382 31.737270 41.264503 11.515225 0.756330 0.106432 10.458679 0.482963 0.289778 0.144889 1.159111 0.000000 0.193185
387 12:00:03.860 15.720603 47.431015 68.917586 18.563090 0.813521 0.075646 10.498578 0.489074 0.293444 0.146722 1.173777 0.000000 0.195630
388 12:00:03.870 6.458142 41.095999 72.815194 0.000000 0.830756 0.063960 10.577230 0.493844 0.296307 0.148153 1.185226 0.000000 0.197538
389 12:00:03.880 16.360352 19.117355 84.267413 19.017936 0.825690 0.069022 10.493730 0.497261 0.298357 0.149178 1.193426 0.000000 0.198904
390 12:00:03.890 14.342630 18.051549 55.910863 5.419055 0.770603 0.028559 10.458976 0.499315 0.299589 0.149794 1.198355 0.000000 0.199726
391 12:00:03.900 22.148076 5.360586 81.284449 10.081017 0.811797 -0.025131 10.517083 0.500000 0.300000 0.150000 1.200000 0.000000 0.200000
392 12:00:03.910 29.437207 14.486487 64.967818 24.636692 0.800470 -0.040615 10.471474 0.499315 0.299589 0.149794 1.198355 0.000000 0.199726
393 12:00:03.920 25.902305 2.022581 86.303616 43.018700 0.779641 -0.032875 10.508093 0.497261 0.298357 0.149178 1.193426 0.000000 0.198904
394 12:00:03.930 21.754109 1.601669 70.105682 35.299651 0.794859 -0.062431 10.509499 0.493844 0.296307 0.148153 1.185226 0.000000 0.197538
395 12:00:03.940 55.859944 10.254587 70.251338 43.860130 0.771678 -0.087645 10.508275 0.489074 0.293444 0.146722 1.173777 0.000000 0.195630
396 12:00:03.950 45.017753 0.000000 48.565925 70.385010 0.781106 -0.124041 10.489510 0.482963 0.289778 0.144889 1.159111 0.000000 0.193185
397 12:00:03.960 40.922143 0.000000 73.936023 56.923672 0.772800 -0.130289 10.512376 0.475528 0.285317 0.142658 1.141268 0.000000 0.190211
398 12:00:03.970 67.146182 5.038083 55.124110 64.109532 0.740297 -0.173814 10.473998 0.466790 0.280074 0.140037 1.120297 0.000000 0.186716
399 12:00:03.980 49.978762 5.073522 66.628238 58.795014 0.701723 -0.152576 10.419284 0.456773 0.274064 0.137032 1.096255 0.000000 0.182709
400 12:00:03.990 59.440924 0.000000 43.317314 75.416388 0.700303 -0.168928 10.500092 0.445503 0.267302 0.133651 1.069208 0.000000 0.178201
401 12:00:04.000 66.489890 13.409856 60.244855 96.089103 0.676691 -0.252729 10.386311 0.433013 0.259808 0.129904 1.039230 0.000000 0.173205
402 12:00:04.010 67.999340 0.000000 48.175825 86.598456 0.658715 -0.221749 10.369910 0.419335 0.251601 0.125801 1.006405 0.000000 0.167734
403 12:00:04.020 62.182063 0.000000 27.730084 83.981644 0.656346 -0.244720 10.408818 0.404508 0.242705 0.121353 0.970820 0.000000 0.161803
404 12:00:04.030 73.166960 19.563183 42.150997 85.417145 0.610230 -0.255850 10.397558 0.388573 0.233144 0.116572 0.932575 0.000000 0.155429
405 12:00:04.040 86.182587 0.000000 45.730285 100.656636 0.596536 -0.257613 10.332185 0.371572 0.222943 0.111472 0.891774 0.000000 0.148629
406 12:00:04.050 77.191150 21.413368 48.983180 90.712885 0.583232 -0.323493 10.334802 0.353553 0.212132 0.106066 0.848528 0.000000 0.141421
407 12:00:04.060 86.154328 9.549606 18.919953 93.501054 0.527685 -0.313485 10.312996 0.334565 0.200739 0.100370 0.802957 0.000000 0.133826
408 12:00:04.070 103.810572 1.181934 12.905740 83.384409 0.488340 -0.319234 10.243356 0.314660 0.188796 0.094398 0.755184 0.000000 0.125864
409 12:00:04.080 77.550801 9.915887 18.631990 103.105352 0.474073 -0.294547 10.219918 0.293893 0.176336 0.088168 0.705342 0.000000 0.117557
410 12:00:04.090 85.660612 0.000000 28.592384 97.982277 0.477209 -0.372160 10.197508 0.272320 0.163392 0.081696 0.653567 0.000000 0.108928
411 12:00:04.100 72.921546 0.691991 31.406106 99.480026 0.386529 -0.352102 10.223546 0.250000 0.150000 0.075000 0.600000 0.000000 0.100000
412 12:00:04.110 73.621888 5.557616 21.632037 77.176101 0.366709 -0.367305 10.103253 0.226995 0.136197 0.068099 0.544789 0.000000 0.090798
413 12:00:04.120 58.374988 9.403288 0.000000 82.792771 0.355968 -0.354437 10.099429 0.203368 0.122021 0.061010 0.488084 0.000000 0.081347
414 12:00:04.130 77.884153 13.455367 0.000000 92.834061 0.264943 -0.413918 10.047968 0.179184 0.107510 0.053755 0.430042 0.000000 0.071674
415 12:00:04.140 73.305903 0.000000 1.276134 72.974695 0.205383 -0.391514 10.022151 0.154508 0.092705 0.046353 0.370820 0.000000 0.061803
416 12:00:04.150 73.144099 0.000000 1.550942 40.106385 0.194509 -0.400593 9.998990 0.129410 0.077646 0.038823 0.310583 0.000000 0.051764
417 12:00:04.160 50.606162 0.000000 5.118290 84.051590 0.177274 -0.428975 9.987818 0.103956 0.062374 0.031187 0.249494 0.000000 0.041582
418 12:00:04.170 30.288310 12.357972 9.972910 64.647083 0.155704 -0.376839 9.926455 0.078217 0.046930 0.023465 0.187721 0.000000 0.031287
419 12:00:04.180 35.028062 10.893377 15.690408 44.927825 0.112596 -0.392045 9.853493 0.052264 0.031359 0.015679 0.125434 0.000000 0.020906
420 12:00:04.190 27.658703 0.000000 6.579902 61.782915 0.042511 -0.404021 9.874647 0.026168 0.015701 0.007850 0.062803 0.000000 0.010467
421 12:00:04.200 27.604938 0.000000 0.000000 28.918864 0.018471 -0.403640 9.775220 0.000000 0.000000 0.000000 0.000000 0.000000 0.000000
422 12:00:04.210 37.593285 0.000000 0.000000 36.969748 -0.043472 -0.379645 9.715510 -0.026168 -0.015701 -0.007850 -0.062803 0.000000 -0.010467
423 12:00:04.220 0.000000 0.000000 0.000000 0.000000 -0.087771 -0.396101 9.774596 -0.052264 -0.031359 -0.015679 -0.125434 0.000000 -0.020906
424 12:00:04.230 0.000000 0.000000 0.000000 0.000000 -0.102061 -0.422873 9.706804 -0.078217 -0.046930 -0.023465 -0.187721 0.000000 -0.031287
425 12:00:04.240 0.000000 0.000000 0.000000 0.000000 -0.162413 -0.382607 9.675003 -0.103956 -0.062374 -0.031187 -0.249494 0.000000 -0.041582
426 12:00:04.250 0.000000 0.000000 0.000000 0.000000 -0.210983 -0.381740 9.585286 -0.129410 -0.077646 -0.038823 -0.310583 0.000000 -0.051764
427 12:00:04.260 0.000000 0.000000 0.000000 0.000000 -0.238976 -0.415412 9.595700 -0.154508 -0.092705 -0.046353 -0.370820 0.000000 -0.061803
428 12:00:04.270 0.000000 0.000000 0.000000 0.000000 -0.274710 -0.418181 9.571437 -0.179184 -0.107510 -0.053755 -0.430042 0.000000 -0.071674
429 12:00:04.280 0.000000 0.000000 0.000000 0.000000 -0.338384 -0.384003 9.545639 -0.203368 -0.122021 -0.061010 -0.488084 0.000000 -0.081347
430 12:00:04.290 0.000000 0.000000 0.000000 0.000000 -0.387345 -0.401382 9.495661 -0.226995 -0.136197 -0.068099 -0.544789 0.000000 -0.090798
431 12:00:04.300 0.000000 0.000000 0.000000 0.000000 -0.366078 -0.334444 9.473543 -0.250000 -0.150000 -0.075000 -0.600000 0.000000 -0.100000
432 12:00:04.310 0.000000 0.000000 0.000000 0.000000 -0.425304 -0.361047 9.442406 -0.272320 -0.163392 -0.081696 -0.653567 0.000000 -0.108928
433 12:00:04.320 0.000000 0.000000 0.000000 0.000000 -0.435222 -0.341454 9.400668 -0.293893 -0.176336 -0.088168 -0.705342 0.000000 -0.117557
434 12:00:04.330 0.000000 0.000000 0.000000 0.000000 -0.489942 -0.286230 9.367378 -0.314660 -0.188796 -0.094398 -0.755184 0.000000 -0.125864
435 12:00:04.340 0.000000 0.000000 0.000000 0.000000 -0.511735 -0.336669 9.309955 -0.334565 -0.200739 -0.100370 -0.802957 0.000000 -0.133826
436 12:00:04.350 0.000000 0.000000 0.000000 0.000000 -0.547845 -0.278158 9.339184 -0.353553 -0.212132 -0.106066 -0.848528 0.000000 -0.141421
437 12:00:04.360 0.000000 0.000000 0.000000 0.000000 -0.633354 -0.303507 9.301543 -0.371572 -0.222943 -0.111472 -0.891774 0.000000 -0.148629
438 12:00:04.370 0.000000 0.000000 0.000000 0.000000 -0.630271 -0.281456 9.269691 -0.388573 -0.233144 -0.116572 -0.932575 0.000000 -0.155429
439 12:00:04.380 0.000000 0.000000 0.000000 0.000000 -0.672242 -0.269998 9.229210 -0.404508 -0.242705 -0.121353 -0.970820 0.000000 -0.161803
440 12:00:04.390 0.000000 0.000000 0.000000 0.000000 -0.634096 -0.217066 9.256597 -0.419335 -0.251601 -0.125801 -1.006405 0.000000 -0.167734
441 12:00:04.400 0.000000 0.000000 0.000000 0.000000 -0.703856 -0.190158 9.183412 -0.433013 -0.259808 -0.129904 -1.039230 0.000000 -0.173205
442 12:00:04.410 0.000000 0.000000 0.000000 0.000000 -0.726717 -0.163103 9.208291 -0.445503 -0.267302 -0.133651 -1.069208 0.000000 -0.178201
443 12:00:04.420 0.000000 0.000000 0.000000 0.000000 -0.751058 -0.174364 9.195620 -0.456773 -0.274064 -0.137032 -1.096255 0.000000 -0.182709
444 12:00:04.430 0.000000 0.000000 0.000000 0.000000 -0.789723 -0.147096 9.160289 -0.466790 -0.280074 -0.140037 -1.120297 0.000000 -0.186716
445 12:00:04.440 0.000000 0.000000 0.000000 0.000000 -0.749190 -0.111397 9.133194 -0.475528 -0.285317 -0.142658 -1.141268 0.000000 -0.190211
446 12:00:04.450 0.000000 0.000000 0.000000 0.000000 -0.763631 -0.106887 9.158504 -0.482963 -0.289778 -0.144889 -1.159111 0.000000 -0.193185
447 12:00:04.460 0.000000 0.000000 0.000000 0.000000 -0.741165 -0.077472 9.124674 -0.489074 -0.293444 -0.146722 -1.173777 0.000000 -0.195630
448 12:00:04.470 0.000000 0.000000 0.000000 0.000000 -0.782124 -0.036945 9.121161 -0.493844 -0.296307 -0.148153 -1.185226 0.000000 -0.197538
449 12:00:04.480 0.000000 0.000000 0.000000 0.000000 -0.807242 -0.067346 9.090415 -0.497261 -0.298357 -0.149178 -1.193426 0.000000 -0.198904
450 12:00:04.490 0.000000 0.000000 0.000000 0.000000 -0.792964 0.011245 9.083473 -0.499315 -0.299589 -0.149794 -1.198355 0.000000 -0.199726
451 12:00:04.500 0.000000 0.000000 0.000000 0.000000 -0.825577 -0.014607 9.111385 -0.500000 -0.300000 -0.150000 -1.200000 0.000000 -0.200000
452 12:00:04.510 0.000000 0.000000 0.000000 0.000000 -0.816234 0.013517 9.082190 -0.499315 -0.299589 -0.149794 -1.198355 0.000000 -0.199726
453 12:00:04.520 0.000000 0.000000 0.000000 0.000000 -0.813393 0.086343 9.137106 -0.497261 -0.298357 -0.149178 -1.193426 0.000000 -0.198904
454 12:00:04.530 0.000000 0.000000 0.000000 0.000000 -0.788301 0.071815 9.100240 -0.493844 -0.296307 -0.148153 -1.185226 0.000000 -0.197538
455 12:00:04.540 0.000000 0.000000 0.000000 0.000000 -0.792997 0.082542 9.167655 -0.489074 -0.293444 -0.146722 -1.173777 0.000000 -0.195630
456 12:00:04.550 0.000000 0.000000 0.000000 0.000000 -0.769185 0.125460 9.153487 -0.482963 -0.289778 -0.144889 -1.159111 0.000000 -0.193185
457 12:00:04.560 0.000000 0.000000 0.000000 0.000000 -0.736838 0.116170 9.129415 -0.475528 -0.285317 -0.142658 -1.141268 0.000000 -0.190211
458 12:00:04.570 0.000000 0.000000 0.000000 0.000000 -0.711677 0.108815 9.158060 -0.466790 -0.280074 -0.140037 -1.120297 0.000000 -0.186716
459 12:00:04.580 0.000000 0.000000 0.000000 0.000000 -0.734207 0.161916 9.202902 -0.456773 -0.274064 -0.137032 -1.096255 0.000000 -0.182709
460 12:00:04.590 0.000000 0.000000 0.000000 0.000000 -0.715615 0.175993 9.176496 -0.445503 -0.267302 -0.133651 -1.069208 0.000000 -0.178201
461 12:00:04.600 0.000000 0.000000 0.000000 0.000000 -0.722172 0.234297 9.210285 -0.433013 -0.259808 -0.129904 -1.039230 0.000000 -0.173205
462 12:00:04.610 0.000000 0.000000 0.000000 0.000000 -0.625777 0.237154 9.212366 -0.419335 -0.251601 -0.125801 -1.006405 0.000000 -0.167734
463 12:00:04.620 0.000000 0.000000 0.000000 0.000000 -0.644714 0.217216 9.215005 -0.404508 -0.242705 -0.121353 -0.970820 0.000000 -0.161803
464 12:00:04.630 0.000000 0.000000 0.000000 0.000000 -0.598781 0.249613 9.281958 -0.388573 -0.233144 -0.116572 -0.932575 0.000000 -0.155429
465 12:00:04.640 0.000000 0.000000 0.000000 0.000000 -0.612190 0.260499 9.331211 -0.371572 -0.222943 -0.111472 -0.891774 0.000000 -0.148629
466 12:00:04.650 0.000000 0.000000 0.000000 0.000000 -0.548814 0.244990 9.304968 -0.353553 -0.212132 -0.106066 -0.848528 0.000000 -0.141421
467 12:00:04.660 0.000000 0.000000 0.000000 0.000000 -0.548673 0.291984 9.299873 -0.334565 -0.200739 -0.100370 -0.802957 0.000000 -0.133826
468 12:00:04.670 0.000000 0.000000 0.000000 0.000000 -0.520252 0.331868 9.348018 -0.314660 -0.188796 -0.094398 -0.755184 0.000000 -0.125864
469 12:00:04.680 0.000000 0.000000 0.000000 0.000000 -0.434318 0.324024 9.384207 -0.293893 -0.176336 -0.088168 -0.705342 0.000000 -0.117557
470 12:00:04.690 0.000000 0.000000 0.000000 0.000000 -0.430839 0.303212 9.423985 -0.272320 -0.163392 -0.081696 -0.653567 0.000000 -0.108928
471 12:00:04.700 0.000000 0.000000 0.000000 0.000000 -0.416771 0.320590 9.480919 -0.250000 -0.150000 -0.075000 -0.600000 0.000000 -0.100000
472 12:00:04.710 0.000000 0.000000 0.000000 0.000000 -0.365792 0.332183 9.481246 -0.226995 -0.136197 -0.068099 -0.544789 0.000000 -0.090798
473 12:00:04.720 0.000000 0.000000 0.000000 0.000000 -0.328674 0.369763 9.488042 -0.203368 -0.122021 -0.061010 -0.488084 0.000000 -0.081347
474 12:00:04.730 0.000000 0.000000 0.000000 0.000000 -0.266941 0.374311 9.505545 -0.179184 -0.107510 -0.053755 -0.430042 0.000000 -0.071674
475 12:00:04.740 0.000000 0.000000 0.000000 0.000000 -0.239249 0.374938 9.600543 -0.154508 -0.092705 -0.046353 -0.370820 0.000000 -0.061803
476 12:00:04.750 0.000000 0.000000 0.000000 0.000000 -0.221221 0.399068 9.617978 -0.129410 -0.077646 -0.038823 -0.310583 0.000000 -0.051764
477 12:00:04.760 0.000000 0.000000 0.000000 0.000000 -0.156820 0.365899 9.626183 -0.103956 -0.062374 -0.031187 -0.249494 0.000000 -0.041582
478 12:00:04.770 0.000000 0.000000 0.000000 0.000000 -0.076133 0.378973 9.733997 -0.078217 -0.046930 -0.023465 -0.187721 0.000000 -0.031287
479 12:00:04.780 0.000000 0.000000 0.000000 0.000000 -0.106237 0.410908 9.736069 -0.052264 -0.031359 -0.015679 -0.125434 0.000000 -0.020906
480 12:00:04.790 0.000000 0.000000 0.000000 0.000000 -0.007464 0.403033 9.809781 -0.026168 -0.015701 -0.007850 -0.062803 0.000000 -0.010467
481 12:00:04.800 3.903035 72.736071 0.000000 3.557834 -0.016923 0.400361 9.802648 0.000000 0.000000 0.000000 0.000000 0.000000 0.000000
482 12:00:04.810 0.000000 97.872789 13.071834 13.735140 0.032534 0.376519 9.883777 0.026168 0.015701 0.007850 0.062803 0.000000 0.010467
483 12:00:04.820 0.000000 121.114814 0.000000 0.000000 0.053740 0.435139 9.865079 0.052264 0.031359 0.015679 0.125434 0.000000 0.020906
484 12:00:04.830 15.497567 113.649137 3.788138 0.000000 0.138093 0.374862 9.894339 0.078217 0.046930 0.023465 0.187721 0.000000 0.031287
485 12:00:04.840 0.000000 140.572229 9.845269 2.858780 0.200108 0.359257 9.953207 0.103956 0.062374 0.031187 0.249494 0.000000 0.041582
486 12:00:04.850 0.000000 158.303464 7.556579 0.000000 0.189767 0.387055 9.981055 0.129410 0.077646 0.038823 0.310583 0.000000 0.051764
487 12:00:04.860 0.000000 172.501427 9.755163 4.658568 0.266540 0.364391 10.051918 0.154508 0.092705 0.046353 0.370820 0.000000 0.061803
488 12:00:04.870 0.000000 196.568543 18.004190 0.000000 0.261697 0.349540 10.085124 0.179184 0.107510 0.053755 0.430042 0.000000 0.071674
489 12:00:04.880 8.036595 193.382964 0.000000 5.686395 0.321978 0.372172 10.170377 0.203368 0.122021 0.061010 0.488084 0.000000 0.081347
490 12:00:04.890 16.026155 195.091986 4.072377 0.000000 0.370237 0.357750 10.118140 0.226995 0.136197 0.068099 0.544789 0.000000 0.090798
491 12:00:04.900 0.000000 207.554645 9.508054 14.911541 0.395675 0.314297 10.124849 0.250000 0.150000 0.075000 0.600000 0.000000 0.100000
492 12:00:04.910 0.000000 217.211799 22.555726 0.000000 0.417254 0.331475 10.221098 0.272320 0.163392 0.081696 0.653567 0.000000 0.108928
493 12:00:04.920 0.000000 210.985631 18.183341 0.000000 0.437244 0.318039 10.250330 0.293893 0.176336 0.088168 0.705342 0.000000 0.117557
494 12:00:04.930 0.000000 191.911615 17.564245 0.000000 0.476600 0.305660 10.261010 0.314660 0.188796 0.094398 0.755184 0.000000 0.125864
495 12:00:04.940 6.287763 205.288447 8.271398 0.000000 0.545205 0.311088 10.231775 0.334565 0.200739 0.100370 0.802957 0.000000 0.133826
496 12:00:04.950 0.000000 184.768705 23.961053 0.000000 0.582425 0.299245 10.301721 0.353553 0.212132 0.106066 0.848528 0.000000 0.141421
497 12:00:04.960 8.078974 162.701797 38.124152 8.716833 0.574129 0.290233 10.360708 0.371572 0.222943 0.111472 0.891774 0.000000 0.148629
498 12:00:04.970 0.000000 148.774203 31.354475 0.000000 0.595993 0.250390 10.338126 0.388573 0.233144 0.116572 0.932575 0.000000 0.155429
499 12:00:04.980 0.000000 151.321139 22.622367 10.772268 0.637304 0.253936 10.385738 0.404508 0.242705 0.121353 0.970820 0.000000 0.161803
500 12:00:04.990 9.703348 140.161667 53.404473 3.098438 0.665244 0.242701 10.390398 0.419335 0.251601 0.125801 1.006405 0.000000 0.167734
501 12:00:05.000 21.710027 108.436503 28.486070 9.153966 0.700572 0.220111 10.443927 0.433013 0.259808 0.129904 1.039230 0.000000 0.173205
502 12:00:05.010 0.000000 85.246301 33.056414 0.000000 0.714037 0.174874 10.468601 0.445503 0.267302 0.133651 1.069208 0.000000 0.178201
503 12:00:05.020 8.242335 78.197994 48.421977 0.000000 0.704310 0.187130 10.465427 0.456773 0.274064 0.137032 1.096255 0.000000 0.182709
504 12:00:05.030 0.000000 81.588446 53.586935 0.000000 0.762103 0.144973 10.522321 0.466790 0.280074 0.140037 1.120297 0.000000 0.186716
505 12:00:05.040 10.814121 41.312812 37.789538 29.208974 0.791252 0.112575 10.392102 0.475528 0.285317 0.142658 1.141268 0.000000 0.190211
506 12:00:05.050 3.070470 65.184197 56.998339 6.751162 0.749155 0.103220 10.516676 0.482963 0.289778 0.144889 1.159111 0.000000 0.193185
507 12:00:05.060 0.000000 33.121117 59.243685 0.000000 0.782586 0.129301 10.503515 0.489074 0.293444 0.146722 1.173777 0.000000 0.195630
508 12:00:05.070 31.387131 16.752719 71.913591 14.088962 0.780630 0.060535 10.493483 0.493844 0.296307 0.148153 1.185226 0.000000 0.197538
509 12:00:05.080 5.062135 16.771140 72.013819 7.438089 0.818196 0.024285 10.518729 0.497261 0.298357 0.149178 1.193426 0.000000 0.198904
510 12:00:05.090 0.691517 15.517261 79.347125 13.532694 0.774616 0.019605 10.539844 0.499315 0.299589 0.149794 1.198355 0.000000 0.199726
511 12:00:05.100 12.240318 11.219777 68.284715 18.248460 0.764748 -0.012508 10.562881 0.500000 0.300000 0.150000 1.200000 0.000000 0.200000
512 12:00:05.110 31.705235 11.118816 85.955267 25.051086 0.756105 -0.008915 10.537497 0.499315 0.299589 0.149794 1.198355 0.000000 0.199726
513 12:00:05.120 37.321613 22.448375 79.293907 34.535445 0.773514 -0.053947 10.454842 0.497261 0.298357 0.149178 1.193426 0.000000 0.198904
514 12:00:05.130 33.971452 20.038904 64.689942 31.295607 0.784456 -0.066484 10.551329 0.493844 0.296307 0.148153 1.185226 0.000000 0.197538
515 12:00:05.140 32.985336 0.000000 62.160145 46.354133 0.805433 -0.104947 10.498267 0.489074 0.293444 0.146722 1.173777 0.000000 0.195630
516 12:00:05.150 47.753600 17.422183 63.595440 56.759783 0.791060 -0.104321 10.468860 0.482963 0.289778 0.144889 1.159111 0.000000 0.193185
517 12:00:05.160 48.397615 8.317260 63.161496 48.805636 0.762830 -0.177087 10.414213 0.475528 0.285317 0.142658 1.141268 0.000000 0.190211
518 12:00:05.170 57.718309 13.609210 67.332674 52.323887 0.745825 -0.138188 10.457332 0.466790 0.280074 0.140037 1.120297 0.000000 0.186716
519 12:00:05.180 84.291751 2.060437 42.770570 74.211346 0.795061 -0.182282 10.463984 0.456773 0.274064 0.137032 1.096255 0.000000 0.182709
520 12:00:05.190 68.436205 12.547934 41.675740 89.881506 0.734303 -0.181490 10.408987 0.445503 0.267302 0.133651 1.069208 0.000000 0.178201
521 12:00:05.200 55.727600 3.594746 51.835336 71.931722 0.715584 -0.208526 10.429090 0.433013 0.259808 0.129904 1.039230 0.000000 0.173205
522 12:00:05.210 72.739856 6.561040 43.896907 77.859674 0.684390 -0.235340 10.428692 0.419335 0.251601 0.125801 1.006405 0.000000 0.167734
523 12:00:05.220 98.072192 2.088712 36.907487 91.584477 0.661816 -0.235630 10.426285 0.404508 0.242705 0.121353 0.970820 0.000000 0.161803
524 12:00:05.230 88.199864 0.000000 41.783495 96.151408 0.593084 -0.256535 10.361209 0.388573 0.233144 0.116572 0.932575 0.000000 0.155429
525 12:00:05.240 83.411840 2.649226 34.759445 94.856376 0.601110 -0.252703 10.375299 0.371572 0.222943 0.111472 0.891774 0.000000 0.148629
526 12:00:05.250 99.792123 19.827686 30.935470 86.610035 0.569802 -0.292818 10.271480 0.353553 0.212132 0.106066 0.848528 0.000000 0.141421
527 12:00:05.260 84.766009 0.000000 18.884963 88.564102 0.504929 -0.277226 10.255406 0.334565 0.200739 0.100370 0.802957 0.000000 0.133826
528 12:00:05.270 99.225345 0.000000 21.473557 97.101470 0.508759 -0.307489 10.208359 0.314660 0.188796 0.094398 0.755184 0.000000 0.125864
529 12:00:05.280 86.417200 10.171572 19.014474 96.699742 0.475121 -0.301590 10.212390 0.293893 0.176336 0.088168 0.705342 0.000000 0.117557
530 12:00:05.290 83.698845 0.000000 17.439611 100.629396 0.459675 -0.316532 10.136834 0.272320 0.163392 0.081696 0.653567 0.000000 0.108928
531 12:00:05.300 79.475177 0.000000 4.960078 89.504016 0.393563 -0.370783 10.171601 0.250000 0.150000 0.075000 0.600000 0.000000 0.100000
532 12:00:05.310 74.573292 9.018089 23.609679 79.678764 0.356038 -0.321968 10.093343 0.226995 0.136197 0.068099 0.544789 0.000000 0.090798
533 12:00:05.320 70.166205 0.000000 0.000000 81.718961 0.319906 -0.339502 10.082972 0.203368 0.122021 0.061010 0.488084 0.000000 0.081347
534 12:00:05.330 88.889800 0.189959 2.328585 95.894072 0.255626 -0.385037 10.072507 0.179184 0.107510 0.053755 0.430042 0.000000 0.071674
535 12:00:05.340 70.919895 14.228224 7.869233 82.479615 0.274258 -0.334759 10.054326 0.154508 0.092705 0.046353 0.370820 0.000000 0.061803
536 12:00:05.350 57.562424 0.000000 1.494864 55.873701 0.205689 -0.371722 9.993630 0.129410 0.077646 0.038823 0.310583 0.000000 0.051764
537 12:00:05.360 39.955843 7.646198 11.338567 58.611820 0.189794 -0.392719 9.956374 0.103956 0.062374 0.031187 0.249494 0.000000 0.041582
538 12:00:05.370 51.892706 12.149593 0.361074 50.802761 0.110358 -0.411980 9.941629 0.078217 0.046930 0.023465 0.187721 0.000000 0.031287
539 12:00:05.380 58.800339 6.724548 20.943026 30.928072 0.106792 -0.374429 9.921718 0.052264 0.031359 0.015679 0.125434 0.000000 0.020906
540 12:00:05.390 38.425573 5.287160 0.811507 29.871754 0.022277 -0.407527 9.878604 0.026168 0.015701 0.007850 0.062803 0.000000 0.010467
541 12:00:05.400 30.485982 0.000000 1.443243 25.711893 0.019878 -0.383505 9.851289 0.000000 0.000000 0.000000 0.000000 0.000000 0.000000
542 12:00:05.410 23.758952 0.000000 11.232071 27.937693 -0.048913 -0.430771 9.729616 -0.026168 -0.015701 -0.007850 -0.062803 0.000000 -0.010467
543 12:00:05.420 0.000000 0.000000 0.000000 0.000000 -0.087992 -0.403780 9.739140 -0.052264 -0.031359 -0.015679 -0.125434 0.000000 -0.020906
544 12:00:05.430 0.000000 0.000000 0.000000 0.000000 -0.146392 -0.410121 9.710493 -0.078217 -0.046930 -0.023465 -0.187721 0.000000 -0.031287
545 12:00:05.440 0.000000 0.000000 0.000000 0.000000 -0.145748 -0.419909 9.664899 -0.103956 -0.062374 -0.031187 -0.249494 0.000000 -0.041582
546 12:00:05.450 0.000000 0.000000 0.000000 0.000000 -0.176684 -0.417927 9.673500 -0.129410 -0.077646 -0.038823 -0.310583 0.000000 -0.051764
547 12:00:05.460 0.000000 0.000000 0.000000 0.000000 -0.260222 -0.398971 9.589844 -0.154508 -0.092705 -0.046353 -0.370820 0.000000 -0.061803
548 12:00:05.470 0.000000 0.000000 0.000000 0.000000 -0.289714 -0.369021 9.602950 -0.179184 -0.107510 -0.053755 -0.430042 0.000000 -0.071674
549 12:00:05.480 0.000000 0.000000 0.000000 0.000000 -0.335221 -0.383510 9.497602 -0.203368 -0.122021 -0.061010 -0.488084 0.000000 -0.081347
550 12:00:05.490 0.000000 0.000000 0.000000 0.000000 -0.334923 -0.334114 9.449420 -0.226995 -0.136197 -0.068099 -0.544789 0.000000 -0.090798
551 12:00:05.500 0.000000 0.000000 0.000000 0.000000 -0.425740 -0.324087 9.412563 -0.250000 -0.150000 -0.075000 -0.600000 0.000000 -0.100000
552 12:00:05.510 0.000000 0.000000 0.000000 0.000000 -0.455011 -0.347595 9.394062 -0.272320 -0.163392 -0.081696 -0.653567 0.000000 -0.108928
553 12:00:05.520 0.000000 0.000000 0.000000 0.000000 -0.462906 -0.351218 9.375117 -0.293893 -0.176336 -0.088168 -0.705342 0.000000 -0.117557
554 12:00:05.530 0.000000 0.000000 0.000000 0.000000 -0.512647 -0.302556 9.383147 -0.314660 -0.188796 -0.094398 -0.755184 0.000000 -0.125864
555 12:00:05.540 0.000000 0.000000 0.000000 0.000000 -0.534636 -0.344619 9.333549 -0.334565 -0.200739 -0.100370 -0.802957 0.000000 -0.133826
556 12:00:05.550 0.000000 0.000000 0.000000 0.000000 -0.553089 -0.311306 9.281710 -0.353553 -0.212132 -0.106066 -0.848528 0.000000 -0.141421
557 12:00:05.560 0.000000 0.000000 0.000000 0.000000 -0.607789 -0.297406 9.315083 -0.371572 -0.222943 -0.111472 -0.891774 0.000000 -0.148629
558 12:00:05.570 0.000000 0.000000 0.000000 0.000000 -0.658073 -0.247869 9.294481 -0.388573 -0.233144 -0.116572 -0.932575 0.000000 -0.155429
559 12:00:05.580 0.000000 0.000000 0.000000 0.000000 -0.634084 -0.229326 9.240423 -0.404508 -0.242705 -0.121353 -0.970820 0.000000 -0.161803
560 12:00:05.590 0.000000 0.000000 0.000000 0.000000 -0.724013 -0.218855 9.261603 -0.419335 -0.251601 -0.125801 -1.006405 0.000000 -0.167734
561 12:00:05.600 0.000000 0.000000 0.000000 0.000000 -0.678763 -0.187542 9.228412 -0.433013 -0.259808 -0.129904 -1.039230 0.000000 -0.173205
562 12:00:05.610 0.000000 0.000000 0.000000 0.000000 -0.730341 -0.191322 9.142759 -0.445503 -0.267302 -0.133651 -1.069208 0.000000 -0.178201
563 12:00:05.620 0.000000 0.000000 0.000000 0.000000 -0.719355 -0.163689 9.157897 -0.456773 -0.274064 -0.137032 -1.096255 0.000000 -0.182709
564 12:00:05.630 0.000000 0.000000 0.000000 0.000000 -0.768824 -0.146608 9.136799 -0.466790 -0.280074 -0.140037 -1.120297 0.000000 -0.186716
565 12:00:05.640 0.000000 0.000000 0.000000 0.000000 -0.767965 -0.123533 9.154458 -0.475528 -0.285317 -0.142658 -1.141268 0.000000 -0.190211
566 12:00:05.650 0.000000 0.000000 0.000000 0.000000 -0.751496 -0.077106 9.117151 -0.482963 -0.289778 -0.144889 -1.159111 0.000000 -0.193185
567 12:00:05.660 0.000000 0.000000 0.000000 0.000000 -0.748124 -0.061808 9.124310 -0.489074 -0.293444 -0.146722 -1.173777 0.000000 -0.195630
568 12:00:05.670 0.000000 0.000000 0.000000 0.000000 -0.788407 -0.035539 9.130523 -0.493844 -0.296307 -0.148153 -1.185226 0.000000 -0.197538
569 12:00:05.680 0.000000 0.000000 0.000000 0.000000 -0.799866 -0.066853 9.055310 -0.497261 -0.298357 -0.149178 -1.193426 0.000000 -0.198904
570 12:00:05.690 0.000000 0.000000 0.000000 0.000000 -0.788094 -0.060032 9.057439 -0.499315 -0.299589 -0.149794 -1.198355 0.000000 -0.199726
571 12:00:05.700 0.000000 0.000000 0.000000 0.000000 -0.817872 0.009345 9.132434 -0.500000 -0.300000 -0.150000 -1.200000 0.000000 -0.200000
572 12:00:05.710 0.000000 0.000000 0.000000 0.000000 -0.799633 0.025017 9.132793 -0.499315 -0.299589 -0.149794 -1.198355 0.000000 -0.199726
573 12:00:05.720 0.000000 0.000000 0.000000 0.000000 -0.806984 0.053174 9.083286 -0.497261 -0.298357 -0.149178 -1.193426 0.000000 -0.198904
574 12:00:05.730 0.000000 0.000000 0.000000 0.000000 -0.810718 0.071093 9.109030 -0.493844 -0.296307 -0.148153 -1.185226 0.000000 -0.197538
575 12:00:05.740 0.000000 0.000000 0.000000 0.000000 -0.765719 0.092530 9.117457 -0.489074 -0.293444 -0.146722 -1.173777 0.000000 -0.195630
576 12:00:05.750 0.000000 0.000000 0.000000 0.000000 -0.761480 0.079244 9.150191 -0.482963 -0.289778 -0.144889 -1.159111 0.000000 -0.193185
577 12:00:05.760 0.000000 0.000000 0.000000 0.000000 -0.794687 0.100456 9.179239 -0.475528 -0.285317 -0.142658 -1.141268 0.000000 -0.190211
578 12:00:05.770 0.000000 0.000000 0.000000 0.000000 -0.746543 0.156801 9.197290 -0.466790 -0.280074 -0.140037 -1.120297 0.000000 -0.186716
579 12:00:05.780 0.000000 0.000000 0.000000 0.000000 -0.744083 0.181062 9.169453 -0.456773 -0.274064 -0.137032 -1.096255 0.000000 -0.182709
580 12:00:05.790 0.000000 0.000000 0.000000 0.000000 -0.719803 0.177251 9.223340 -0.445503 -0.267302 -0.133651 -1.069208 0.000000 -0.178201
581 12:00:05.800 0.000000 0.000000 0.000000 0.000000 -0.714938 0.233085 9.205053 -0.433013 -0.259808 -0.129904 -1.039230 0.000000 -0.173205
582 12:00:05.810 0.000000 0.000000 0.000000 0.000000 -0.676739 0.217096 9.180864 -0.419335 -0.251601 -0.125801 -1.006405 0.000000 -0.167734
583 12:00:05.820 0.000000 0.000000 0.000000 0.000000 -0.642282 0.223118 9.257988 -0.404508 -0.242705 -0.121353 -0.970820 0.000000 -0.161803
584 12:00:05.830 0.000000 0.000000 0.000000 0.000000 -0.642897 0.251991 9.233311 -0.388573 -0.233144 -0.116572 -0.932575 0.000000 -0.155429
585 12:00:05.840 0.000000 0.000000 0.000000 0.000000 -0.556953 0.242032 9.305852 -0.371572 -0.222943 -0.111472 -0.891774 0.000000 -0.148629
586 12:00:05.850 0.000000 0.000000 0.000000 0.000000 -0.546663 0.310427 9.269807 -0.353553 -0.212132 -0.106066 -0.848528 0.000000 -0.141421
587 12:00:05.860 0.000000 0.000000 0.000000 0.000000 -0.555814 0.292209 9.296691 -0.334565 -0.200739 -0.100370 -0.802957 0.000000 -0.133826
588 12:00:05.870 0.000000 0.000000 0.000000 0.000000 -0.516128 0.345693 9.373928 -0.314660 -0.188796 -0.094398 -0.755184 0.000000 -0.125864
589 12:00:05.880 0.000000 0.000000 0.000000 0.000000 -0.445758 0.319171 9.420721 -0.293893 -0.176336 -0.088168 -0.705342 0.000000 -0.117557
590 12:00:05.890 0.000000 0.000000 0.000000 0.000000 -0.440289 0.312043 9.405560 -0.272320 -0.163392 -0.081696 -0.653567 0.000000 -0.108928
591 12:00:05.900 0.000000 0.000000 0.000000 0.000000 -0.432137 0.348468 9.464065 -0.250000 -0.150000 -0.075000 -0.600000 0.000000 -0.100000
592 12:00:05.910 0.000000 0.000000 0.000000 0.000000 -0.330787 0.371297 9.495477 -0.226995 -0.136197 -0.068099 -0.544789 0.000000 -0.090798
593 12:00:05.920 0.000000 0.000000 0.000000 0.000000 -0.304773 0.365689 9.494596 -0.203368 -0.122021 -0.061010 -0.488084 0.000000 -0.081347
594 12:00:05.930 0.000000 0.000000 0.000000 0.000000 -0.254811 0.376780 9.500726 -0.179184 -0.107510 -0.053755 -0.430042 0.000000 -0.071674
595 12:00:05.940 0.000000 0.000000 0.000000 0.000000 -0.276923 0.394480 9.640085 -0.154508 -0.092705 -0.046353 -0.370820 0.000000 -0.061803
596 12:00:05.950 0.000000 0.000000 0.000000 0.000000 -0.203732 0.394953 9.608690 -0.129410 -0.077646 -0.038823 -0.310583 0.000000 -0.051764
597 12:00:05.960 0.000000 0.000000 0.000000 0.000000 -0.156702 0.391319 9.671581 -0.103956 -0.062374 -0.031187 -0.249494 0.000000 -0.041582
598 12:00:05.970 0.000000 0.000000 0.000000 0.000000 -0.106462 0.440733 9.699208 -0.078217 -0.046930 -0.023465 -0.187721 0.000000 -0.031287
599 12:00:05.980 0.000000 0.000000 0.000000 0.000000 -0.064054 0.421230 9.703444 -0.052264 -0.031359 -0.015679 -0.125434 0.000000 -0.020906
600 12:00:05.990 0.000000 0.000000 0.000000 0.000000 -0.014169 0.392508 9.775987 -0.026168 -0.015701 -0.007850 -0.062803 0.000000 -0.010467
601 12:00:06.000 0.000000 77.216507 0.000000 3.669038 -0.029958 0.415274 9.835032 0.000000 0.000000 0.000000 0.000000 0.000000 0.000000
602 12:00:06.010 19.494581 89.449399 0.000000 0.000000 0.044527 0.378253 9.826227 0.026168 0.015701 0.007850 0.062803 0.000000 0.010467
603 12:00:06.020 0.000000 104.707114 0.000000 0.237331 0.130088 0.408099 9.902727 0.052264 0.031359 0.015679 0.125434 0.000000 0.020906
604 12:00:06.030 7.687200 126.502198 0.059369 0.000000 0.140570 0.391149 9.914999 0.078217 0.046930 0.023465 0.187721 0.000000 0.031287
605 12:00:06.040 0.769504 123.080228 0.000000 0.000000 0.190144 0.375860 9.949081 0.103956 0.062374 0.031187 0.249494 0.000000 0.041582
606 12:00:06.050 0.000000 150.814482 0.000000 0.000000 0.195134 0.403194 9.995679 0.129410 0.077646 0.038823 0.310583 0.000000 0.051764
607 12:00:06.060 8.956189 174.178910 0.000000 4.240673 0.225412 0.378673 9.999476 0.154508 0.092705 0.046353 0.370820 0.000000 0.061803
608 12:00:06.070 1.597027 169.374534 2.723162 6.466419 0.317182 0.379223 10.038352 0.179184 0.107510 0.053755 0.430042 0.000000 0.071674
609 12:00:06.080 8.795480 198.262361 9.330193 0.000000 0.274940 0.410783 10.073475 0.203368 0.122021 0.061010 0.488084 0.000000 0.081347
610 12:00:06.090 0.000000 197.466176 3.846814 3.708391 0.390391 0.369012 10.117198 0.226995 0.136197 0.068099 0.544789 0.000000 0.090798
611 12:00:06.100 28.711277 187.933783 1.037235 0.000000 0.400059 0.349661 10.138290 0.250000 0.150000 0.075000 0.600000 0.000000 0.100000
612 12:00:06.110 0.000000 211.465153 17.545544 1.668533 0.415367 0.313778 10.203499 0.272320 0.163392 0.081696 0.653567 0.000000 0.108928
613 12:00:06.120 6.987235 196.546952 29.895944 8.671699 0.482440 0.318069 10.266504 0.293893 0.176336 0.088168 0.705342 0.000000 0.117557
614 12:00:06.130 11.332344 220.936463 19.895402 0.000000 0.516717 0.326209 10.217453 0.314660 0.188796 0.094398 0.755184 0.000000 0.125864
615 12:00:06.140 9.010439 211.316660 34.406926 0.000000 0.558938 0.295742 10.259818 0.334565 0.200739 0.100370 0.802957 0.000000 0.133826
616 12:00:06.150 1.485752 179.518108 39.128223 3.840387 0.538447 0.273136 10.290930 0.353553 0.212132 0.106066 0.848528 0.000000 0.141421
617 12:00:06.160 0.000000 192.497367 26.746137 0.000000 0.563758 0.260266 10.345629 0.371572 0.222943 0.111472 0.891774 0.000000 0.148629
618 12:00:06.170 11.976294 162.808765 39.499107 0.000000 0.621958 0.265179 10.400409 0.388573 0.233144 0.116572 0.932575 0.000000 0.155429
619 12:00:06.180 4.849645 132.846302 48.260153 9.511121 0.674485 0.247577 10.396713 0.404508 0.242705 0.121353 0.970820 0.000000 0.161803
620 12:00:06.190 0.000000 134.222340 45.967645 5.481022 0.617800 0.233384 10.426701 0.419335 0.251601 0.125801 1.006405 0.000000 0.167734
621 12:00:06.200 9.551681 104.196685 44.340586 0.180044 0.689270 0.219831 10.366561 0.433013 0.259808 0.129904 1.039230 0.000000 0.173205
622 12:00:06.210 8.333345 87.954028 48.934969 15.932764 0.683713 0.171747 10.394269 0.445503 0.267302 0.133651 1.069208 0.000000 0.178201
623 12:00:06.220 0.000000 71.184938 60.529660 18.681043 0.731574 0.131961 10.479607 0.456773 0.274064 0.137032 1.096255 0.000000 0.182709
624 12:00:06.230 0.000000 62.361730 58.705962 0.000000 0.755965 0.144358 10.434245 0.466790 0.280074 0.140037 1.120297 0.000000 0.186716
625 12:00:06.240 22.088660 65.796222 63.792333 6.298332 0.762521 0.150108 10.477406 0.475528 0.285317 0.142658 1.141268 0.000000 0.190211
626 12:00:06.250 8.821192 47.981020 50.458560 5.597098 0.754768 0.104311 10.503026 0.482963 0.289778 0.144889 1.159111 0.000000 0.193185
627 12:00:06.260 11.256149 38.664474 66.470542 15.727017 0.777390 0.075978 10.479532 0.489074 0.293444 0.146722 1.173777 0.000000 0.195630
628 12:00:06.270 2.898822 25.990575 69.383730 15.394866 0.783364 0.085293 10.491394 0.493844 0.296307 0.148153 1.185226 0.000000 0.197538
629 12:00:06.280 1.573574 30.280411 62.936808 5.537107 0.782361 0.046561 10.477835 0.497261 0.298357 0.149178 1.193426 0.000000 0.198904
630 12:00:06.290 11.494837 15.676170 57.023264 8.421237 0.800914 0.027185 10.537680 0.499315 0.299589 0.149794 1.198355 0.000000 0.199726
631 12:00:06.300 11.812958 2.962646 70.253522 25.486014 0.818807 -0.007063 10.493250 0.500000 0.300000 0.150000 1.200000 0.000000 0.200000
632 12:00:06.310 18.886153 8.777260 77.346133 21.375909 0.820186 -0.046832 10.499265 0.499315 0.299589 0.149794 1.198355 0.000000 0.199726
633 12:00:06.320 45.870969 4.158685 71.090431 44.465580 0.785737 -0.047589 10.512722 0.497261 0.298357 0.149178 1.193426 0.000000 0.198904
634 12:00:06.330 31.237819 6.840698 66.912686 41.957700 0.818295 -0.068988 10.469793 0.493844 0.296307 0.148153 1.185226 0.000000 0.197538
635 12:00:06.340 54.794762 8.733919 72.769553 53.771106 0.775974 -0.072309 10.481449 0.489074 0.293444 0.146722 1.173777 0.000000 0.195630
636 12:00:06.350 34.736935 0.859163 50.688476 27.626433 0.745378 -0.119964 10.477452 0.482963 0.289778 0.144889 1.159111 0.000000 0.193185
637 12:00:06.360 51.152099 0.000000 79.477705 75.385999 0.746488 -0.106996 10.495716 0.475528 0.285317 0.142658 1.141268 0.000000 0.190211
638 12:00:06.370 65.536219 3.023116 64.659949 69.370662 0.731274 -0.107904 10.485792 0.466790 0.280074 0.140037 1.120297 0.000000 0.186716
639 12:00:06.380 68.040351 0.000000 50.452565 79.997633 0.696020 -0.195887 10.455932 0.456773 0.274064 0.137032 1.096255 0.000000 0.182709
640 12:00:06.390 80.991582 26.203772 55.905747 91.706194 0.723271 -0.189732 10.418246 0.445503 0.267302 0.133651 1.069208 0.000000 0.178201
641 12:00:06.400 70.665715 14.011015 57.061795 78.011561 0.706594 -0.185518 10.418876 0.433013 0.259808 0.129904 1.039230 0.000000 0.173205
642 12:00:06.410 73.336595 8.706915 49.742237 87.352357 0.663962 -0.245443 10.436392 0.419335 0.251601 0.125801 1.006405 0.000000 0.167734
643 12:00:06.420 82.372322 2.825582 37.850297 99.056809 0.654656 -0.254583 10.348430 0.404508 0.242705 0.121353 0.970820 0.000000 0.161803
644 12:00:06.430 96.092233 2.279008 41.645201 90.497918 0.616195 -0.259764 10.349196 0.388573 0.233144 0.116572 0.932575 0.000000 0.155429
645 12:00:06.440 90.683835 10.737834 48.289329 104.553448 0.605985 -0.259299 10.330657 0.371572 0.222943 0.111472 0.891774 0.000000 0.148629
646 12:00:06.450 81.290587 17.989319 25.195846 109.434602 0.569954 -0.281719 10.321944 0.353553 0.212132 0.106066 0.848528 0.000000 0.141421
647 12:00:06.460 75.641167 0.000000 16.844065 111.065459 0.546459 -0.334670 10.265566 0.334565 0.200739 0.100370 0.802957 0.000000 0.133826
648 12:00:06.470 93.328250 0.000000 34.689953 102.519616 0.493882 -0.324977 10.206238 0.314660 0.188796 0.094398 0.755184 0.000000 0.125864
649 12:00:06.480 81.108931 19.830210 20.267074 104.537732 0.475609 -0.355301 10.221136 0.293893 0.176336 0.088168 0.705342 0.000000 0.117557
650 12:00:06.490 97.999758 0.000000 25.882847 99.039578 0.440534 -0.340857 10.148742 0.272320 0.163392 0.081696 0.653567 0.000000 0.108928
651 12:00:06.500 96.268860 11.956391 2.409360 89.164037 0.389997 -0.375974 10.152158 0.250000 0.150000 0.075000 0.600000 0.000000 0.100000
652 12:00:06.510 71.553165 2.131762 7.230490 91.221337 0.362999 -0.375538 10.144233 0.226995 0.136197 0.068099 0.544789 0.000000 0.090798
653 12:00:06.520 85.760071 0.000000 16.876430 97.186105 0.342768 -0.324854 10.059189 0.203368 0.122021 0.061010 0.488084 0.000000 0.081347
654 12:00:06.530 61.504439 0.000000 6.863213 84.047943 0.298816 -0.386298 10.095787 0.179184 0.107510 0.053755 0.430042 0.000000 0.071674
655 12:00:06.540 46.228311 0.000000 0.000000 77.866879 0.215557 -0.381726 9.981926 0.154508 0.092705 0.046353 0.370820 0.000000 0.061803
656 12:00:06.550 60.692045 0.000000 2.020619 63.128485 0.209356 -0.380404 10.035544 0.129410 0.077646 0.038823 0.310583 0.000000 0.051764
657 12:00:06.560 57.047837 0.000000 8.849034 61.142007 0.156601 -0.395814 9.913222 0.103956 0.062374 0.031187 0.249494 0.000000 0.041582
658 12:00:06.570 49.718346 0.000000 5.226967 53.917838 0.134679 -0.405559 9.873802 0.078217 0.046930 0.023465 0.187721 0.000000 0.031287
659 12:00:06.580 34.669832 11.675929 0.000000 36.401012 0.069785 -0.405478 9.891159 0.052264 0.031359 0.015679 0.125434 0.000000 0.020906
660 12:00:06.590 42.205019 0.000000 15.409599 44.330420 0.051325 -0.401385 9.889593 0.026168 0.015701 0.007850 0.062803 0.000000 0.010467
661 12:00:06.600 44.517294 3.404212 3.776051 37.462902 -0.023967 -0.398060 9.867592 0.000000 0.000000 0.000000 0.000000 0.000000 0.000000
662 12:00:06.610 19.310992 0.000000 4.174513 29.848760 -0.031682 -0.408247 9.785923 -0.026168 -0.015701 -0.007850 -0.062803 0.000000 -0.010467
663 12:00:06.620 0.000000 0.000000 0.000000 0.000000 -0.071176 -0.373015 9.726048 -0.052264 -0.031359 -0.015679 -0.125434 0.000000 -0.020906
664 12:00:06.630 0.000000 0.000000 0.000000 0.000000 -0.150148 -0.405960 9.704064 -0.078217 -0.046930 -0.023465 -0.187721 0.000000 -0.031287
665 12:00:06.640 0.000000 0.000000 0.000000 0.000000 -0.119877 -0.345914 9.633962 -0.103956 -0.062374 -0.031187 -0.249494 0.000000 -0.041582
666 12:00:06.650 0.000000 0.000000 0.000000 0.000000 -0.195714 -0.358890 9.636361 -0.129410 -0.077646 -0.038823 -0.310583 0.000000 -0.051764
667 12:00:06.660 0.000000 0.000000 0.000000 0.000000 -0.248265 -0.396264 9.600197 -0.154508 -0.092705 -0.046353 -0.370820 0.000000 -0.061803
668 12:00:06.670 0.000000 0.000000 0.000000 0.000000 -0.313066 -0.359903 9.518228 -0.179184 -0.107510 -0.053755 -0.430042 0.000000 -0.071674
669 12:00:06.680 0.000000 0.000000 0.000000 0.000000 -0.297957 -0.408005 9.515686 -0.203368 -0.122021 -0.061010 -0.488084 0.000000 -0.081347
670 12:00:06.690 0.000000 0.000000 0.000000 0.000000 -0.373136 -0.354485 9.513421 -0.226995 -0.136197 -0.068099 -0.544789 0.000000 -0.090798
671 12:00:06.700 0.000000 0.000000 0.000000 0.000000 -0.355452 -0.351706 9.491826 -0.250000 -0.150000 -0.075000 -0.600000 0.000000 -0.100000
672 12:00:06.710 0.000000 0.000000 0.000000 0.000000 -0.422754 -0.352294 9.412922 -0.272320 -0.163392 -0.081696 -0.653567 0.000000 -0.108928
673 12:00:06.720 0.000000 0.000000 0.000000 0.000000 -0.421547 -0.268517 9.403516 -0.293893 -0.176336 -0.088168 -0.705342 0.000000 -0.117557
674 12:00:06.730 0.000000 0.000000 0.000000 0.000000 -0.477963 -0.299211 9.404311 -0.314660 -0.188796 -0.094398 -0.755184 0.000000 -0.125864
675 12:00:06.740 0.000000 0.000000 0.000000 0.000000 -0.534476 -0.297009 9.260506 -0.334565 -0.200739 -0.100370 -0.802957 0.000000 -0.133826
676 12:00:06.750 0.000000 0.000000 0.000000 0.000000 -0.524507 -0.290657 9.350848 -0.353553 -0.212132 -0.106066 -0.848528 0.000000 -0.141421
677 12:00:06.760 0.000000 0.000000 0.000000 0.000000 -0.553975 -0.260927 9.265270 -0.371572 -0.222943 -0.111472 -0.891774 0.000000 -0.148629
678 12:00:06.770 0.000000 0.000000 0.000000 0.000000 -0.639758 -0.244496 9.298182 -0.388573 -0.233144 -0.116572 -0.932575 0.000000 -0.155429
679 12:00:06.780 0.000000 0.000000 0.000000 0.000000 -0.622570 -0.213860 9.237947 -0.404508 -0.242705 -0.121353 -0.970820 0.000000 -0.161803
680 12:00:06.790 0.000000 0.000000 0.000000 0.000000 -0.668286 -0.188841 9.217889 -0.419335 -0.251601 -0.125801 -1.006405 0.000000 -0.167734
681 12:00:06.800 0.000000 0.000000 0.000000 0.000000 -0.709363 -0.169708 9.220404 -0.433013 -0.259808 -0.129904 -1.039230 0.000000 -0.173205
682 12:00:06.810 0.000000 0.000000 0.000000 0.000000 -0.721863 -0.157450 9.136661 -0.445503 -0.267302 -0.133651 -1.069208 0.000000 -0.178201
683 12:00:06.820 0.000000 0.000000 0.000000 0.000000 -0.731994 -0.176338 9.214802 -0.456773 -0.274064 -0.137032 -1.096255 0.000000 -0.182709
684 12:00:06.830 0.000000 0.000000 0.000000 0.000000 -0.766615 -0.169824 9.240028 -0.466790 -0.280074 -0.140037 -1.120297 0.000000 -0.186716
685 12:00:06.840 0.000000 0.000000 0.000000 0.000000 -0.753644 -0.120356 9.108948 -0.475528 -0.285317 -0.142658 -1.141268 0.000000 -0.190211
686 12:00:06.850 0.000000 0.000000 0.000000 0.000000 -0.767000 -0.083305 9.067927 -0.482963 -0.289778 -0.144889 -1.159111 0.000000 -0.193185
687 12:00:06.860 0.000000 0.000000 0.000000 0.000000 -0.766474 -0.090601 9.129438 -0.489074 -0.293444 -0.146722 -1.173777 0.000000 -0.195630
688 12:00:06.870 0.000000 0.000000 0.000000 0.000000 -0.782355 -0.026689 9.135659 -0.493844 -0.296307 -0.148153 -1.185226 0.000000 -0.197538
689 12:00:06.880 0.000000 0.000000 0.000000 0.000000 -0.816352 -0.051777 9.129689 -0.497261 -0.298357 -0.149178 -1.193426 0.000000 -0.198904
690 12:00:06.890 0.000000 0.000000 0.000000 0.000000 -0.794743 -0.011573 9.137897 -0.499315 -0.299589 -0.149794 -1.198355 0.000000 -0.199726
691 12:00:06.900 0.000000 0.000000 0.000000 0.000000 -0.759356 0.021741 9.178705 -0.500000 -0.300000 -0.150000 -1.200000 0.000000 -0.200000
692 12:00:06.910 0.000000 0.000000 0.000000 0.000000 -0.799497 0.031161 9.076469 -0.499315 -0.299589 -0.149794 -1.198355 0.000000 -0.199726
693 12:00:06.920 0.000000 0.000000 0.000000 0.000000 -0.789697 0.049320 9.105828 -0.497261 -0.298357 -0.149178 -1.193426 0.000000 -0.198904
694 12:00:06.930 0.000000 0.000000 0.000000 0.000000 -0.789968 0.088040 9.139279 -0.493844 -0.296307 -0.148153 -1.185226 0.000000 -0.197538
695 12:00:06.940 0.000000 0.000000 0.000000 0.000000 -0.828777 0.078731 9.137233 -0.489074 -0.293444 -0.146722 -1.173777 0.000000 -0.195630
696 12:00:06.950 0.000000 0.000000 0.000000 0.000000 -0.803400 0.079916 9.154852 -0.482963 -0.289778 -0.144889 -1.159111 0.000000 -0.193185
697 12:00:06.960 0.000000 0.000000 0.000000 0.000000 -0.769397 0.141350 9.116456 -0.475528 -0.285317 -0.142658 -1.141268 0.000000 -0.190211
698 12:00:06.970 0.000000 0.000000 0.000000 0.000000 -0.742918 0.150675 9.122084 -0.466790 -0.280074 -0.140037 -1.120297 0.000000 -0.186716
699 12:00:06.980 0.000000 0.000000 0.000000 0.000000 -0.737373 0.175583 9.160368 -0.456773 -0.274064 -0.137032 -1.096255 0.000000 -0.182709
700 12:00:06.990 0.000000 0.000000 0.000000 0.000000 -0.684273 0.158935 9.190253 -0.445503 -0.267302 -0.133651 -1.069208 0.000000 -0.178201
701 12:00:07.000 0.000000 0.000000 0.000000 0.000000 -0.647314 0.221024 9.186454 -0.433013 -0.259808 -0.129904 -1.039230 0.000000 -0.173205
702 12:00:07.010 0.000000 0.000000 0.000000 0.000000 -0.679983 0.245844 9.151506 -0.419335 -0.251601 -0.125801 -1.006405 0.000000 -0.167734
703 12:00:07.020 0.000000 0.000000 0.000000 0.000000 -0.626937 0.261871 9.212264 -0.404508 -0.242705 -0.121353 -0.970820 0.000000 -0.161803
704 12:00:07.030 0.000000 0.000000 0.000000 0.000000 -0.619388 0.245177 9.282187 -0.388573 -0.233144 -0.116572 -0.932575 0.000000 -0.155429
705 12:00:07.040 0.000000 0.000000 0.000000 0.000000 -0.599473 0.243695 9.310619 -0.371572 -0.222943 -0.111472 -0.891774 0.000000 -0.148629
706 12:00:07.050 0.000000 0.000000 0.000000 0.000000 -0.596408 0.281877 9.359286 -0.353553 -0.212132 -0.106066 -0.848528 0.000000 -0.141421
707 12:00:07.060 0.000000 0.000000 0.000000 0.000000 -0.530625 0.300554 9.331845 -0.334565 -0.200739 -0.100370 -0.802957 0.000000 -0.133826
708 12:00:07.070 0.000000 0.000000 0.000000 0.000000 -0.500928 0.349640 9.328137 -0.314660 -0.188796 -0.094398 -0.755184 0.000000 -0.125864
709 12:00:07.080 0.000000 0.000000 0.000000 0.000000 -0.494755 0.323246 9.379966 -0.293893 -0.176336 -0.088168 -0.705342 0.000000 -0.117557
710 12:00:07.090 0.000000 0.000000 0.000000 0.000000 -0.437014 0.349619 9.416062 -0.272320 -0.163392 -0.081696 -0.653567 0.000000 -0.108928
711 12:00:07.100 0.000000 0.000000 0.000000 0.000000 -0.420705 0.346785 9.436019 -0.250000 -0.150000 -0.075000 -0.600000 0.000000 -0.100000
712 12:00:07.110 0.000000 0.000000 0.000000 0.000000 -0.330883 0.374404 9.473536 -0.226995 -0.136197 -0.068099 -0.544789 0.000000 -0.090798
713 12:00:07.120 0.000000 0.000000 0.000000 0.000000 -0.347763 0.385463 9.559562 -0.203368 -0.122021 -0.061010 -0.488084 0.000000 -0.081347
714 12:00:07.130 0.000000 0.000000 0.000000 0.000000 -0.311767 0.395104 9.491572 -0.179184 -0.107510 -0.053755 -0.430042 0.000000 -0.071674
715 12:00:07.140 0.000000 0.000000 0.000000 0.000000 -0.229901 0.335801 9.596300 -0.154508 -0.092705 -0.046353 -0.370820 0.000000 -0.061803
716 12:00:07.150 0.000000 0.000000 0.000000 0.000000 -0.221651 0.395131 9.648750 -0.129410 -0.077646 -0.038823 -0.310583 0.000000 -0.051764
717 12:00:07.160 0.000000 0.000000 0.000000 0.000000 -0.171969 0.410949 9.688615 -0.103956 -0.062374 -0.031187 -0.249494 0.000000 -0.041582
718 12:00:07.170 0.000000 0.000000 0.000000 0.000000 -0.134356 0.377805 9.674410 -0.078217 -0.046930 -0.023465 -0.187721 0.000000 -0.031287
719 12:00:07.180 0.000000 0.000000 0.000000 0.000000 -0.063203 0.359803 9.750325 -0.052264 -0.031359 -0.015679 -0.125434 0.000000 -0.020906
720 12:00:07.190 0.000000 0.000000 0.000000 0.000000 -0.055408 0.410914 9.806594 -0.026168 -0.015701 -0.007850 -0.062803 0.000000 -0.010467
721 12:00:07.200 0.011122 75.917332 7.473213 0.000000 -0.015986 0.402951 9.795877 0.000000 0.000000 0.000000 0.000000 0.000000 0.000000
722 12:00:07.210 0.000000 111.842907 0.000000 4.583693 0.046017 0.397122 9.819901 0.026168 0.015701 0.007850 0.062803 0.000000 0.010467
723 12:00:07.220 4.524544 119.221100 7.221191 0.000000 0.101170 0.392150 9.841204 0.052264 0.031359 0.015679 0.125434 0.000000 0.020906
724 12:00:07.230 3.461077 119.402910 0.000000 0.000000 0.134598 0.417489 9.916354 0.078217 0.046930 0.023465 0.187721 0.000000 0.031287
725 12:00:07.240 0.000000 151.204252 26.249948 0.000000 0.159992 0.391550 9.973885 0.103956 0.062374 0.031187 0.249494 0.000000 0.041582
726 12:00:07.250 0.000000 170.375545 6.662770 0.377588 0.227124 0.412583 10.005488 0.129410 0.077646 0.038823 0.310583 0.000000 0.051764
727 12:00:07.260 1.809299 155.416152 18.153099 0.000000 0.244854 0.397620 10.033157 0.154508 0.092705 0.046353 0.370820 0.000000 0.061803
728 12:00:07.270 0.209448 185.311525 21.729363 0.000000 0.286171 0.389920 10.061751 0.179184 0.107510 0.053755 0.430042 0.000000 0.071674
729 12:00:07.280 11.570238 206.832388 6.201458 1.902259 0.328599 0.375215 10.041793 0.203368 0.122021 0.061010 0.488084 0.000000 0.081347
730 12:00:07.290 0.000000 211.583552 2.142867 0.000000 0.377591 0.346172 10.137393 0.226995 0.136197 0.068099 0.544789 0.000000 0.090798
731 12:00:07.300 2.325214 209.046151 0.000000 0.000000 0.426515 0.362061 10.166664 0.250000 0.150000 0.075000 0.600000 0.000000 0.100000
732 12:00:07.310 14.226302 204.354245 6.702481 0.000000 0.439961 0.321468 10.204868 0.272320 0.163392 0.081696 0.653567 0.000000 0.108928
733 12:00:07.320 0.000000 224.504311 33.637538 0.000000 0.491965 0.325051 10.270926 0.293893 0.176336 0.088168 0.705342 0.000000 0.117557
734 12:00:07.330 26.166534 215.095153 9.641428 0.000000 0.510963 0.272965 10.254387 0.314660 0.188796 0.094398 0.755184 0.000000 0.125864
735 12:00:07.340 0.000000 201.651669 24.335022 3.969792 0.526673 0.299784 10.238194 0.334565 0.200739 0.100370 0.802957 0.000000 0.133826
736 12:00:07.350 0.000000 189.046688 23.072351 1.597442 0.616225 0.268963 10.329233 0.353553 0.212132 0.106066 0.848528 0.000000 0.141421
737 12:00:07.360 13.220381 176.132821 22.952654 0.000000 0.581053 0.292476 10.340531 0.371572 0.222943 0.111472 0.891774 0.000000 0.148629
738 12:00:07.370 7.294193 154.596517 32.521897 0.000000 0.626844 0.263607 10.363291 0.388573 0.233144 0.116572 0.932575 0.000000 0.155429
739 12:00:07.380 0.000000 150.615978 12.590240 0.000000 0.650938 0.232907 10.359973 0.404508 0.242705 0.121353 0.970820 0.000000 0.161803
740 12:00:07.390 0.000000 118.270677 45.501611 4.519302 0.686299 0.224325 10.353124 0.419335 0.251601 0.125801 1.006405 0.000000 0.167734
741 12:00:07.400 0.541456 113.574183 52.531436 0.000000 0.735393 0.192196 10.411705 0.433013 0.259808 0.129904 1.039230 0.000000 0.173205
742 12:00:07.410 0.000000 93.680323 68.395425 0.000000 0.732872 0.208350 10.441980 0.445503 0.267302 0.133651 1.069208 0.000000 0.178201
743 12:00:07.420 2.902422 57.413122 61.356921 0.000000 0.744107 0.167192 10.435487 0.456773 0.274064 0.137032 1.096255 0.000000 0.182709
744 12:00:07.430 18.524370 68.043388 46.910730 0.000000 0.772232 0.133877 10.481580 0.466790 0.280074 0.140037 1.120297 0.000000 0.186716
745 12:00:07.440 0.685778 50.707189 59.177505 13.121940 0.739602 0.110936 10.498482 0.475528 0.285317 0.142658 1.141268 0.000000 0.190211
746 12:00:07.450 15.605523 33.786456 73.236241 14.178061 0.755196 0.098207 10.455668 0.482963 0.289778 0.144889 1.159111 0.000000 0.193185
747 12:00:07.460 0.000000 11.771918 71.055798 24.563287 0.778526 0.069993 10.469342 0.489074 0.293444 0.146722 1.173777 0.000000 0.195630
748 12:00:07.470 11.686652 20.164529 83.595727 10.955518 0.824087 0.091980 10.509487 0.493844 0.296307 0.148153 1.185226 0.000000 0.197538
749 12:00:07.480 12.928541 21.849092 73.594859 4.914897 0.845638 0.028061 10.583092 0.497261 0.298357 0.149178 1.193426 0.000000 0.198904
750 12:00:07.490 28.893192 9.635221 59.893125 36.763273 0.812890 0.011800 10.471670 0.499315 0.299589 0.149794 1.198355 0.000000 0.199726
751 12:00:07.500 41.165247 8.132314 71.177638 16.727108 0.760429 0.013022 10.474989 0.500000 0.300000 0.150000 1.200000 0.000000 0.200000
752 12:00:07.510 8.642678 11.628262 64.988945 16.951765 0.819961 -0.016038 10.507801 0.499315 0.299589 0.149794 1.198355 0.000000 0.199726
753 12:00:07.520 38.691928 11.623051 73.963385 36.792353 0.810781 -0.053797 10.504307 0.497261 0.298357 0.149178 1.193426 0.000000 0.198904
754 12:00:07.530 40.150833 6.963208 79.175878 15.832559 0.787789 -0.087777 10.448132 0.493844 0.296307 0.148153 1.185226 0.000000 0.197538
755 12:00:07.540 40.164289 0.651270 68.069775 46.920772 0.808174 -0.078101 10.556384 0.489074 0.293444 0.146722 1.173777 0.000000 0.195630
756 12:00:07.550 74.921752 5.128579 71.006483 44.740513 0.793187 -0.099805 10.488395 0.482963 0.289778 0.144889 1.159111 0.000000 0.193185
757 12:00:07.560 39.965470 19.898568 79.255596 60.406318 0.773226 -0.128583 10.474480 0.475528 0.285317 0.142658 1.141268 0.000000 0.190211
758 12:00:07.570 63.895348 0.000000 67.955152 65.873271 0.734643 -0.130089 10.477030 0.466790 0.280074 0.140037 1.120297 0.000000 0.186716
759 12:00:07.580 53.018665 1.276028 66.411124 90.208562 0.744989 -0.174403 10.452045 0.456773 0.274064 0.137032 1.096255 0.000000 0.182709
760 12:00:07.590 82.569837 5.325592 37.527222 71.218286 0.735469 -0.168483 10.470788 0.445503 0.267302 0.133651 1.069208 0.000000 0.178201
761 12:00:07.600 75.686022 0.000000 44.702850 88.022263 0.681992 -0.200201 10.401370 0.433013 0.259808 0.129904 1.039230 0.000000 0.173205
762 12:00:07.610 89.585845 0.000000 38.815005 91.803749 0.664973 -0.205315 10.340244 0.419335 0.251601 0.125801 1.006405 0.000000 0.167734
763 12:00:07.620 68.561299 0.000000 46.089250 98.484926 0.644753 -0.222846 10.366751 0.404508 0.242705 0.121353 0.970820 0.000000 0.161803
764 12:00:07.630 68.027970 0.000000 33.401115 91.607109 0.612543 -0.239702 10.378114 0.388573 0.233144 0.116572 0.932575 0.000000 0.155429
765 12:00:07.640 62.196430 16.395787 24.510079 107.381441 0.590338 -0.231529 10.318154 0.371572 0.222943 0.111472 0.891774 0.000000 0.148629
766 12:00:07.650 95.678030 0.000000 37.159732 95.745497 0.556348 -0.309095 10.289613 0.353553 0.212132 0.106066 0.848528 0.000000 0.141421
767 12:00:07.660 75.108700 0.000000 35.853422 105.892313 0.493392 -0.295626 10.204123 0.334565 0.200739 0.100370 0.802957 0.000000 0.133826
768 12:00:07.670 86.154446 0.000000 19.531498 97.242582 0.490537 -0.322730 10.182704 0.314660 0.188796 0.094398 0.755184 0.000000 0.125864
769 12:00:07.680 113.065719 0.778902 18.870212 104.154766 0.479099 -0.344608 10.218692 0.293893 0.176336 0.088168 0.705342 0.000000 0.117557
770 12:00:07.690 73.431012 0.000000 0.000000 91.987122 0.456126 -0.319201 10.214416 0.272320 0.163392 0.081696 0.653567 0.000000 0.108928
771 12:00:07.700 80.973784 0.000000 20.441580 86.925690 0.395352 -0.345379 10.138720 0.250000 0.150000 0.075000 0.600000 0.000000 0.100000
772 12:00:07.710 75.723935 0.000000 2.856339 89.176550 0.371581 -0.346945 10.097648 0.226995 0.136197 0.068099 0.544789 0.000000 0.090798
773 12:00:07.720 88.193681 2.340860 21.604410 73.915577 0.341670 -0.370419 10.094640 0.203368 0.122021 0.061010 0.488084 0.000000 0.081347
774 12:00:07.730 56.108022 5.138099 11.929579 76.985123 0.324101 -0.359827 10.021689 0.179184 0.107510 0.053755 0.430042 0.000000 0.071674
775 12:00:07.740 71.339002 6.326618 7.966863 72.700196 0.249964 -0.351916 10.031124 0.154508 0.092705 0.046353 0.370820 0.000000 0.061803
776 12:00:07.750 63.953088 0.000000 20.409967 54.899596 0.196094 -0.401533 9.984219 0.129410 0.077646 0.038823 0.310583 0.000000 0.051764
777 12:00:07.760 45.439005 0.000000 0.000000 62.076422 0.191636 -0.423369 9.996030 0.103956 0.062374 0.031187 0.249494 0.000000 0.041582
778 12:00:07.770 49.007694 31.622514 0.000000 47.802370 0.109995 -0.389140 9.957720 0.078217 0.046930 0.023465 0.187721 0.000000 0.031287
779 12:00:07.780 30.834242 1.968558 0.000000 53.839349 0.082588 -0.420257 9.900031 0.052264 0.031359 0.015679 0.125434 0.000000 0.020906
780 12:00:07.790 37.877917 0.643344 7.703670 31.867610 0.021984 -0.411555 9.828955 0.026168 0.015701 0.007850 0.062803 0.000000 0.010467
781 12:00:07.800 44.606589 0.000000 0.000000 36.598019 0.002230 -0.404913 9.796347 0.000000 0.000000 0.000000 0.000000 0.000000 0.000000
782 12:00:07.810 25.287911 1.235782 16.913817 43.923637 -0.046041 -0.375078 9.764044 -0.026168 -0.015701 -0.007850 -0.062803 0.000000 -0.010467
783 12:00:07.820 0.000000 0.000000 0.000000 0.000000 -0.086628 -0.382000 9.738988 -0.052264 -0.031359 -0.015679 -0.125434 0.000000 -0.020906
784 12:00:07.830 0.000000 0.000000 0.000000 0.000000 -0.097641 -0.400888 9.683461 -0.078217 -0.046930 -0.023465 -0.187721 0.000000 -0.031287
785 12:00:07.840 0.000000 0.000000 0.000000 0.000000 -0.189840 -0.357753 9.668311 -0.103956 -0.062374 -0.031187 -0.249494 0.000000 -0.041582
786 12:00:07.850 0.000000 0.000000 0.000000 0.000000 -0.178098 -0.376649 9.634371 -0.129410 -0.077646 -0.038823 -0.310583 0.000000 -0.051764
787 12:00:07.860 0.000000 0.000000 0.000000 0.000000 -0.254172 -0.400573 9.602537 -0.154508 -0.092705 -0.046353 -0.370820 0.000000 -0.061803
788 12:00:07.870 0.000000 0.000000 0.000000 0.000000 -0.269336 -0.377368 9.557366 -0.179184 -0.107510 -0.053755 -0.430042 0.000000 -0.071674
789 12:00:07.880 0.000000 0.000000 0.000000 0.000000 -0.330407 -0.377774 9.498257 -0.203368 -0.122021 -0.061010 -0.488084 0.000000 -0.081347
790 12:00:07.890 0.000000 0.000000 0.000000 0.000000 -0.350187 -0.349089 9.504394 -0.226995 -0.136197 -0.068099 -0.544789 0.000000 -0.090798
791 12:00:07.900 0.000000 0.000000 0.000000 0.000000 -0.419200 -0.322066 9.484709 -0.250000 -0.150000 -0.075000 -0.600000 0.000000 -0.100000
792 12:00:07.910 0.000000 0.000000 0.000000 0.000000 -0.420031 -0.314872 9.482215 -0.272320 -0.163392 -0.081696 -0.653567 0.000000 -0.108928
793 12:00:07.920 0.000000 0.000000 0.000000 0.000000 -0.470302 -0.306370 9.423994 -0.293893 -0.176336 -0.088168 -0.705342 0.000000 -0.117557
794 12:00:07.930 0.000000 0.000000 0.000000 0.000000 -0.538496 -0.317644 9.405587 -0.314660 -0.188796 -0.094398 -0.755184 0.000000 -0.125864
795 12:00:07.940 0.000000 0.000000 0.000000 0.000000 -0.516449 -0.323741 9.357282 -0.334565 -0.200739 -0.100370 -0.802957 0.000000 -0.133826
796 12:00:07.950 0.000000 0.000000 0.000000 0.000000 -0.550959 -0.274179 9.331628 -0.353553 -0.212132 -0.106066 -0.848528 0.000000 -0.141421
797 12:00:07.960 0.000000 0.000000 0.000000 0.000000 -0.638529 -0.304771 9.311770 -0.371572 -0.222943 -0.111472 -0.891774 0.000000 -0.148629
798 12:00:07.970 0.000000 0.000000 0.000000 0.000000 -0.632695 -0.253588 9.226895 -0.388573 -0.233144 -0.116572 -0.932575 0.000000 -0.155429
799 12:00:07.980 0.000000 0.000000 0.000000 0.000000 -0.628222 -0.219037 9.238750 -0.404508 -0.242705 -0.121353 -0.970820 0.000000 -0.161803
800 12:00:07.990 0.000000 0.000000 0.000000 0.000000 -0.622666 -0.231529 9.211597 -0.419335 -0.251601 -0.125801 -1.006405 0.000000 -0.167734
801 12:00:08.000 0.000000 0.000000 0.000000 0.000000 -0.687369 -0.221878 9.237134 -0.433013 -0.259808 -0.129904 -1.039230 0.000000 -0.173205
802 12:00:08.010 0.000000 0.000000 0.000000 0.000000 -0.667939 -0.173888 9.156365 -0.445503 -0.267302 -0.133651 -1.069208 0.000000 -0.178201
803 12:00:08.020 0.000000 0.000000 0.000000 0.000000 -0.717493 -0.168749 9.157640 -0.456773 -0.274064 -0.137032 -1.096255 0.000000 -0.182709
804 12:00:08.030 0.000000 0.000000 0.000000 0.000000 -0.728564 -0.127890 9.192064 -0.466790 -0.280074 -0.140037 -1.120297 0.000000 -0.186716
805 12:00:08.040 0.000000 0.000000 0.000000 0.000000 -0.770382 -0.110697 9.153914 -0.475528 -0.285317 -0.142658 -1.141268 0.000000 -0.190211
806 12:00:08.050 0.000000 0.000000 0.000000 0.000000 -0.782074 -0.099964 9.080096 -0.482963 -0.289778 -0.144889 -1.159111 0.000000 -0.193185
807 12:00:08.060 0.000000 0.000000 0.000000 0.000000 -0.816512 -0.088086 9.193557 -0.489074 -0.293444 -0.146722 -1.173777 0.000000 -0.195630
808 12:00:08.070 0.000000 0.000000 0.000000 0.000000 -0.783362 -0.094932 9.060050 -0.493844 -0.296307 -0.148153 -1.185226 0.000000 -0.197538
809 12:00:08.080 0.000000 0.000000 0.000000 0.000000 -0.814451 -0.013092 9.131592 -0.497261 -0.298357 -0.149178 -1.193426 0.000000 -0.198904
810 12:00:08.090 0.000000 0.000000 0.000000 0.000000 -0.813579 -0.027655 9.072786 -0.499315 -0.299589 -0.149794 -1.198355 0.000000 -0.199726
811 12:00:08.100 0.000000 0.000000 0.000000 0.000000 -0.811849 0.010214 9.095238 -0.500000 -0.300000 -0.150000 -1.200000 0.000000 -0.200000
812 12:00:08.110 0.000000 0.000000 0.000000 0.000000 -0.777255 0.047557 9.118420 -0.499315 -0.299589 -0.149794 -1.198355 0.000000 -0.199726
813 12:00:08.120 0.000000 0.000000 0.000000 0.000000 -0.814549 0.009171 9.091625 -0.497261 -0.298357 -0.149178 -1.193426 0.000000 -0.198904
814 12:00:08.130 0.000000 0.000000 0.000000 0.000000 -0.801142 0.078366 9.099068 -0.493844 -0.296307 -0.148153 -1.185226 0.000000 -0.197538
815 12:00:08.140 0.000000 0.000000 0.000000 0.000000 -0.755471 0.074823 9.126766 -0.489074 -0.293444 -0.146722 -1.173777 0.000000 -0.195630
816 12:00:08.150 0.000000 0.000000 0.000000 0.000000 -0.777237 0.122237 9.114647 -0.482963 -0.289778 -0.144889 -1.159111 0.000000 -0.193185
817 12:00:08.160 0.000000 0.000000 0.000000 0.000000 -0.749087 0.090388 9.122180 -0.475528 -0.285317 -0.142658 -1.141268 0.000000 -0.190211
818 12:00:08.170 0.000000 0.000000 0.000000 0.000000 -0.745014 0.176817 9.174611 -0.466790 -0.280074 -0.140037 -1.120297 0.000000 -0.186716
819 12:00:08.180 0.000000 0.000000 0.000000 0.000000 -0.751314 0.123902 9.142217 -0.456773 -0.274064 -0.137032 -1.096255 0.000000 -0.182709
820 12:00:08.190 0.000000 0.000000 0.000000 0.000000 -0.736664 0.179630 9.200105 -0.445503 -0.267302 -0.133651 -1.069208 0.000000 -0.178201
821 12:00:08.200 0.000000 0.000000 0.000000 0.000000 -0.686355 0.190648 9.209068 -0.433013 -0.259808 -0.129904 -1.039230 0.000000 -0.173205
822 12:00:08.210 0.000000 0.000000 0.000000 0.000000 -0.679963 0.198373 9.236258 -0.419335 -0.251601 -0.125801 -1.006405 0.000000 -0.167734
823 12:00:08.220 0.000000 0.000000 0.000000 0.000000 -0.648113 0.229975 9.241268 -0.404508 -0.242705 -0.121353 -0.970820 0.000000 -0.161803
824 12:00:08.230 0.000000 0.000000 0.000000 0.000000 -0.600815 0.211728 9.244672 -0.388573 -0.233144 -0.116572 -0.932575 0.000000 -0.155429
825 12:00:08.240 0.000000 0.000000 0.000000 0.000000 -0.565791 0.260708 9.256941 -0.371572 -0.222943 -0.111472 -0.891774 0.000000 -0.148629
826 12:00:08.250 0.000000 0.000000 0.000000 0.000000 -0.571372 0.242914 9.327463 -0.353553 -0.212132 -0.106066 -0.848528 0.000000 -0.141421
827 12:00:08.260 0.000000 0.000000 0.000000 0.000000 -0.531997 0.294941 9.309099 -0.334565 -0.200739 -0.100370 -0.802957 0.000000 -0.133826
828 12:00:08.270 0.000000 0.000000 0.000000 0.000000 -0.509984 0.309167 9.406710 -0.314660 -0.188796 -0.094398 -0.755184 0.000000 -0.125864
829 12:00:08.280 0.000000 0.000000 0.000000 0.000000 -0.464377 0.317848 9.390386 -0.293893 -0.176336 -0.088168 -0.705342 0.000000 -0.117557
830 12:00:08.290 0.000000 0.000000 0.000000 0.000000 -0.473760 0.342250 9.431345 -0.272320 -0.163392 -0.081696 -0.653567 0.000000 -0.108928
831 12:00:08.300 0.000000 0.000000 0.000000 0.000000 -0.415975 0.358620 9.471064 -0.250000 -0.150000 -0.075000 -0.600000 0.000000 -0.100000
832 12:00:08.310 0.000000 0.000000 0.000000 0.000000 -0.335919 0.368748 9.464574 -0.226995 -0.136197 -0.068099 -0.544789 0.000000 -0.090798
833 12:00:08.320 0.000000 0.000000 0.000000 0.000000 -0.314945 0.408890 9.482472 -0.203368 -0.122021 -0.061010 -0.488084 0.000000 -0.081347
834 12:00:08.330 0.000000 0.000000 0.000000 0.000000 -0.303548 0.382238 9.574287 -0.179184 -0.107510 -0.053755 -0.430042 0.000000 -0.071674
835 12:00:08.340 0.000000 0.000000 0.000000 0.000000 -0.266299 0.358787 9.575852 -0.154508 -0.092705 -0.046353 -0.370820 0.000000 -0.061803
836 12:00:08.350 0.000000 0.000000 0.000000 0.000000 -0.214976 0.401668 9.640881 -0.129410 -0.077646 -0.038823 -0.310583 0.000000 -0.051764
837 12:00:08.360 0.000000 0.000000 0.000000 0.000000 -0.149558 0.379327 9.648962 -0.103956 -0.062374 -0.031187 -0.249494 0.000000 -0.041582
838 12:00:08.370 0.000000 0.000000 0.000000 0.000000 -0.128088 0.396950 9.701148 -0.078217 -0.046930 -0.023465 -0.187721 0.000000 -0.031287
839 12:00:08.380 0.000000 0.000000 0.000000 0.000000 -0.091715 0.399565 9.710325 -0.052264 -0.031359 -0.015679 -0.125434 0.000000 -0.020906
840 12:00:08.390 0.000000 0.000000 0.000000 0.000000 -0.039143 0.388710 9.772239 -0.026168 -0.015701 -0.007850 -0.062803 0.000000 -0.010467
841 12:00:08.400 13.634245 64.435940 0.000000 7.798751 -0.010028 0.425702 9.771418 0.000000 0.000000 0.000000 0.000000 0.000000 0.000000
842 12:00:08.410 7.114489 67.423164 5.555976 0.000000 0.053721 0.393517 9.777039 0.026168 0.015701 0.007850 0.062803 0.000000 0.010467
843 12:00:08.420 13.414913 129.076045 16.261638 0.000000 0.058956 0.428337 9.927590 0.052264 0.031359 0.015679 0.125434 0.000000 0.020906
844 12:00:08.430 13.634682 140.487821 0.000000 4.857212 0.123840 0.408831 9.868066 0.078217 0.046930 0.023465 0.187721 0.000000 0.031287
845 12:00:08.440 0.000000 141.576063 0.000000 0.000000 0.144402 0.430294 9.926226 0.103956 0.062374 0.031187 0.249494 0.000000 0.041582
846 12:00:08.450 0.000000 164.648851 9.941466 0.000000 0.222260 0.370531 10.055924 0.129410 0.077646 0.038823 0.310583 0.000000 0.051764
847 12:00:08.460 0.000000 183.092573 9.524662 0.000000 0.229887 0.417391 10.002286 0.154508 0.092705 0.046353 0.370820 0.000000 0.061803
848 12:00:08.470 0.000000 174.314944 0.000000 0.000000 0.263718 0.367026 10.034300 0.179184 0.107510 0.053755 0.430042 0.000000 0.071674
849 12:00:08.480 4.474095 204.683495 2.018789 5.922817 0.325065 0.376028 10.080526 0.203368 0.122021 0.061010 0.488084 0.000000 0.081347
850 12:00:08.490 14.946163 209.359931 0.000000 4.327561 0.360780 0.328149 10.132972 0.226995 0.136197 0.068099 0.544789 0.000000 0.090798
851 12:00:08.500 1.541456 188.396334 26.627051 0.000000 0.386388 0.371654 10.196315 0.250000 0.150000 0.075000 0.600000 0.000000 0.100000
852 12:00:08.510 0.000000 210.417698 27.971076 9.182161 0.447195 0.344221 10.171402 0.272320 0.163392 0.081696 0.653567 0.000000 0.108928
853 12:00:08.520 0.000000 206.683909 23.771925 0.000000 0.435147 0.312972 10.199607 0.293893 0.176336 0.088168 0.705342 0.000000 0.117557
854 12:00:08.530 2.387627 227.247389 23.594767 1.872699 0.525214 0.311321 10.277432 0.314660 0.188796 0.094398 0.755184 0.000000 0.125864
855 12:00:08.540 6.286113 204.269998 31.119481 0.000000 0.537636 0.279370 10.306592 0.334565 0.200739 0.100370 0.802957 0.000000 0.133826
856 12:00:08.550 0.000000 176.823705 26.905209 0.000000 0.548140 0.256963 10.317711 0.353553 0.212132 0.106066 0.848528 0.000000 0.141421
857 12:00:08.560 19.412721 160.409490 41.951757 0.000000 0.604279 0.260356 10.330795 0.371572 0.222943 0.111472 0.891774 0.000000 0.148629
858 12:00:08.570 0.000000 153.900309 50.507801 0.000000 0.644799 0.243692 10.337466 0.388573 0.233144 0.116572 0.932575 0.000000 0.155429
859 12:00:08.580 6.014374 158.121090 27.308017 2.755114 0.628634 0.244303 10.413258 0.404508 0.242705 0.121353 0.970820 0.000000 0.161803
860 12:00:08.590 0.000000 138.877869 47.388270 0.000000 0.677478 0.183082 10.420639 0.419335 0.251601 0.125801 1.006405 0.000000 0.167734
861 12:00:08.600 7.315412 108.091574 34.692395 6.981970 0.713420 0.241925 10.461196 0.433013 0.259808 0.129904 1.039230 0.000000 0.173205
862 12:00:08.610 0.000000 106.668890 27.252767 5.182210 0.727562 0.184916 10.458314 0.445503 0.267302 0.133651 1.069208 0.000000 0.178201
863 12:00:08.620 0.000000 91.133460 46.936212 0.000000 0.714665 0.164487 10.462879 0.456773 0.274064 0.137032 1.096255 0.000000 0.182709
864 12:00:08.630 0.000000 65.056318 58.633527 8.801769 0.726891 0.144130 10.510972 0.466790 0.280074 0.140037 1.120297 0.000000 0.186716
865 12:00:08.640 22.138546 41.454586 57.307539 0.000000 0.750724 0.133978 10.476690 0.475528 0.285317 0.142658 1.141268 0.000000 0.190211
866 12:00:08.650 28.884708 17.636715 77.444161 5.388576 0.781458 0.141617 10.475037 0.482963 0.289778 0.144889 1.159111 0.000000 0.193185
867 12:00:08.660 6.166005 9.644701 65.956014 16.664167 0.788286 0.080551 10.488854 0.489074 0.293444 0.146722 1.173777 0.000000 0.195630
868 12:00:08.670 6.970538 24.710625 61.782328 5.350258 0.807351 0.061376 10.479809 0.493844 0.296307 0.148153 1.185226 0.000000 0.197538
869 12:00:08.680 7.069966 10.888136 68.367678 0.000000 0.771357 0.045883 10.534205 0.497261 0.298357 0.149178 1.193426 0.000000 0.198904
870 12:00:08.690 12.220395 2.778112 63.041036 26.757979 0.808631 -0.020798 10.500142 0.499315 0.299589 0.149794 1.198355 0.000000 0.199726
871 12:00:08.700 0.000000 23.036709 64.093622 6.249549 0.783750 0.011005 10.562925 0.500000 0.300000 0.150000 1.200000 0.000000 0.200000
872 12:00:08.710 14.584547 0.000000 74.661613 25.725371 0.839370 0.007323 10.526586 0.499315 0.299589 0.149794 1.198355 0.000000 0.199726
873 12:00:08.720 29.264419 0.000000 81.711919 38.403393 0.756119 -0.055768 10.547390 0.497261 0.298357 0.149178 1.193426 0.000000 0.198904
874 12:00:08.730 22.964187 0.000000 85.360394 29.642593 0.794930 -0.093657 10.523404 0.493844 0.296307 0.148153 1.185226 0.000000 0.197538
875 12:00:08.740 27.114520 8.683411 70.182324 27.008179 0.790742 -0.096903 10.512101 0.489074 0.293444 0.146722 1.173777 0.000000 0.195630
876 12:00:08.750 37.308504 0.000000 68.933174 53.791578 0.731910 -0.127556 10.481113 0.482963 0.289778 0.144889 1.159111 0.000000 0.193185
877 12:00:08.760 43.511446 0.000000 89.172458 53.909250 0.753144 -0.156116 10.482380 0.475528 0.285317 0.142658 1.141268 0.000000 0.190211
878 12:00:08.770 47.497734 0.000000 72.313395 66.213749 0.748889 -0.157590 10.441461 0.466790 0.280074 0.140037 1.120297 0.000000 0.186716
879 12:00:08.780 72.099672 4.013867 50.700814 80.934011 0.723478 -0.190735 10.391929 0.456773 0.274064 0.137032 1.096255 0.000000 0.182709
880 12:00:08.790 78.560097 0.000000 65.200896 49.262943 0.719368 -0.163961 10.449846 0.445503 0.267302 0.133651 1.069208 0.000000 0.178201
881 12:00:08.800 79.617724 0.000000 38.388480 85.301208 0.728248 -0.223161 10.440372 0.433013 0.259808 0.129904 1.039230 0.000000 0.173205
882 12:00:08.810 58.375157 8.696776 38.431307 79.417339 0.688664 -0.210455 10.391609 0.419335 0.251601 0.125801 1.006405 0.000000 0.167734
883 12:00:08.820 75.311119 8.396281 52.414466 84.233822 0.648786 -0.228581 10.386316 0.404508 0.242705 0.121353 0.970820 0.000000 0.161803
884 12:00:08.830 86.854480 0.660917 37.635204 99.620716 0.610835 -0.247868 10.348002 0.388573 0.233144 0.116572 0.932575 0.000000 0.155429
885 12:00:08.840 85.316093 11.421933 37.435634 82.997430 0.602828 -0.223896 10.366170 0.371572 0.222943 0.111472 0.891774 0.000000 0.148629
886 12:00:08.850 86.498367 0.000000 33.274276 113.394924 0.553788 -0.323517 10.306430 0.353553 0.212132 0.106066 0.848528 0.000000 0.141421
887 12:00:08.860 100.855080 0.000000 33.156921 85.916847 0.543435 -0.292508 10.336353 0.334565 0.200739 0.100370 0.802957 0.000000 0.133826
888 12:00:08.870 119.795046 2.273202 35.083802 103.082963 0.502639 -0.295007 10.280561 0.314660 0.188796 0.094398 0.755184 0.000000 0.125864
889 12:00:08.880 68.208588 0.000000 22.869218 90.529772 0.442333 -0.307933 10.217299 0.293893 0.176336 0.088168 0.705342 0.000000 0.117557
890 12:00:08.890 81.574643 0.000000 22.615244 83.164409 0.443842 -0.321226 10.179038 0.272320 0.163392 0.081696 0.653567 0.000000 0.108928
891 12:00:08.900 78.303304 7.417998 9.652434 83.964608 0.354423 -0.331538 10.162649 0.250000 0.150000 0.075000 0.600000 0.000000 0.100000
892 12:00:08.910 74.478371 0.157854 15.251764 80.542936 0.382910 -0.379716 10.133232 0.226995 0.136197 0.068099 0.544789 0.000000 0.090798
893 12:00:08.920 58.954774 39.496847 13.976731 76.872157 0.318619 -0.387528 10.113602 0.203368 0.122021 0.061010 0.488084 0.000000 0.081347
894 12:00:08.930 72.291891 2.904871 22.083282 71.423784 0.271129 -0.367013 10.048009 0.179184 0.107510 0.053755 0.430042 0.000000 0.071674
895 12:00:08.940 61.443405 0.000000 1.175924 78.979568 0.277326 -0.389180 10.006877 0.154508 0.092705 0.046353 0.370820 0.000000 0.061803
896 12:00:08.950 48.303169 0.000000 0.000000 59.187234 0.199789 -0.418245 9.987302 0.129410 0.077646 0.038823 0.310583 0.000000 0.051764
897 12:00:08.960 65.536907 1.738138 9.386053 61.246985 0.171440 -0.398353 10.006081 0.103956 0.062374 0.031187 0.249494 0.000000 0.041582
898 12:00:08.970 35.911557 0.731789 0.000000 63.929318 0.099401 -0.387421 9.915695 0.078217 0.046930 0.023465 0.187721 0.000000 0.031287
899 12:00:08.980 37.204589 0.000000 4.559835 17.632792 0.076011 -0.385588 9.839768 0.052264 0.031359 0.015679 0.125434 0.000000 0.020906
900 12:00:08.990 33.189713 0.000000 0.000000 44.617044 0.082154 -0.408687 9.834366 0.026168 0.015701 0.007850 0.062803 0.000000 0.010467
901 12:00:09.000 35.472129 0.000000 0.000000 40.545045 -0.008434 -0.392799 9.820684 0.000000 0.000000 0.000000 0.000000 0.000000 0.000000
902 12:00:09.010 8.080308 0.000000 10.996023 15.874562 -0.061907 -0.390912 9.766886 -0.026168 -0.015701 -0.007850 -0.062803 0.000000 -0.010467
903 12:00:09.020 0.000000 0.000000 0.000000 0.000000 -0.036271 -0.395700 9.751034 -0.052264 -0.031359 -0.015679 -0.125434 0.000000 -0.020906
904 12:00:09.030 0.000000 0.000000 0.000000 0.000000 -0.161441 -0.374534 9.669300 -0.078217 -0.046930 -0.023465 -0.187721 0.000000 -0.031287
905 12:00:09.040 0.000000 0.000000 0.000000 0.000000 -0.191622 -0.408823 9.677632 -0.103956 -0.062374 -0.031187 -0.249494 0.000000 -0.041582
906 12:00:09.050 0.000000 0.000000 0.000000 0.000000 -0.231687 -0.399404 9.583250 -0.129410 -0.077646 -0.038823 -0.310583 0.000000 -0.051764
907 12:00:09.060 0.000000 0.000000 0.000000 0.000000 -0.271980 -0.394151 9.594920 -0.154508 -0.092705 -0.046353 -0.370820 0.000000 -0.061803
908 12:00:09.070 0.000000 0.000000 0.000000 0.000000 -0.297104 -0.389448 9.536702 -0.179184 -0.107510 -0.053755 -0.430042 0.000000 -0.071674
909 12:00:09.080 0.000000 0.000000 0.000000 0.000000 -0.331310 -0.361002 9.470756 -0.203368 -0.122021 -0.061010 -0.488084 0.000000 -0.081347
910 12:00:09.090 0.000000 0.000000 0.000000 0.000000 -0.358120 -0.333548 9.519046 -0.226995 -0.136197 -0.068099 -0.544789 0.000000 -0.090798
911 12:00:09.100 0.000000 0.000000 0.000000 0.000000 -0.361257 -0.321960 9.463784 -0.250000 -0.150000 -0.075000 -0.600000 0.000000 -0.100000
912 12:00:09.110 0.000000 0.000000 0.000000 0.000000 -0.433216 -0.302257 9.425568 -0.272320 -0.163392 -0.081696 -0.653567 0.000000 -0.108928
913 12:00:09.120 0.000000 0.000000 0.000000 0.000000 -0.453873 -0.357515 9.415965 -0.293893 -0.176336 -0.088168 -0.705342 0.000000 -0.117557
914 12:00:09.130 0.000000 0.000000 0.000000 0.000000 -0.491264 -0.318949 9.355196 -0.314660 -0.188796 -0.094398 -0.755184 0.000000 -0.125864
915 12:00:09.140 0.000000 0.000000 0.000000 0.000000 -0.584497 -0.275692 9.326716 -0.334565 -0.200739 -0.100370 -0.802957 0.000000 -0.133826
916 12:00:09.150 0.000000 0.000000 0.000000 0.000000 -0.566003 -0.273961 9.277532 -0.353553 -0.212132 -0.106066 -0.848528 0.000000 -0.141421
917 12:00:09.160 0.000000 0.000000 0.000000 0.000000 -0.592643 -0.275811 9.276609 -0.371572 -0.222943 -0.111472 -0.891774 0.000000 -0.148629
918 12:00:09.170 0.000000 0.000000 0.000000 0.000000 -0.614398 -0.264833 9.250759 -0.388573 -0.233144 -0.116572 -0.932575 0.000000 -0.155429
919 12:00:09.180 0.000000 0.000000 0.000000 0.000000 -0.636543 -0.220546 9.220851 -0.404508 -0.242705 -0.121353 -0.970820 0.000000 -0.161803
920 12:00:09.190 0.000000 0.000000 0.000000 0.000000 -0.687393 -0.227015 9.215577 -0.419335 -0.251601 -0.125801 -1.006405 0.000000 -0.167734
921 12:00:09.200 0.000000 0.000000 0.000000 0.000000 -0.680544 -0.226338 9.222626 -0.433013 -0.259808 -0.129904 -1.039230 0.000000 -0.173205
922 12:00:09.210 0.000000 0.000000 0.000000 0.000000 -0.703575 -0.175665 9.195604 -0.445503 -0.267302 -0.133651 -1.069208 0.000000 -0.178201
923 12:00:09.220 0.000000 0.000000 0.000000 0.000000 -0.695039 -0.158202 9.172102 -0.456773 -0.274064 -0.137032 -1.096255 0.000000 -0.182709
924 12:00:09.230 0.000000 0.000000 0.000000 0.000000 -0.765841 -0.132875 9.199050 -0.466790 -0.280074 -0.140037 -1.120297 0.000000 -0.186716
925 12:00:09.240 0.000000 0.000000 0.000000 0.000000 -0.752160 -0.074136 9.109562 -0.475528 -0.285317 -0.142658 -1.141268 0.000000 -0.190211
926 12:00:09.250 0.000000 0.000000 0.000000 0.000000 -0.784300 -0.107565 9.106152 -0.482963 -0.289778 -0.144889 -1.159111 0.000000 -0.193185
927 12:00:09.260 0.000000 0.000000 0.000000 0.000000 -0.771426 -0.092155 9.117482 -0.489074 -0.293444 -0.146722 -1.173777 0.000000 -0.195630
928 12:00:09.270 0.000000 0.000000 0.000000 0.000000 -0.787488 -0.049792 9.130645 -0.493844 -0.296307 -0.148153 -1.185226 0.000000 -0.197538
929 12:00:09.280 0.000000 0.000000 0.000000 0.000000 -0.782232 -0.022150 9.151185 -0.497261 -0.298357 -0.149178 -1.193426 0.000000 -0.198904
930 12:00:09.290 0.000000 0.000000 0.000000 0.000000 -0.818019 0.014900 9.135078 -0.499315 -0.299589 -0.149794 -1.198355 0.000000 -0.199726
931 12:00:09.300 0.000000 0.000000 0.000000 0.000000 -0.816923 0.002727 9.109172 -0.500000 -0.300000 -0.150000 -1.200000 0.000000 -0.200000
932 12:00:09.310 0.000000 0.000000 0.000000 0.000000 -0.844325 0.017701 9.091535 -0.499315 -0.299589 -0.149794 -1.198355 0.000000 -0.199726
933 12:00:09.320 0.000000 0.000000 0.000000 0.000000 -0.793868 0.072060 9.125726 -0.497261 -0.298357 -0.149178 -1.193426 0.000000 -0.198904
934 12:00:09.330 0.000000 0.000000 0.000000 0.000000 -0.764284 0.047603 9.067054 -0.493844 -0.296307 -0.148153 -1.185226 0.000000 -0.197538
935 12:00:09.340 0.000000 0.000000 0.000000 0.000000 -0.789987 0.075213 9.180811 -0.489074 -0.293444 -0.146722 -1.173777 0.000000 -0.195630
936 12:00:09.350 0.000000 0.000000 0.000000 0.000000 -0.803689 0.122287 9.089180 -0.482963 -0.289778 -0.144889 -1.159111 0.000000 -0.193185
937 12:00:09.360 0.000000 0.000000 0.000000 0.000000 -0.748828 0.108270 9.158366 -0.475528 -0.285317 -0.142658 -1.141268 0.000000 -0.190211
938 12:00:09.370 0.000000 0.000000 0.000000 0.000000 -0.717057 0.164746 9.140086 -0.466790 -0.280074 -0.140037 -1.120297 0.000000 -0.186716
939 12:00:09.380 0.000000 0.000000 0.000000 0.000000 -0.710619 0.162428 9.194831 -0.456773 -0.274064 -0.137032 -1.096255 0.000000 -0.182709
940 12:00:09.390 0.000000 0.000000 0.000000 0.000000 -0.741630 0.168882 9.155200 -0.445503 -0.267302 -0.133651 -1.069208 0.000000 -0.178201
941 12:00:09.400 0.000000 0.000000 0.000000 0.000000 -0.688350 0.201766 9.185020 -0.433013 -0.259808 -0.129904 -1.039230 0.000000 -0.173205
942 12:00:09.410 0.000000 0.000000 0.000000 0.000000 -0.685834 0.211137 9.290550 -0.419335 -0.251601 -0.125801 -1.006405 0.000000 -0.167734
943 12:00:09.420 0.000000 0.000000 0.000000 0.000000 -0.631803 0.225663 9.236332 -0.404508 -0.242705 -0.121353 -0.970820 0.000000 -0.161803
944 12:00:09.430 0.000000 0.000000 0.000000 0.000000 -0.629827 0.220688 9.292801 -0.388573 -0.233144 -0.116572 -0.932575 0.000000 -0.155429
945 12:00:09.440 0.000000 0.000000 0.000000 0.000000 -0.567863 0.281214 9.270095 -0.371572 -0.222943 -0.111472 -0.891774 0.000000 -0.148629
946 12:00:09.450 0.000000 0.000000 0.000000 0.000000 -0.548303 0.261855 9.346418 -0.353553 -0.212132 -0.106066 -0.848528 0.000000 -0.141421
947 12:00:09.460 0.000000 0.000000 0.000000 0.000000 -0.536402 0.291929 9.350962 -0.334565 -0.200739 -0.100370 -0.802957 0.000000 -0.133826
948 12:00:09.470 0.000000 0.000000 0.000000 0.000000 -0.498344 0.267152 9.289038 -0.314660 -0.188796 -0.094398 -0.755184 0.000000 -0.125864
949 12:00:09.480 0.000000 0.000000 0.000000 0.000000 -0.492092 0.322945 9.434957 -0.293893 -0.176336 -0.088168 -0.705342 0.000000 -0.117557
950 12:00:09.490 0.000000 0.000000 0.000000 0.000000 -0.456211 0.371488 9.460752 -0.272320 -0.163392 -0.081696 -0.653567 0.000000 -0.108928
951 12:00:09.500 0.000000 0.000000 0.000000 0.000000 -0.404001 0.298445 9.494040 -0.250000 -0.150000 -0.075000 -0.600000 0.000000 -0.100000
952 12:00:09.510 0.000000 0.000000 0.000000 0.000000 -0.359905 0.361371 9.488472 -0.226995 -0.136197 -0.068099 -0.544789 0.000000 -0.090798
953 12:00:09.520 0.000000 0.000000 0.000000 0.000000 -0.341882 0.351051 9.532568 -0.203368 -0.122021 -0.061010 -0.488084 0.000000 -0.081347
954 12:00:09.530 0.000000 0.000000 0.000000 0.000000 -0.268075 0.399252 9.589112 -0.179184 -0.107510 -0.053755 -0.430042 0.000000 -0.071674
955 12:00:09.540 0.000000 0.000000 0.000000 0.000000 -0.252633 0.373911 9.581750 -0.154508 -0.092705 -0.046353 -0.370820 0.000000 -0.061803
956 12:00:09.550 0.000000 0.000000 0.000000 0.000000 -0.205404 0.411205 9.657926 -0.129410 -0.077646 -0.038823 -0.310583 0.000000 -0.051764
957 12:00:09.560 0.000000 0.000000 0.000000 0.000000 -0.161137 0.374095 9.649825 -0.103956 -0.062374 -0.031187 -0.249494 0.000000 -0.041582
958 12:00:09.570 0.000000 0.000000 0.000000 0.000000 -0.108860 0.365931 9.691594 -0.078217 -0.046930 -0.023465 -0.187721 0.000000 -0.031287
959 12:00:09.580 0.000000 0.000000 0.000000 0.000000 -0.080424 0.357902 9.701235 -0.052264 -0.031359 -0.015679 -0.125434 0.000000 -0.020906
960 12:00:09.590 0.000000 0.000000 0.000000 0.000000 -0.027024 0.417600 9.708727 -0.026168 -0.015701 -0.007850 -0.062803 0.000000 -0.010467
