StepWise synthetic software-test fixture
SYNTHETIC DATA - NOT CLINICAL OR HUMAN-SUBJECT DATA
Generated deterministically for parser, segmentation, API, and demo testing.
Fields: Sample SystemTime P1 P2 P3 P4 AccX AccY AccZ GyrX GyrY GyrZ Pitch Roll Yaw
--------------------------------------------------------------------------------
1 12:00:00.000 0.098293 126.672399 1.213056 0.513641 -0.001112 0.389470 9.814096 0.000000 0.000000 0.000000 0.000000 16.000000 0.000000
2 12:00:00.010 0.000000 153.169345 0.523789 1.587631 0.012559 0.387102 9.854748 0.026168 0.015701 0.007850 0.062803 15.737705 0.010467
3 12:00:00.020 0.000000 177.586105 1.828845 1.556884 0.078344 0.408568 9.888081 0.052264 0.031359 0.015679 0.125434 15.475410 0.020906
4 12:00:00.030 0.827210 204.867300 1.654829 0.000000 0.099195 0.385793 9.918689 0.078217 0.046930 0.023465 0.187721 15.213115 0.031287
5 12:00:00.040 0.239250 232.995597 2.721882 0.000000 0.152831 0.374631 10.014865 0.103956 0.062374 0.031187 0.249494 14.950820 0.041582
6 12:00:00.050 0.598009 256.414089 2.543591 2.302715 0.203512 0.407437 9.947498 0.129410 0.077646 0.038823 0.310583 14.688525 0.051764
7 12:00:00.060 0.000000 283.232772 3.648248 0.000000 0.268587 0.363099 9.991227 0.154508 0.092705 0.046353 0.370820 14.426230 0.061803
8 12:00:00.070 0.560727 303.736370 6.997365 0.051218 0.281573 0.353442 10.057152 0.179184 0.107510 0.053755 0.430042 14.163934 0.071674
9 12:00:00.080 0.000000 322.101535 6.639504 0.176226 0.321142 0.362997 10.066988 0.203368 0.122021 0.061010 0.488084 13.901639 0.081347
10 12:00:00.090 0.000000 335.258099 6.949900 0.000000 0.354406 0.363083 10.167341 0.226995 0.136197 0.068099 0.544789 13.639344 0.090798
11 12:00:00.100 0.984529 345.017361 9.815532 0.042859 0.412446 0.342823 10.113323 0.250000 0.150000 0.075000 0.600000 13.377049 0.100000
12 12:00:00.110 0.000000 346.892711 12.822395 0.000000 0.433140 0.366423 10.215895 0.272320 0.163392 0.081696 0.653567 13.114754 0.108928
13 12:00:00.120 1.076865 343.345250 12.930664 0.972108 0.449840 0.311278 10.244896 0.293893 0.176336 0.088168 0.705342 12.852459 0.117557
14 12:00:00.130 0.000000 334.590556 20.060370 0.000000 0.500498 0.345235 10.257521 0.314660 0.188796 0.094398 0.755184 12.590164 0.125864
15 12:00:00.140 0.000000 322.141388 19.825151 0.000000 0.524679 0.278960 10.295708 0.334565 0.200739 0.100370 0.802957 12.327869 0.133826
16 12:00:00.150 0.000000 304.355746 22.827898 0.603951 0.556816 0.286637 10.279276 0.353553 0.212132 0.106066 0.848528 12.065574 0.141421
17 12:00:00.160 0.000000 280.653937 27.726311 1.189846 0.612397 0.312637 10.309090 0.371572 0.222943 0.111472 0.891774 11.803279 0.148629
18 12:00:00.170 1.717079 256.523439 31.497662 0.080649 0.622457 0.282332 10.359726 0.388573 0.233144 0.116572 0.932575 11.540984 0.155429
19 12:00:00.180 0.397763 228.566813 34.896965 0.916135 0.661378 0.259655 10.392612 0.404508 0.242705 0.121353 0.970820 11.278689 0.161803
20 12:00:00.190 0.564016 203.837294 43.306388 1.621836 0.645864 0.198008 10.391007 0.419335 0.251601 0.125801 1.006405 11.016393 0.167734
21 12:00:00.200 1.513269 176.454008 43.501731 0.000000 0.692548 0.220703 10.416695 0.433013 0.259808 0.129904 1.039230 10.754098 0.173205
22 12:00:00.210 1.555293 152.329937 47.817094 1.819807 0.702925 0.211003 10.472455 0.445503 0.267302 0.133651 1.069208 10.491803 0.178201
23 12:00:00.220 0.398223 125.711213 53.274713 2.389244 0.771565 0.165930 10.476473 0.456773 0.274064 0.137032 1.096255 10.229508 0.182709
24 12:00:00.230 3.197925 104.201311 56.779013 1.963075 0.751716 0.152552 10.487203 0.466790 0.280074 0.140037 1.120297 9.967213 0.186716
25 12:00:00.240 2.603233 85.777237 61.994317 2.066399 0.776234 0.158665 10.457248 0.475528 0.285317 0.142658 1.141268 9.704918 0.190211
26 12:00:00.250 4.270964 67.532020 64.933113 5.236503 0.768600 0.133857 10.477202 0.482963 0.289778 0.144889 1.159111 9.442623 0.193185
27 12:00:00.260 5.761288 55.804352 68.559993 4.327619 0.780020 0.089598 10.520514 0.489074 0.293444 0.146722 1.173777 9.180328 0.195630
28 12:00:00.270 5.997506 43.186385 70.496367 4.118389 0.785301 0.057725 10.510495 0.493844 0.296307 0.148153 1.185226 8.918033 0.197538
29 12:00:00.280 6.625202 30.601023 73.572125 7.816906 0.786316 0.040046 10.517376 0.497261 0.298357 0.149178 1.193426 8.655738 0.198904
30 12:00:00.290 9.410644 23.863665 73.674706 9.230186 0.782358 0.048447 10.522871 0.499315 0.299589 0.149794 1.198355 8.393443 0.199726
31 12:00:00.300 9.609442 17.058812 76.048276 10.599210 0.829113 0.012987 10.500095 0.500000 0.300000 0.150000 1.200000 8.131148 0.200000
32 12:00:00.310 11.185822 11.591184 73.584467 13.374014 0.807975 -0.016512 10.594388 0.499315 0.299589 0.149794 1.198355 7.868852 0.199726
33 12:00:00.320 10.722216 7.602907 74.295890 15.683751 0.775538 -0.042746 10.508510 0.497261 0.298357 0.149178 1.193426 7.606557 0.198904
34 12:00:00.330 14.143681 5.968059 74.173398 16.764373 0.795546 -0.035620 10.505646 0.493844 0.296307 0.148153 1.185226 7.344262 0.197538
35 12:00:00.340 17.631841 5.363933 71.746613 18.593183 0.762488 -0.071891 10.481351 0.489074 0.293444 0.146722 1.173777 7.081967 0.195630
36 12:00:00.350 19.702550 1.519026 67.595000 20.833853 0.774981 -0.083333 10.477023 0.482963 0.289778 0.144889 1.159111 6.819672 0.193185
37 12:00:00.360 21.419849 2.863295 64.525191 24.992444 0.769806 -0.128002 10.474266 0.475528 0.285317 0.142658 1.141268 6.557377 0.190211
38 12:00:00.370 24.586371 0.000000 62.026766 28.223590 0.744381 -0.130513 10.454982 0.466790 0.280074 0.140037 1.120297 6.295082 0.186716
39 12:00:00.380 26.767413 0.963591 57.025829 30.757489 0.721918 -0.154891 10.513268 0.456773 0.274064 0.137032 1.096255 6.032787 0.182709
40 12:00:00.390 30.508941 0.101006 51.148251 34.599611 0.694308 -0.180338 10.427090 0.445503 0.267302 0.133651 1.069208 5.770492 0.178201
41 12:00:00.400 32.088587 0.000000 49.863721 36.149441 0.707826 -0.200336 10.448874 0.433013 0.259808 0.129904 1.039230 5.508197 0.173205
42 12:00:00.410 34.363743 0.640026 44.777037 38.271982 0.664253 -0.252831 10.436739 0.419335 0.251601 0.125801 1.006405 5.245902 0.167734
43 12:00:00.420 36.990729 0.180976 41.718012 40.163693 0.653035 -0.235111 10.347764 0.404508 0.242705 0.121353 0.970820 4.983607 0.161803
44 12:00:00.430 37.114180 0.898144 34.795204 41.926751 0.619656 -0.237996 10.296199 0.388573 0.233144 0.116572 0.932575 4.721311 0.155429
45 12:00:00.440 38.116771 0.936181 32.779118 43.196342 0.617060 -0.303748 10.360816 0.371572 0.222943 0.111472 0.891774 4.459016 0.148629
46 12:00:00.450 40.655334 0.956875 26.643037 43.476695 0.587755 -0.291195 10.261885 0.353553 0.212132 0.106066 0.848528 4.196721 0.141421
47 12:00:00.460 39.667973 1.511161 26.379036 42.917520 0.539116 -0.303938 10.306800 0.334565 0.200739 0.100370 0.802957 3.934426 0.133826
48 12:00:00.470 40.202542 0.000000 21.219086 46.127411 0.514544 -0.321879 10.267882 0.314660 0.188796 0.094398 0.755184 3.672131 0.125864
49 12:00:00.480 38.225207 0.178784 17.591032 44.926128 0.472978 -0.301782 10.207487 0.293893 0.176336 0.088168 0.705342 3.409836 0.117557
50 12:00:00.490 40.017757 1.269496 13.919791 44.183094 0.451698 -0.343066 10.203618 0.272320 0.163392 0.081696 0.653567 3.147541 0.108928
51 12:00:00.500 39.462948 0.552343 12.413460 43.770124 0.379292 -0.356752 10.178564 0.250000 0.150000 0.075000 0.600000 2.885246 0.100000
52 12:00:00.510 34.793542 0.771352 9.237578 40.965882 0.385766 -0.353963 10.124955 0.226995 0.136197 0.068099 0.544789 2.622951 0.090798
53 12:00:00.520 33.940693 0.000000 8.178954 35.917426 0.286188 -0.353283 10.099715 0.203368 0.122021 0.061010 0.488084 2.360656 0.081347
54 12:00:00.530 29.122558 0.000000 6.901007 35.493335 0.313227 -0.336839 10.018222 0.179184 0.107510 0.053755 0.430042 2.098361 0.071674
55 12:00:00.540 27.757882 0.000000 4.235235 31.775541 0.242582 -0.414028 10.048140 0.154508 0.092705 0.046353 0.370820 1.836066 0.061803
56 12:00:00.550 28.592873 0.000000 3.497264 30.513105 0.188011 -0.370241 9.958907 0.129410 0.077646 0.038823 0.310583 1.573770 0.051764
57 12:00:00.560 22.047547 0.221699 3.564578 28.544172 0.198311 -0.333117 9.946668 0.103956 0.062374 0.031187 0.249494 1.311475 0.041582
58 12:00:00.570 21.038343 0.290627 3.294542 24.304019 0.118836 -0.428170 9.926388 0.078217 0.046930 0.023465 0.187721 1.049180 0.031287
59 12:00:00.580 18.791030 0.822126 1.363126 21.097217 0.085871 -0.370034 9.912222 0.052264 0.031359 0.015679 0.125434 0.786885 0.020906
60 12:00:00.590 16.894449 0.000000 2.608036 20.231189 0.048273 -0.373356 9.848254 0.026168 0.015701 0.007850 0.062803 0.524590 0.010467
61 12:00:00.600 13.738826 0.379729 0.996176 15.645560 -0.033894 -0.414377 9.804216 0.000000 0.000000 0.000000 0.000000 0.262295 0.000000
62 12:00:00.610 10.254530 1.166368 1.000133 14.157918 -0.054879 -0.415748 9.760121 -0.026168 -0.015701 -0.007850 -0.062803 0.000000 -0.010467
63 12:00:00.620 0.000000 0.000000 0.000000 0.000000 -0.048990 -0.422732 9.729763 -0.052264 -0.031359 -0.015679 -0.125434 0.000000 -0.020906
64 12:00:00.630 0.000000 0.000000 0.000000 0.000000 -0.096718 -0.410416 9.744801 -0.078217 -0.046930 -0.023465 -0.187721 0.000000 -0.031287
65 12:00:00.640 0.000000 0.000000 0.000000 0.000000 -0.150220 -0.382707 9.679347 -0.103956 -0.062374 -0.031187 -0.249494 0.000000 -0.041582
66 12:00:00.650 0.000000 0.000000 0.000000 0.000000 -0.184853 -0.377598 9.601271 -0.129410 -0.077646 -0.038823 -0.310583 0.000000 -0.051764
67 12:00:00.660 0.000000 0.000000 0.000000 0.000000 -0.228471 -0.419913 9.571544 -0.154508 -0.092705 -0.046353 -0.370820 0.000000 -0.061803
68 12:00:00.670 0.000000 0.000000 0.000000 0.000000 -0.294760 -0.385463 9.539744 -0.179184 -0.107510 -0.053755 -0.430042 0.000000 -0.071674
69 12:00:00.680 0.000000 0.000000 0.000000 0.000000 -0.275242 -0.361634 9.540420 -0.203368 -0.122021 -0.061010 -0.488084 0.000000 -0.081347
70 12:00:00.690 0.000000 0.000000 0.000000 0.000000 -0.380073 -0.332069 9.542279 -0.226995 -0.136197 -0.068099 -0.544789 0.000000 -0.090798
71 12:00:00.700 0.000000 0.000000 0.000000 0.000000 -0.392532 -0.348496 9.485642 -0.250000 -0.150000 -0.075000 -0.600000 0.000000 -0.100000
72 12:00:00.710 0.000000 0.000000 0.000000 0.000000 -0.412169 -0.352606 9.400537 -0.272320 -0.163392 -0.081696 -0.653567 0.000000 -0.108928
73 12:00:00.720 0.000000 0.000000 0.000000 0.000000 -0.465694 -0.322772 9.426948 -0.293893 -0.176336 -0.088168 -0.705342 0.000000 -0.117557
74 12:00:00.730 0.000000 0.000000 0.000000 0.000000 -0.491202 -0.303969 9.384640 -0.314660 -0.188796 -0.094398 -0.755184 0.000000 -0.125864
75 12:00:00.740 0.000000 0.000000 0.000000 0.000000 -0.515171 -0.327354 9.351102 -0.334565 -0.200739 -0.100370 -0.802957 0.000000 -0.133826
76 12:00:00.750 0.000000 0.000000 0.000000 0.000000 -0.538219 -0.303340 9.357733 -0.353553 -0.212132 -0.106066 -0.848528 0.000000 -0.141421
77 12:00:00.760 0.000000 0.000000 0.000000 0.000000 -0.609684 -0.261491 9.266502 -0.371572 -0.222943 -0.111472 -0.891774 0.000000 -0.148629
78 12:00:00.770 0.000000 0.000000 0.000000 0.000000 -0.651907 -0.260932 9.308821 -0.388573 -0.233144 -0.116572 -0.932575 0.000000 -0.155429
79 12:00:00.780 0.000000 0.000000 0.000000 0.000000 -0.654647 -0.232586 9.207428 -0.404508 -0.242705 -0.121353 -0.970820 0.000000 -0.161803
80 12:00:00.790 0.000000 0.000000 0.000000 0.000000 -0.671883 -0.210301 9.210620 -0.419335 -0.251601 -0.125801 -1.006405 0.000000 -0.167734
81 12:00:00.800 0.000000 0.000000 0.000000 0.000000 -0.741336 -0.216947 9.193667 -0.433013 -0.259808 -0.129904 -1.039230 0.000000 -0.173205
82 12:00:00.810 0.000000 0.000000 0.000000 0.000000 -0.709442 -0.182155 9.170946 -0.445503 -0.267302 -0.133651 -1.069208 0.000000 -0.178201
83 12:00:00.820 0.000000 0.000000 0.000000 0.000000 -0.712017 -0.168308 9.171127 -0.456773 -0.274064 -0.137032 -1.096255 0.000000 -0.182709
84 12:00:00.830 0.000000 0.000000 0.000000 0.000000 -0.747358 -0.147508 9.160115 -0.466790 -0.280074 -0.140037 -1.120297 0.000000 -0.186716
85 12:00:00.840 0.000000 0.000000 0.000000 0.000000 -0.749567 -0.132420 9.130213 -0.475528 -0.285317 -0.142658 -1.141268 0.000000 -0.190211
86 12:00:00.850 0.000000 0.000000 0.000000 0.000000 -0.762402 -0.118117 9.110910 -0.482963 -0.289778 -0.144889 -1.159111 0.000000 -0.193185
87 12:00:00.860 0.000000 0.000000 0.000000 0.000000 -0.769245 -0.070492 9.110450 -0.489074 -0.293444 -0.146722 -1.173777 0.000000 -0.195630
88 12:00:00.870 0.000000 0.000000 0.000000 0.000000 -0.802321 -0.066838 9.179294 -0.493844 -0.296307 -0.148153 -1.185226 0.000000 -0.197538
89 12:00:00.880 0.000000 0.000000 0.000000 0.000000 -0.798931 -0.014391 9.117807 -0.497261 -0.298357 -0.149178 -1.193426 0.000000 -0.198904
90 12:00:00.890 0.000000 0.000000 0.000000 0.000000 -0.771847 -0.023004 9.077718 -0.499315 -0.299589 -0.149794 -1.198355 0.000000 -0.199726
91 12:00:00.900 0.000000 0.000000 0.000000 0.000000 -0.792580 -0.018672 9.105236 -0.500000 -0.300000 -0.150000 -1.200000 0.000000 -0.200000
92 12:00:00.910 0.000000 0.000000 0.000000 0.000000 -0.779851 0.041850 9.075622 -0.499315 -0.299589 -0.149794 -1.198355 0.000000 -0.199726
93 12:00:00.920 0.000000 0.000000 0.000000 0.000000 -0.791324 0.044582 9.115919 -0.497261 -0.298357 -0.149178 -1.193426 0.000000 -0.198904
94 12:00:00.930 0.000000 0.000000 0.000000 0.000000 -0.785717 0.052404 9.058951 -0.493844 -0.296307 -0.148153 -1.185226 0.000000 -0.197538
95 12:00:00.940 0.000000 0.000000 0.000000 0.000000 -0.798416 0.072672 9.125977 -0.489074 -0.293444 -0.146722 -1.173777 0.000000 -0.195630
96 12:00:00.950 0.000000 0.000000 0.000000 0.000000 -0.764095 0.128968 9.145963 -0.482963 -0.289778 -0.144889 -1.159111 0.000000 -0.193185
97 12:00:00.960 0.000000 0.000000 0.000000 0.000000 -0.736214 0.110307 9.156611 -0.475528 -0.285317 -0.142658 -1.141268 0.000000 -0.190211
98 12:00:00.970 0.000000 0.000000 0.000000 0.000000 -0.763368 0.148218 9.172142 -0.466790 -0.280074 -0.140037 -1.120297 0.000000 -0.186716
99 12:00:00.980 0.000000 0.000000 0.000000 0.000000 -0.760161 0.165275 9.215640 -0.456773 -0.274064 -0.137032 -1.096255 0.000000 -0.182709
100 12:00:00.990 0.000000 0.000000 0.000000 0.000000 -0.690034 0.178171 9.182472 -0.445503 -0.267302 -0.133651 -1.069208 0.000000 -0.178201
101 12:00:01.000 0.000000 0.000000 0.000000 0.000000 -0.690319 0.211640 9.161448 -0.433013 -0.259808 -0.129904 -1.039230 0.000000 -0.173205
102 12:00:01.010 0.000000 0.000000 0.000000 0.000000 -0.665567 0.205634 9.233552 -0.419335 -0.251601 -0.125801 -1.006405 0.000000 -0.167734
103 12:00:01.020 0.000000 0.000000 0.000000 0.000000 -0.643635 0.243173 9.276908 -0.404508 -0.242705 -0.121353 -0.970820 0.000000 -0.161803
104 12:00:01.030 0.000000 0.000000 0.000000 0.000000 -0.690350 0.241562 9.229024 -0.388573 -0.233144 -0.116572 -0.932575 0.000000 -0.155429
105 12:00:01.040 0.000000 0.000000 0.000000 0.000000 -0.562744 0.243615 9.280367 -0.371572 -0.222943 -0.111472 -0.891774 0.000000 -0.148629
106 12:00:01.050 0.000000 0.000000 0.000000 0.000000 -0.589325 0.302779 9.386591 -0.353553 -0.212132 -0.106066 -0.848528 0.000000 -0.141421
107 12:00:01.060 0.000000 0.000000 0.000000 0.000000 -0.532174 0.304698 9.362290 -0.334565 -0.200739 -0.100370 -0.802957 0.000000 -0.133826
108 12:00:01.070 0.000000 0.000000 0.000000 0.000000 -0.507678 0.330807 9.392261 -0.314660 -0.188796 -0.094398 -0.755184 0.000000 -0.125864
109 12:00:01.080 0.000000 0.000000 0.000000 0.000000 -0.467744 0.317431 9.369237 -0.293893 -0.176336 -0.088168 -0.705342 0.000000 -0.117557
110 12:00:01.090 0.000000 0.000000 0.000000 0.000000 -0.390221 0.350406 9.400242 -0.272320 -0.163392 -0.081696 -0.653567 0.000000 -0.108928
111 12:00:01.100 0.000000 0.000000 0.000000 0.000000 -0.355777 0.314830 9.452311 -0.250000 -0.150000 -0.075000 -0.600000 0.000000 -0.100000
112 12:00:01.110 0.000000 0.000000 0.000000 0.000000 -0.349578 0.369123 9.484511 -0.226995 -0.136197 -0.068099 -0.544789 0.000000 -0.090798
113 12:00:01.120 0.000000 0.000000 0.000000 0.000000 -0.310998 0.357314 9.472306 -0.203368 -0.122021 -0.061010 -0.488084 0.000000 -0.081347
114 12:00:01.130 0.000000 0.000000 0.000000 0.000000 -0.239716 0.370918 9.566659 -0.179184 -0.107510 -0.053755 -0.430042 0.000000 -0.071674
115 12:00:01.140 0.000000 0.000000 0.000000 0.000000 -0.263521 0.371473 9.552474 -0.154508 -0.092705 -0.046353 -0.370820 0.000000 -0.061803
116 12:00:01.150 0.000000 0.000000 0.000000 0.000000 -0.170562 0.388933 9.622716 -0.129410 -0.077646 -0.038823 -0.310583 0.000000 -0.051764
117 12:00:01.160 0.000000 0.000000 0.000000 0.000000 -0.179951 0.413895 9.701084 -0.103956 -0.062374 -0.031187 -0.249494 0.000000 -0.041582
118 12:00:01.170 0.000000 0.000000 0.000000 0.000000 -0.107125 0.397649 9.675983 -0.078217 -0.046930 -0.023465 -0.187721 0.000000 -0.031287
119 12:00:01.180 0.000000 0.000000 0.000000 0.000000 -0.109347 0.422041 9.709354 -0.052264 -0.031359 -0.015679 -0.125434 0.000000 -0.020906
120 12:00:01.190 0.000000 0.000000 0.000000 0.000000 -0.017514 0.413772 9.751657 -0.026168 -0.015701 -0.007850 -0.062803 0.000000 -0.010467
121 12:00:01.200 1.256710 128.366232 0.966060 0.000000 0.039190 0.454211 9.801983 0.000000 0.000000 0.000000 0.000000 16.000000 0.000000
122 12:00:01.210 1.653867 150.872735 2.681682 0.139417 0.050733 0.392231 9.822831 0.026168 0.015701 0.007850 0.062803 15.737705 0.010467
123 12:00:01.220 0.000000 178.264527 1.309010 0.000000 0.064389 0.375658 9.864308 0.052264 0.031359 0.015679 0.125434 15.475410 0.020906
124 12:00:01.230 0.289631 207.017397 1.547734 0.000000 0.103039 0.391179 9.907140 0.078217 0.046930 0.023465 0.187721 15.213115 0.031287
125 12:00:01.240 1.278987 230.451624 2.531378 1.296275 0.175985 0.372868 9.937981 0.103956 0.062374 0.031187 0.249494 14.950820 0.041582
126 12:00:01.250 0.000000 256.296821 3.991229 2.864722 0.187927 0.384773 9.943946 0.129410 0.077646 0.038823 0.310583 14.688525 0.051764
127 12:00:01.260 0.000000 281.297827 5.235208 0.000000 0.267916 0.376552 9.997052 0.154508 0.092705 0.046353 0.370820 14.426230 0.061803
128 12:00:01.270 0.000000 302.790586 6.974525 0.630920 0.275927 0.390814 10.043387 0.179184 0.107510 0.053755 0.430042 14.163934 0.071674
129 12:00:01.280 0.000000 321.379195 6.700318 0.000000 0.321991 0.375296 10.130146 0.203368 0.122021 0.061010 0.488084 13.901639 0.081347
130 12:00:01.290 1.916944 333.947628 8.713587 0.000000 0.397562 0.327470 10.133583 0.226995 0.136197 0.068099 0.544789 13.639344 0.090798
131 12:00:01.300 0.000000 342.449915 11.458207 0.000000 0.388449 0.354080 10.152730 0.250000 0.150000 0.075000 0.600000 13.377049 0.100000
132 12:00:01.310 0.941426 346.851994 12.303562 1.643905 0.433858 0.368142 10.150233 0.272320 0.163392 0.081696 0.653567 13.114754 0.108928
133 12:00:01.320 0.096855 343.610639 14.688478 1.390559 0.448153 0.255188 10.193909 0.293893 0.176336 0.088168 0.705342 12.852459 0.117557
134 12:00:01.330 0.149975 334.004752 16.994661 0.000000 0.513768 0.316550 10.261989 0.314660 0.188796 0.094398 0.755184 12.590164 0.125864
135 12:00:01.340 0.000000 321.322544 22.516882 0.822334 0.552461 0.266539 10.330151 0.334565 0.200739 0.100370 0.802957 12.327869 0.133826
136 12:00:01.350 0.158490 303.659454 24.597468 0.908214 0.566337 0.297433 10.296584 0.353553 0.212132 0.106066 0.848528 12.065574 0.141421
137 12:00:01.360 0.969151 279.340677 28.410794 0.000000 0.562656 0.259742 10.343493 0.371572 0.222943 0.111472 0.891774 11.803279 0.148629
138 12:00:01.370 0.000000 256.721160 32.038018 0.000000 0.602177 0.238982 10.376869 0.388573 0.233144 0.116572 0.932575 11.540984 0.155429
139 12:00:01.380 0.458107 229.385105 37.583769 0.257206 0.635883 0.234361 10.427884 0.404508 0.242705 0.121353 0.970820 11.278689 0.161803
140 12:00:01.390 1.067937 202.943320 39.337302 0.527512 0.691311 0.222051 10.380707 0.419335 0.251601 0.125801 1.006405 11.016393 0.167734
141 12:00:01.400 0.884507 177.325870 45.620379 1.249168 0.686272 0.203578 10.399906 0.433013 0.259808 0.129904 1.039230 10.754098 0.173205
142 12:00:01.410 0.504589 151.420371 49.084287 1.180082 0.763640 0.164875 10.414562 0.445503 0.267302 0.133651 1.069208 10.491803 0.178201
143 12:00:01.420 1.631726 124.470309 55.421743 0.379759 0.706836 0.140833 10.373954 0.456773 0.274064 0.137032 1.096255 10.229508 0.182709
144 12:00:01.430 2.154198 103.625316 56.535199 1.751923 0.733878 0.134366 10.446899 0.466790 0.280074 0.140037 1.120297 9.967213 0.186716
145 12:00:01.440 3.235723 83.906533 62.899802 4.001302 0.750065 0.163838 10.474225 0.475528 0.285317 0.142658 1.141268 9.704918 0.190211
146 12:00:01.450 3.632873 66.126743 66.254929 3.702262 0.792602 0.111850 10.439123 0.482963 0.289778 0.144889 1.159111 9.442623 0.193185
147 12:00:01.460 4.584696 52.865784 68.795543 5.102843 0.803008 0.078214 10.488706 0.489074 0.293444 0.146722 1.173777 9.180328 0.195630
148 12:00:01.470 5.242631 43.253315 71.530453 5.158644 0.792075 0.054006 10.488276 0.493844 0.296307 0.148153 1.185226 8.918033 0.197538
149 12:00:01.480 5.263492 31.714662 71.568859 9.057114 0.798429 0.029819 10.513089 0.497261 0.298357 0.149178 1.193426 8.655738 0.198904
150 12:00:01.490 7.365650 23.556807 73.490085 7.445441 0.789912 0.011448 10.508302 0.499315 0.299589 0.149794 1.198355 8.393443 0.199726
151 12:00:01.500 7.382193 14.383448 74.739613 9.633569 0.781273 0.011414 10.520364 0.500000 0.300000 0.150000 1.200000 8.131148 0.200000
152 12:00:01.510 10.514477 12.082618 74.470408 11.056372 0.809626 -0.013146 10.479286 0.499315 0.299589 0.149794 1.198355 7.868852 0.199726
153 12:00:01.520 14.010936 8.267485 73.611961 13.660694 0.793431 -0.022953 10.526347 0.497261 0.298357 0.149178 1.193426 7.606557 0.198904
154 12:00:01.530 17.106943 5.609656 73.576829 16.006273 0.799771 -0.081562 10.541140 0.493844 0.296307 0.148153 1.185226 7.344262 0.197538
155 12:00:01.540 16.999385 3.958108 71.416814 17.879895 0.757836 -0.068894 10.479594 0.489074 0.293444 0.146722 1.173777 7.081967 0.195630
156 12:00:01.550 16.997794 3.113985 69.709704 23.927527 0.781221 -0.080216 10.514525 0.482963 0.289778 0.144889 1.159111 6.819672 0.193185
157 12:00:01.560 21.910049 0.748656 65.533327 24.978056 0.800138 -0.134570 10.403840 0.475528 0.285317 0.142658 1.141268 6.557377 0.190211
158 12:00:01.570 24.827143 0.000000 60.892140 27.353814 0.748073 -0.190788 10.459704 0.466790 0.280074 0.140037 1.120297 6.295082 0.186716
159 12:00:01.580 28.200889 0.784733 58.212199 31.026109 0.719549 -0.150992 10.459844 0.456773 0.274064 0.137032 1.096255 6.032787 0.182709
160 12:00:01.590 30.325171 0.000000 53.528901 33.335439 0.736493 -0.186411 10.430539 0.445503 0.267302 0.133651 1.069208 5.770492 0.178201
161 12:00:01.600 32.212696 0.000000 48.621525 36.362929 0.686235 -0.146897 10.385436 0.433013 0.259808 0.129904 1.039230 5.508197 0.173205
162 12:00:01.610 35.048322 1.945810 46.279289 38.876644 0.665415 -0.185607 10.392891 0.419335 0.251601 0.125801 1.006405 5.245902 0.167734
163 12:00:01.620 38.095641 0.000000 40.479939 40.919264 0.689279 -0.222361 10.431737 0.404508 0.242705 0.121353 0.970820 4.983607 0.161803
164 12:00:01.630 35.892185 0.000000 36.331391 42.016812 0.654919 -0.243755 10.376446 0.388573 0.233144 0.116572 0.932575 4.721311 0.155429
165 12:00:01.640 37.891115 2.340684 31.962212 44.205035 0.610880 -0.262952 10.353173 0.371572 0.222943 0.111472 0.891774 4.459016 0.148629
166 12:00:01.650 39.554830 2.577200 26.422623 44.149554 0.564640 -0.313849 10.269832 0.353553 0.212132 0.106066 0.848528 4.196721 0.141421
167 12:00:01.660 38.577172 0.067724 24.374232 44.770710 0.591431 -0.304249 10.260680 0.334565 0.200739 0.100370 0.802957 3.934426 0.133826
168 12:00:01.670 39.924527 0.000000 20.868855 44.132269 0.470278 -0.303199 10.239065 0.314660 0.188796 0.094398 0.755184 3.672131 0.125864
169 12:00:01.680 39.656693 0.155914 17.700672 42.672459 0.487776 -0.303631 10.242757 0.293893 0.176336 0.088168 0.705342 3.409836 0.117557
170 12:00:01.690 38.708078 0.358619 15.689076 44.334063 0.424293 -0.328112 10.184179 0.272320 0.163392 0.081696 0.653567 3.147541 0.108928
171 12:00:01.700 37.831365 0.530350 11.930170 43.893945 0.419782 -0.353355 10.162746 0.250000 0.150000 0.075000 0.600000 2.885246 0.100000
172 12:00:01.710 36.171879 0.000000 9.702386 39.106348 0.387428 -0.335348 10.156208 0.226995 0.136197 0.068099 0.544789 2.622951 0.090798
173 12:00:01.720 33.772676 1.274477 8.829114 39.691208 0.323882 -0.386401 10.073702 0.203368 0.122021 0.061010 0.488084 2.360656 0.081347
174 12:00:01.730 31.887764 0.000000 4.512852 35.089663 0.260240 -0.372056 10.117628 0.179184 0.107510 0.053755 0.430042 2.098361 0.071674
175 12:00:01.740 29.527174 0.000000 5.402746 34.737469 0.241673 -0.367898 9.987294 0.154508 0.092705 0.046353 0.370820 1.836066 0.061803
176 12:00:01.750 26.630712 1.444191 4.971598 29.865284 0.218888 -0.373849 9.987953 0.129410 0.077646 0.038823 0.310583 1.573770 0.051764
177 12:00:01.760 23.932626 0.750696 3.326178 26.223126 0.166890 -0.413997 9.871426 0.103956 0.062374 0.031187 0.249494 1.311475 0.041582
178 12:00:01.770 20.950770 0.000000 3.932851 22.557652 0.089168 -0.432589 9.907562 0.078217 0.046930 0.023465 0.187721 1.049180 0.031287
179 12:00:01.780 18.982399 0.000000 2.368137 19.201120 0.095579 -0.399444 9.903594 0.052264 0.031359 0.015679 0.125434 0.786885 0.020906
180 12:00:01.790 15.026063 0.000000 1.181242 18.384583 0.030166 -0.432948 9.798452 0.026168 0.015701 0.007850 0.062803 0.524590 0.010467
181 12:00:01.800 13.437489 0.000000 0.456072 16.329643 0.015279 -0.406924 9.820478 0.000000 0.000000 0.000000 0.000000 0.262295 0.000000
182 12:00:01.810 12.367292 0.320575 0.418582 13.647599 -0.027873 -0.363440 9.797808 -0.026168 -0.015701 -0.007850 -0.062803 0.000000 -0.010467
183 12:00:01.820 0.000000 0.000000 0.000000 0.000000 -0.082366 -0.374970 9.715184 -0.052264 -0.031359 -0.015679 -0.125434 0.000000 -0.020906
184 12:00:01.830 0.000000 0.000000 0.000000 0.000000 -0.121106 -0.411624 9.762917 -0.078217 -0.046930 -0.023465 -0.187721 0.000000 -0.031287
185 12:00:01.840 0.000000 0.000000 0.000000 0.000000 -0.154383 -0.396927 9.658029 -0.103956 -0.062374 -0.031187 -0.249494 0.000000 -0.041582
186 12:00:01.850 0.000000 0.000000 0.000000 0.000000 -0.222681 -0.376118 9.627285 -0.129410 -0.077646 -0.038823 -0.310583 0.000000 -0.051764
187 12:00:01.860 0.000000 0.000000 0.000000 0.000000 -0.211153 -0.346827 9.520418 -0.154508 -0.092705 -0.046353 -0.370820 0.000000 -0.061803
188 12:00:01.870 0.000000 0.000000 0.000000 0.000000 -0.276611 -0.362419 9.551369 -0.179184 -0.107510 -0.053755 -0.430042 0.000000 -0.071674
189 12:00:01.880 0.000000 0.000000 0.000000 0.000000 -0.334455 -0.369544 9.554731 -0.203368 -0.122021 -0.061010 -0.488084 0.000000 -0.081347
190 12:00:01.890 0.000000 0.000000 0.000000 0.000000 -0.350780 -0.351876 9.528152 -0.226995 -0.136197 -0.068099 -0.544789 0.000000 -0.090798
191 12:00:01.900 0.000000 0.000000 0.000000 0.000000 -0.406678 -0.336365 9.431872 -0.250000 -0.150000 -0.075000 -0.600000 0.000000 -0.100000
192 12:00:01.910 0.000000 0.000000 0.000000 0.000000 -0.421056 -0.356200 9.441309 -0.272320 -0.163392 -0.081696 -0.653567 0.000000 -0.108928
193 12:00:01.920 0.000000 0.000000 0.000000 0.000000 -0.473979 -0.310411 9.404123 -0.293893 -0.176336 -0.088168 -0.705342 0.000000 -0.117557
194 12:00:01.930 0.000000 0.000000 0.000000 0.000000 -0.499932 -0.340232 9.331779 -0.314660 -0.188796 -0.094398 -0.755184 0.000000 -0.125864
195 12:00:01.940 0.000000 0.000000 0.000000 0.000000 -0.544253 -0.332602 9.301942 -0.334565 -0.200739 -0.100370 -0.802957 0.000000 -0.133826
196 12:00:01.950 0.000000 0.000000 0.000000 0.000000 -0.571825 -0.281428 9.353130 -0.353553 -0.212132 -0.106066 -0.848528 0.000000 -0.141421
197 12:00:01.960 0.000000 0.000000 0.000000 0.000000 -0.564496 -0.227170 9.261983 -0.371572 -0.222943 -0.111472 -0.891774 0.000000 -0.148629
198 12:00:01.970 0.000000 0.000000 0.000000 0.000000 -0.653728 -0.288937 9.221584 -0.388573 -0.233144 -0.116572 -0.932575 0.000000 -0.155429
199 12:00:01.980 0.000000 0.000000 0.000000 0.000000 -0.641216 -0.236537 9.254392 -0.404508 -0.242705 -0.121353 -0.970820 0.000000 -0.161803
200 12:00:01.990 0.000000 0.000000 0.000000 0.000000 -0.662409 -0.211349 9.198149 -0.419335 -0.251601 -0.125801 -1.006405 0.000000 -0.167734
201 12:00:02.000 0.000000 0.000000 0.000000 0.000000 -0.708286 -0.182060 9.195715 -0.433013 -0.259808 -0.129904 -1.039230 0.000000 -0.173205
202 12:00:02.010 0.000000 0.000000 0.000000 0.000000 -0.743390 -0.221683 9.207519 -0.445503 -0.267302 -0.133651 -1.069208 0.000000 -0.178201
203 12:00:02.020 0.000000 0.000000 0.000000 0.000000 -0.719816 -0.155938 9.157890 -0.456773 -0.274064 -0.137032 -1.096255 0.000000 -0.182709
204 12:00:02.030 0.000000 0.000000 0.000000 0.000000 -0.787323 -0.143124 9.111661 -0.466790 -0.280074 -0.140037 -1.120297 0.000000 -0.186716
205 12:00:02.040 0.000000 0.000000 0.000000 0.000000 -0.749571 -0.129286 9.157823 -0.475528 -0.285317 -0.142658 -1.141268 0.000000 -0.190211
206 12:00:02.050 0.000000 0.000000 0.000000 0.000000 -0.728577 -0.066092 9.148323 -0.482963 -0.289778 -0.144889 -1.159111 0.000000 -0.193185
207 12:00:02.060 0.000000 0.000000 0.000000 0.000000 -0.800652 -0.094698 9.084073 -0.489074 -0.293444 -0.146722 -1.173777 0.000000 -0.195630
208 12:00:02.070 0.000000 0.000000 0.000000 0.000000 -0.828231 -0.087206 9.122823 -0.493844 -0.296307 -0.148153 -1.185226 0.000000 -0.197538
209 12:00:02.080 0.000000 0.000000 0.000000 0.000000 -0.802015 -0.051747 9.122391 -0.497261 -0.298357 -0.149178 -1.193426 0.000000 -0.198904
210 12:00:02.090 0.000000 0.000000 0.000000 0.000000 -0.768175 -0.072555 9.106910 -0.499315 -0.299589 -0.149794 -1.198355 0.000000 -0.199726
211 12:00:02.100 0.000000 0.000000 0.000000 0.000000 -0.804278 -0.006249 9.049429 -0.500000 -0.300000 -0.150000 -1.200000 0.000000 -0.200000
212 12:00:02.110 0.000000 0.000000 0.000000 0.000000 -0.796348 -0.006026 9.084380 -0.499315 -0.299589 -0.149794 -1.198355 0.000000 -0.199726
213 12:00:02.120 0.000000 0.000000 0.000000 0.000000 -0.808884 0.038478 9.117802 -0.497261 -0.298357 -0.149178 -1.193426 0.000000 -0.198904
214 12:00:02.130 0.000000 0.000000 0.000000 0.000000 -0.810012 0.022902 9.094779 -0.493844 -0.296307 -0.148153 -1.185226 0.000000 -0.197538
215 12:00:02.140 0.000000 0.000000 0.000000 0.000000 -0.746846 0.047838 9.058193 -0.489074 -0.293444 -0.146722 -1.173777 0.000000 -0.195630
216 12:00:02.150 0.000000 0.000000 0.000000 0.000000 -0.777535 0.115617 9.120566 -0.482963 -0.289778 -0.144889 -1.159111 0.000000 -0.193185
217 12:00:02.160 0.000000 0.000000 0.000000 0.000000 -0.755333 0.156549 9.125871 -0.475528 -0.285317 -0.142658 -1.141268 0.000000 -0.190211
218 12:00:02.170 0.000000 0.000000 0.000000 0.000000 -0.751557 0.130120 9.165829 -0.466790 -0.280074 -0.140037 -1.120297 0.000000 -0.186716
219 12:00:02.180 0.000000 0.000000 0.000000 0.000000 -0.719834 0.153885 9.135002 -0.456773 -0.274064 -0.137032 -1.096255 0.000000 -0.182709
220 12:00:02.190 0.000000 0.000000 0.000000 0.000000 -0.715820 0.190165 9.185031 -0.445503 -0.267302 -0.133651 -1.069208 0.000000 -0.178201
221 12:00:02.200 0.000000 0.000000 0.000000 0.000000 -0.673124 0.217660 9.179070 -0.433013 -0.259808 -0.129904 -1.039230 0.000000 -0.173205
222 12:00:02.210 0.000000 0.000000 0.000000 0.000000 -0.689603 0.225385 9.189241 -0.419335 -0.251601 -0.125801 -1.006405 0.000000 -0.167734
223 12:00:02.220 0.000000 0.000000 0.000000 0.000000 -0.658616 0.249331 9.265077 -0.404508 -0.242705 -0.121353 -0.970820 0.000000 -0.161803
224 12:00:02.230 0.000000 0.000000 0.000000 0.000000 -0.615132 0.306505 9.257899 -0.388573 -0.233144 -0.116572 -0.932575 0.000000 -0.155429
225 12:00:02.240 0.000000 0.000000 0.000000 0.000000 -0.598180 0.245386 9.311563 -0.371572 -0.222943 -0.111472 -0.891774 0.000000 -0.148629
226 12:00:02.250 0.000000 0.000000 0.000000 0.000000 -0.566068 0.300860 9.274518 -0.353553 -0.212132 -0.106066 -0.848528 0.000000 -0.141421
227 12:00:02.260 0.000000 0.000000 0.000000 0.000000 -0.555068 0.285396 9.360770 -0.334565 -0.200739 -0.100370 -0.802957 0.000000 -0.133826
228 12:00:02.270 0.000000 0.000000 0.000000 0.000000 -0.493086 0.283155 9.336956 -0.314660 -0.188796 -0.094398 -0.755184 0.000000 -0.125864
229 12:00:02.280 0.000000 0.000000 0.000000 0.000000 -0.485570 0.322177 9.391560 -0.293893 -0.176336 -0.088168 -0.705342 0.000000 -0.117557
230 12:00:02.290 0.000000 0.000000 0.000000 0.000000 -0.454943 0.327681 9.438430 -0.272320 -0.163392 -0.081696 -0.653567 0.000000 -0.108928
231 12:00:02.300 0.000000 0.000000 0.000000 0.000000 -0.407581 0.364960 9.489054 -0.250000 -0.150000 -0.075000 -0.600000 0.000000 -0.100000
232 12:00:02.310 0.000000 0.000000 0.000000 0.000000 -0.351438 0.346796 9.485569 -0.226995 -0.136197 -0.068099 -0.544789 0.000000 -0.090798
233 12:00:02.320 0.000000 0.000000 0.000000 0.000000 -0.337302 0.337690 9.543100 -0.203368 -0.122021 -0.061010 -0.488084 0.000000 -0.081347
234 12:00:02.330 0.000000 0.000000 0.000000 0.000000 -0.313190 0.374946 9.558082 -0.179184 -0.107510 -0.053755 -0.430042 0.000000 -0.071674
235 12:00:02.340 0.000000 0.000000 0.000000 0.000000 -0.254077 0.356435 9.549713 -0.154508 -0.092705 -0.046353 -0.370820 0.000000 -0.061803
236 12:00:02.350 0.000000 0.000000 0.000000 0.000000 -0.204215 0.382869 9.635320 -0.129410 -0.077646 -0.038823 -0.310583 0.000000 -0.051764
237 12:00:02.360 0.000000 0.000000 0.000000 0.000000 -0.161576 0.383478 9.698566 -0.103956 -0.062374 -0.031187 -0.249494 0.000000 -0.041582
238 12:00:02.370 0.000000 0.000000 0.000000 0.000000 -0.126318 0.366098 9.688519 -0.078217 -0.046930 -0.023465 -0.187721 0.000000 -0.031287
239 12:00:02.380 0.000000 0.000000 0.000000 0.000000 -0.062633 0.371744 9.717562 -0.052264 -0.031359 -0.015679 -0.125434 0.000000 -0.020906
240 12:00:02.390 0.000000 0.000000 0.000000 0.000000 -0.039095 0.418717 9.885099 -0.026168 -0.015701 -0.007850 -0.062803 0.000000 -0.010467
241 12:00:02.400 0.814525 128.839998 0.000000 0.000000 0.017909 0.398058 9.870753 0.000000 0.000000 0.000000 0.000000 16.000000 0.000000
242 12:00:02.410 0.000000 153.284197 0.974731 0.000000 0.030516 0.369256 9.839651 0.026168 0.015701 0.007850 0.062803 15.737705 0.010467
243 12:00:02.420 0.437370 178.469006 1.532490 0.000000 0.078769 0.435427 9.910294 0.052264 0.031359 0.015679 0.125434 15.475410 0.020906
244 12:00:02.430 0.000000 204.125484 3.654359 0.421831 0.116145 0.349579 9.924712 0.078217 0.046930 0.023465 0.187721 15.213115 0.031287
245 12:00:02.440 0.000000 230.563215 2.535114 0.376213 0.194857 0.377650 9.937573 0.103956 0.062374 0.031187 0.249494 14.950820 0.041582
246 12:00:02.450 0.345509 257.294750 4.973468 0.000000 0.223870 0.400430 9.956394 0.129410 0.077646 0.038823 0.310583 14.688525 0.051764
247 12:00:02.460 0.000000 280.680822 6.416640 0.000000 0.231695 0.387858 10.033321 0.154508 0.092705 0.046353 0.370820 14.426230 0.061803
248 12:00:02.470 0.000000 303.052965 5.669513 2.224396 0.293739 0.380749 10.063784 0.179184 0.107510 0.053755 0.430042 14.163934 0.071674
249 12:00:02.480 0.000000 320.945949 6.339037 0.325735 0.306505 0.354420 10.103807 0.203368 0.122021 0.061010 0.488084 13.901639 0.081347
250 12:00:02.490 0.706922 334.341319 7.600864 0.286310 0.393136 0.355613 10.088757 0.226995 0.136197 0.068099 0.544789 13.639344 0.090798
251 12:00:02.500 1.444437 344.115903 9.829169 1.128869 0.394460 0.354527 10.194836 0.250000 0.150000 0.075000 0.600000 13.377049 0.100000
252 12:00:02.510 0.717299 345.866471 12.309382 0.833874 0.473434 0.354269 10.213464 0.272320 0.163392 0.081696 0.653567 13.114754 0.108928
253 12:00:02.520 0.788679 341.122620 15.334202 0.000000 0.487645 0.311863 10.221272 0.293893 0.176336 0.088168 0.705342 12.852459 0.117557
254 12:00:02.530 0.502000 336.895571 18.247898 0.109369 0.488707 0.328103 10.280349 0.314660 0.188796 0.094398 0.755184 12.590164 0.125864
255 12:00:02.540 0.520134 319.339761 21.069338 0.000000 0.554504 0.324454 10.250243 0.334565 0.200739 0.100370 0.802957 12.327869 0.133826
256 12:00:02.550 0.813238 302.214834 23.394385 0.000000 0.543055 0.329528 10.327879 0.353553 0.212132 0.106066 0.848528 12.065574 0.141421
257 12:00:02.560 0.314359 278.648139 28.020746 0.000000 0.597219 0.268775 10.314171 0.371572 0.222943 0.111472 0.891774 11.803279 0.148629
258 12:00:02.570 0.000000 254.996852 33.547173 0.734455 0.601787 0.257860 10.326116 0.388573 0.233144 0.116572 0.932575 11.540984 0.155429
259 12:00:02.580 1.805447 230.454050 36.719820 0.951508 0.643679 0.229045 10.387266 0.404508 0.242705 0.121353 0.970820 11.278689 0.161803
260 12:00:02.590 1.139070 202.040908 41.748082 0.929986 0.658108 0.199599 10.404021 0.419335 0.251601 0.125801 1.006405 11.016393 0.167734
261 12:00:02.600 1.792033 174.916470 46.312607 0.000000 0.713637 0.219392 10.425824 0.433013 0.259808 0.129904 1.039230 10.754098 0.173205
262 12:00:02.610 1.392376 149.995449 50.272492 1.263109 0.704347 0.197490 10.384854 0.445503 0.267302 0.133651 1.069208 10.491803 0.178201
263 12:00:02.620 3.167661 128.243102 54.141601 2.264678 0.704671 0.204348 10.485142 0.456773 0.274064 0.137032 1.096255 10.229508 0.182709
264 12:00:02.630 1.637040 105.693930 60.061768 1.896795 0.756416 0.112105 10.474362 0.466790 0.280074 0.140037 1.120297 9.967213 0.186716
265 12:00:02.640 2.504496 83.682827 59.802767 3.807860 0.757516 0.114793 10.479792 0.475528 0.285317 0.142658 1.141268 9.704918 0.190211
266 12:00:02.650 2.321829 69.705359 63.416688 2.741766 0.780746 0.121085 10.537136 0.482963 0.289778 0.144889 1.159111 9.442623 0.193185
267 12:00:02.660 5.040234 51.917428 67.659455 5.146633 0.751390 0.080789 10.560649 0.489074 0.293444 0.146722 1.173777 9.180328 0.195630
268 12:00:02.670 3.814572 40.719372 71.262782 5.384333 0.782614 0.073040 10.530580 0.493844 0.296307 0.148153 1.185226 8.918033 0.197538
269 12:00:02.680 6.552737 31.592096 74.049566 7.180616 0.806206 -0.001312 10.440359 0.497261 0.298357 0.149178 1.193426 8.655738 0.198904
270 12:00:02.690 6.201529 23.470400 73.739163 9.142561 0.828960 -0.031366 10.533747 0.499315 0.299589 0.149794 1.198355 8.393443 0.199726
271 12:00:02.700 8.088109 18.218245 75.113328 10.044479 0.783939 0.014181 10.497650 0.500000 0.300000 0.150000 1.200000 8.131148 0.200000
272 12:00:02.710 9.339818 12.309080 75.595671 14.311846 0.764617 -0.012781 10.527064 0.499315 0.299589 0.149794 1.198355 7.868852 0.199726
273 12:00:02.720 13.305757 7.939207 74.201245 13.692711 0.781736 -0.035762 10.501745 0.497261 0.298357 0.149178 1.193426 7.606557 0.198904
274 12:00:02.730 15.252237 5.575051 74.073816 18.324932 0.800564 -0.070707 10.430142 0.493844 0.296307 0.148153 1.185226 7.344262 0.197538
275 12:00:02.740 17.528423 3.635584 71.288558 19.779690 0.761651 -0.089564 10.470621 0.489074 0.293444 0.146722 1.173777 7.081967 0.195630
276 12:00:02.750 19.585704 2.728153 67.114913 22.057446 0.798974 -0.098821 10.472494 0.482963 0.289778 0.144889 1.159111 6.819672 0.193185
277 12:00:02.760 20.729023 2.396750 64.815215 25.545539 0.776818 -0.130733 10.448723 0.475528 0.285317 0.142658 1.141268 6.557377 0.190211
278 12:00:02.770 25.303597 1.039359 58.469856 28.471520 0.736976 -0.139328 10.427902 0.466790 0.280074 0.140037 1.120297 6.295082 0.186716
279 12:00:02.780 26.429001 0.000000 57.754293 29.100468 0.752168 -0.179340 10.443363 0.456773 0.274064 0.137032 1.096255 6.032787 0.182709
280 12:00:02.790 29.690671 3.093082 54.287479 31.845183 0.684747 -0.178039 10.400583 0.445503 0.267302 0.133651 1.069208 5.770492 0.178201
281 12:00:02.800 30.048750 0.000000 49.497586 35.697432 0.714691 -0.210940 10.429325 0.433013 0.259808 0.129904 1.039230 5.508197 0.173205
282 12:00:02.810 32.393307 0.000000 46.170449 38.588079 0.658720 -0.237608 10.402037 0.419335 0.251601 0.125801 1.006405 5.245902 0.167734
283 12:00:02.820 38.769007 0.433261 42.230439 39.853307 0.632140 -0.247206 10.374556 0.404508 0.242705 0.121353 0.970820 4.983607 0.161803
284 12:00:02.830 37.738291 0.909314 36.750743 41.002535 0.611267 -0.260163 10.351934 0.388573 0.233144 0.116572 0.932575 4.721311 0.155429
285 12:00:02.840 40.506543 0.086991 32.073013 44.357607 0.571856 -0.290011 10.366415 0.371572 0.222943 0.111472 0.891774 4.459016 0.148629
286 12:00:02.850 39.019926 0.843015 27.228982 44.344104 0.586617 -0.246530 10.307756 0.353553 0.212132 0.106066 0.848528 4.196721 0.141421
287 12:00:02.860 41.266793 0.000000 24.165577 45.115378 0.544303 -0.301166 10.251599 0.334565 0.200739 0.100370 0.802957 3.934426 0.133826
288 12:00:02.870 39.105707 0.000000 21.347145 45.300284 0.521700 -0.316952 10.209706 0.314660 0.188796 0.094398 0.755184 3.672131 0.125864
289 12:00:02.880 41.301103 0.000000 17.097351 46.579152 0.482150 -0.306607 10.261211 0.293893 0.176336 0.088168 0.705342 3.409836 0.117557
290 12:00:02.890 39.077337 0.000000 14.948916 44.163584 0.437886 -0.338189 10.220334 0.272320 0.163392 0.081696 0.653567 3.147541 0.108928
291 12:00:02.900 37.858112 0.000000 12.139821 41.370526 0.388139 -0.337720 10.159664 0.250000 0.150000 0.075000 0.600000 2.885246 0.100000
292 12:00:02.910 36.950819 0.000000 8.964028 39.666598 0.356657 -0.367887 10.038574 0.226995 0.136197 0.068099 0.544789 2.622951 0.090798
293 12:00:02.920 33.932541 0.618729 10.237606 36.097125 0.317787 -0.319928 10.157261 0.203368 0.122021 0.061010 0.488084 2.360656 0.081347
294 12:00:02.930 32.067625 0.000000 7.463797 35.958832 0.289183 -0.363776 10.059383 0.179184 0.107510 0.053755 0.430042 2.098361 0.071674
295 12:00:02.940 30.734990 0.000000 6.774637 32.545748 0.242894 -0.383086 9.967367 0.154508 0.092705 0.046353 0.370820 1.836066 0.061803
296 12:00:02.950 25.442328 0.000000 4.301600 30.856380 0.218349 -0.380427 9.952751 0.129410 0.077646 0.038823 0.310583 1.573770 0.051764
297 12:00:02.960 24.380467 0.000000 4.017716 26.936641 0.149306 -0.418423 9.971009 0.103956 0.062374 0.031187 0.249494 1.311475 0.041582
298 12:00:02.970 20.713565 0.912119 3.755462 24.167866 0.123491 -0.406761 9.892317 0.078217 0.046930 0.023465 0.187721 1.049180 0.031287
299 12:00:02.980 17.544159 0.000000 2.292055 21.879206 0.080495 -0.418029 9.927235 0.052264 0.031359 0.015679 0.125434 0.786885 0.020906
300 12:00:02.990 17.386302 0.000000 2.282533 19.294043 0.012242 -0.406753 9.849988 0.026168 0.015701 0.007850 0.062803 0.524590 0.010467
301 12:00:03.000 15.316520 0.000000 0.730066 16.050654 -0.029574 -0.444889 9.780855 0.000000 0.000000 0.000000 0.000000 0.262295 0.000000
302 12:00:03.010 13.623054 0.000000 1.038109 13.556045 -0.040523 -0.411386 9.778514 -0.026168 -0.015701 -0.007850 -0.062803 0.000000 -0.010467
303 12:00:03.020 0.000000 0.000000 0.000000 0.000000 -0.086904 -0.370149 9.733441 -0.052264 -0.031359 -0.015679 -0.125434 0.000000 -0.020906
304 12:00:03.030 0.000000 0.000000 0.000000 0.000000 -0.125004 -0.398579 9.707096 -0.078217 -0.046930 -0.023465 -0.187721 0.000000 -0.031287
305 12:00:03.040 0.000000 0.000000 0.000000 0.000000 -0.132632 -0.382091 9.618249 -0.103956 -0.062374 -0.031187 -0.249494 0.000000 -0.041582
306 12:00:03.050 0.000000 0.000000 0.000000 0.000000 -0.199684 -0.381069 9.619352 -0.129410 -0.077646 -0.038823 -0.310583 0.000000 -0.051764
307 12:00:03.060 0.000000 0.000000 0.000000 0.000000 -0.272824 -0.363436 9.591021 -0.154508 -0.092705 -0.046353 -0.370820 0.000000 -0.061803
308 12:00:03.070 0.000000 0.000000 0.000000 0.000000 -0.298578 -0.367494 9.587049 -0.179184 -0.107510 -0.053755 -0.430042 0.000000 -0.071674
309 12:00:03.080 0.000000 0.000000 0.000000 0.000000 -0.335100 -0.358746 9.521667 -0.203368 -0.122021 -0.061010 -0.488084 0.000000 -0.081347
310 12:00:03.090 0.000000 0.000000 0.000000 0.000000 -0.351628 -0.391430 9.452584 -0.226995 -0.136197 -0.068099 -0.544789 0.000000 -0.090798
311 12:00:03.100 0.000000 0.000000 0.000000 0.000000 -0.370726 -0.298808 9.466239 -0.250000 -0.150000 -0.075000 -0.600000 0.000000 -0.100000
312 12:00:03.110 0.000000 0.000000 0.000000 0.000000 -0.416401 -0.309881 9.458696 -0.272320 -0.163392 -0.081696 -0.653567 0.000000 -0.108928
313 12:00:03.120 0.000000 0.000000 0.000000 0.000000 -0.489756 -0.349614 9.431084 -0.293893 -0.176336 -0.088168 -0.705342 0.000000 -0.117557
314 12:00:03.130 0.000000 0.000000 0.000000 0.000000 -0.505514 -0.322697 9.387373 -0.314660 -0.188796 -0.094398 -0.755184 0.000000 -0.125864
315 12:00:03.140 0.000000 0.000000 0.000000 0.000000 -0.537720 -0.285221 9.345875 -0.334565 -0.200739 -0.100370 -0.802957 0.000000 -0.133826
316 12:00:03.150 0.000000 0.000000 0.000000 0.000000 -0.581437 -0.284641 9.323707 -0.353553 -0.212132 -0.106066 -0.848528 0.000000 -0.141421
317 12:00:03.160 0.000000 0.000000 0.000000 0.000000 -0.560868 -0.260157 9.261388 -0.371572 -0.222943 -0.111472 -0.891774 0.000000 -0.148629
318 12:00:03.170 0.000000 0.000000 0.000000 0.000000 -0.600881 -0.225763 9.324287 -0.388573 -0.233144 -0.116572 -0.932575 0.000000 -0.155429
319 12:00:03.180 0.000000 0.000000 0.000000 0.000000 -0.647644 -0.234697 9.212819 -0.404508 -0.242705 -0.121353 -0.970820 0.000000 -0.161803
320 12:00:03.190 0.000000 0.000000 0.000000 0.000000 -0.695302 -0.186127 9.266578 -0.419335 -0.251601 -0.125801 -1.006405 0.000000 -0.167734
321 12:00:03.200 0.000000 0.000000 0.000000 0.000000 -0.703343 -0.192098 9.232666 -0.433013 -0.259808 -0.129904 -1.039230 0.000000 -0.173205
322 12:00:03.210 0.000000 0.000000 0.000000 0.000000 -0.689600 -0.156886 9.172000 -0.445503 -0.267302 -0.133651 -1.069208 0.000000 -0.178201
323 12:00:03.220 0.000000 0.000000 0.000000 0.000000 -0.722459 -0.195622 9.132718 -0.456773 -0.274064 -0.137032 -1.096255 0.000000 -0.182709
324 12:00:03.230 0.000000 0.000000 0.000000 0.000000 -0.738548 -0.140910 9.161038 -0.466790 -0.280074 -0.140037 -1.120297 0.000000 -0.186716
325 12:00:03.240 0.000000 0.000000 0.000000 0.000000 -0.756339 -0.157987 9.154850 -0.475528 -0.285317 -0.142658 -1.141268 0.000000 -0.190211
326 12:00:03.250 0.000000 0.000000 0.000000 0.000000 -0.789433 -0.102653 9.156969 -0.482963 -0.289778 -0.144889 -1.159111 0.000000 -0.193185
327 12:00:03.260 0.000000 0.000000 0.000000 0.000000 -0.768701 -0.093083 9.125847 -0.489074 -0.293444 -0.146722 -1.173777 0.000000 -0.195630
328 12:00:03.270 0.000000 0.000000 0.000000 0.000000 -0.811947 -0.068694 9.098041 -0.493844 -0.296307 -0.148153 -1.185226 0.000000 -0.197538
329 12:00:03.280 0.000000 0.000000 0.000000 0.000000 -0.801035 -0.059649 9.140799 -0.497261 -0.298357 -0.149178 -1.193426 0.000000 -0.198904
330 12:00:03.290 0.000000 0.000000 0.000000 0.000000 -0.799240 -0.018076 9.119408 -0.499315 -0.299589 -0.149794 -1.198355 0.000000 -0.199726
331 12:00:03.300 0.000000 0.000000 0.000000 0.000000 -0.779331 0.015134 9.096336 -0.500000 -0.300000 -0.150000 -1.200000 0.000000 -0.200000
332 12:00:03.310 0.000000 0.000000 0.000000 0.000000 -0.776473 0.009291 9.120428 -0.499315 -0.299589 -0.149794 -1.198355 0.000000 -0.199726
333 12:00:03.320 0.000000 0.000000 0.000000 0.000000 -0.820219 0.040771 9.097992 -0.497261 -0.298357 -0.149178 -1.193426 0.000000 -0.198904
334 12:00:03.330 0.000000 0.000000 0.000000 0.000000 -0.788788 0.059373 9.132400 -0.493844 -0.296307 -0.148153 -1.185226 0.000000 -0.197538
335 12:00:03.340 0.000000 0.000000 0.000000 0.000000 -0.738163 0.055638 9.061817 -0.489074 -0.293444 -0.146722 -1.173777 0.000000 -0.195630
336 12:00:03.350 0.000000 0.000000 0.000000 0.000000 -0.813112 0.117333 9.176786 -0.482963 -0.289778 -0.144889 -1.159111 0.000000 -0.193185
337 12:00:03.360 0.000000 0.000000 0.000000 0.000000 -0.761512 0.137453 9.159575 -0.475528 -0.285317 -0.142658 -1.141268 0.000000 -0.190211
338 12:00:03.370 0.000000 0.000000 0.000000 0.000000 -0.760914 0.172912 9.170215 -0.466790 -0.280074 -0.140037 -1.120297 0.000000 -0.186716
339 12:00:03.380 0.000000 0.000000 0.000000 0.000000 -0.732484 0.190740 9.201583 -0.456773 -0.274064 -0.137032 -1.096255 0.000000 -0.182709
340 12:00:03.390 0.000000 0.000000 0.000000 0.000000 -0.716111 0.172615 9.122516 -0.445503 -0.267302 -0.133651 -1.069208 0.000000 -0.178201
341 12:00:03.400 0.000000 0.000000 0.000000 0.000000 -0.675235 0.191708 9.164475 -0.433013 -0.259808 -0.129904 -1.039230 0.000000 -0.173205
342 12:00:03.410 0.000000 0.000000 0.000000 0.000000 -0.673680 0.200337 9.250021 -0.419335 -0.251601 -0.125801 -1.006405 0.000000 -0.167734
343 12:00:03.420 0.000000 0.000000 0.000000 0.000000 -0.673795 0.224319 9.283877 -0.404508 -0.242705 -0.121353 -0.970820 0.000000 -0.161803
344 12:00:03.430 0.000000 0.000000 0.000000 0.000000 -0.638160 0.253719 9.285995 -0.388573 -0.233144 -0.116572 -0.932575 0.000000 -0.155429
345 12:00:03.440 0.000000 0.000000 0.000000 0.000000 -0.612113 0.272339 9.243312 -0.371572 -0.222943 -0.111472 -0.891774 0.000000 -0.148629
346 12:00:03.450 0.000000 0.000000 0.000000 0.000000 -0.584789 0.270518 9.276946 -0.353553 -0.212132 -0.106066 -0.848528 0.000000 -0.141421
347 12:00:03.460 0.000000 0.000000 0.000000 0.000000 -0.474359 0.291248 9.327507 -0.334565 -0.200739 -0.100370 -0.802957 0.000000 -0.133826
348 12:00:03.470 0.000000 0.000000 0.000000 0.000000 -0.524110 0.329259 9.395556 -0.314660 -0.188796 -0.094398 -0.755184 0.000000 -0.125864
349 12:00:03.480 0.000000 0.000000 0.000000 0.000000 -0.441112 0.331623 9.361731 -0.293893 -0.176336 -0.088168 -0.705342 0.000000 -0.117557
350 12:00:03.490 0.000000 0.000000 0.000000 0.000000 -0.471718 0.328770 9.478395 -0.272320 -0.163392 -0.081696 -0.653567 0.000000 -0.108928
351 12:00:03.500 0.000000 0.000000 0.000000 0.000000 -0.384207 0.362514 9.462061 -0.250000 -0.150000 -0.075000 -0.600000 0.000000 -0.100000
352 12:00:03.510 0.000000 0.000000 0.000000 0.000000 -0.371370 0.356992 9.503047 -0.226995 -0.136197 -0.068099 -0.544789 0.000000 -0.090798
353 12:00:03.520 0.000000 0.000000 0.000000 0.000000 -0.312181 0.399503 9.492016 -0.203368 -0.122021 -0.061010 -0.488084 0.000000 -0.081347
354 12:00:03.530 0.000000 0.000000 0.000000 0.000000 -0.274248 0.359531 9.573121 -0.179184 -0.107510 -0.053755 -0.430042 0.000000 -0.071674
355 12:00:03.540 0.000000 0.000000 0.000000 0.000000 -0.245477 0.386502 9.638939 -0.154508 -0.092705 -0.046353 -0.370820 0.000000 -0.061803
356 12:00:03.550 0.000000 0.000000 0.000000 0.000000 -0.197256 0.355859 9.630586 -0.129410 -0.077646 -0.038823 -0.310583 0.000000 -0.051764
357 12:00:03.560 0.000000 0.000000 0.000000 0.000000 -0.141128 0.419981 9.689875 -0.103956 -0.062374 -0.031187 -0.249494 0.000000 -0.041582
358 12:00:03.570 0.000000 0.000000 0.000000 0.000000 -0.087803 0.377558 9.689520 -0.078217 -0.046930 -0.023465 -0.187721 0.000000 -0.031287
359 12:00:03.580 0.000000 0.000000 0.000000 0.000000 -0.103670 0.397376 9.737757 -0.052264 -0.031359 -0.015679 -0.125434 0.000000 -0.020906
360 12:00:03.590 0.000000 0.000000 0.000000 0.000000 -0.053600 0.409053 9.774917 -0.026168 -0.015701 -0.007850 -0.062803 0.000000 -0.010467
361 12:00:03.600 0.000000 126.706436 0.803779 0.000000 0.062393 0.399542 9.784943 0.000000 0.000000 0.000000 0.000000 16.000000 0.000000
362 12:00:03.610 0.298565 151.530698 1.361913 0.000000 0.059824 0.402278 9.838084 0.026168 0.015701 0.007850 0.062803 15.737705 0.010467
363 12:00:03.620 0.000000 177.836530 1.978496 0.050286 0.101758 0.390427 9.846546 0.052264 0.031359 0.015679 0.125434 15.475410 0.020906
364 12:00:03.630 0.000000 204.263094 2.074943 0.090449 0.106512 0.376762 9.906952 0.078217 0.046930 0.023465 0.187721 15.213115 0.031287
365 12:00:03.640 0.374461 229.383021 4.015014 0.607108 0.128935 0.396014 9.976815 0.103956 0.062374 0.031187 0.249494 14.950820 0.041582
366 12:00:03.650 0.000000 256.800788 4.181559 0.031353 0.209539 0.367165 9.962820 0.129410 0.077646 0.038823 0.310583 14.688525 0.051764
367 12:00:03.660 0.000000 283.141078 4.715248 0.206618 0.221942 0.390770 10.036179 0.154508 0.092705 0.046353 0.370820 14.426230 0.061803
368 12:00:03.670 0.531384 304.077655 5.193305 0.000000 0.302134 0.353171 10.049120 0.179184 0.107510 0.053755 0.430042 14.163934 0.071674
369 12:00:03.680 0.283039 321.609080 5.902666 0.486764 0.306918 0.388743 10.050194 0.203368 0.122021 0.061010 0.488084 13.901639 0.081347
370 12:00:03.690 1.434894 335.347450 9.431731 0.294168 0.368157 0.355439 10.168054 0.226995 0.136197 0.068099 0.544789 13.639344 0.090798
371 12:00:03.700 0.000000 343.475932 10.079628 0.000000 0.402655 0.328998 10.202175 0.250000 0.150000 0.075000 0.600000 13.377049 0.100000
372 12:00:03.710 0.000000 346.857911 13.558152 0.688706 0.402778 0.325239 10.239581 0.272320 0.163392 0.081696 0.653567 13.114754 0.108928
373 12:00:03.720 0.892396 342.759596 14.253826 1.131983 0.481900 0.322751 10.254756 0.293893 0.176336 0.088168 0.705342 12.852459 0.117557
374 12:00:03.730 0.089779 334.802979 18.270700 0.000000 0.513031 0.278510 10.234286 0.314660 0.188796 0.094398 0.755184 12.590164 0.125864
375 12:00:03.740 0.000000 321.898503 22.795404 0.000000 0.537329 0.320722 10.259044 0.334565 0.200739 0.100370 0.802957 12.327869 0.133826
376 12:00:03.750 0.000000 304.016965 24.601843 0.000000 0.582108 0.286157 10.285478 0.353553 0.212132 0.106066 0.848528 12.065574 0.141421
377 12:00:03.760 0.088322 280.545775 29.513456 0.997871 0.602197 0.270527 10.434587 0.371572 0.222943 0.111472 0.891774 11.803279 0.148629
378 12:00:03.770 0.125683 256.485373 31.887333 0.773386 0.625670 0.244803 10.360618 0.388573 0.233144 0.116572 0.932575 11.540984 0.155429
379 12:00:03.780 2.763660 230.421999 37.451624 0.083907 0.638474 0.175179 10.389742 0.404508 0.242705 0.121353 0.970820 11.278689 0.161803
380 12:00:03.790 0.132424 203.521076 39.092140 0.830269 0.692938 0.219952 10.404761 0.419335 0.251601 0.125801 1.006405 11.016393 0.167734
381 12:00:03.800 1.142010 175.778951 45.495162 0.858104 0.683810 0.184899 10.407297 0.433013 0.259808 0.129904 1.039230 10.754098 0.173205
382 12:00:03.810 1.489681 150.251693 48.859113 0.032693 0.727627 0.177058 10.423829 0.445503 0.267302 0.133651 1.069208 10.491803 0.178201
383 12:00:03.820 2.296660 125.605258 53.276652 0.984523 0.758173 0.196006 10.452641 0.456773 0.274064 0.137032 1.096255 10.229508 0.182709
384 12:00:03.830 1.257673 106.331775 58.732064 0.849672 0.745524 0.159834 10.459681 0.466790 0.280074 0.140037 1.120297 9.967213 0.186716
385 12:00:03.840 1.378383 85.565847 62.806341 1.741962 0.777330 0.089885 10.481777 0.475528 0.285317 0.142658 1.141268 9.704918 0.190211
386 12:00:03.850 3.479542 68.335146 65.049462 4.845879 0.767988 0.125838 10.482816 0.482963 0.289778 0.144889 1.159111 9.442623 0.193185
387 12:00:03.860 1.823737 52.290961 68.193180 4.641491 0.787868 0.086052 10.526786 0.489074 0.293444 0.146722 1.173777 9.180328 0.195630
388 12:00:03.870 6.439337 41.090745 70.623264 5.414134 0.793013 0.041596 10.514524 0.493844 0.296307 0.148153 1.185226 8.918033 0.197538
389 12:00:03.880 4.625971 29.795745 74.836432 5.230144 0.795590 0.057613 10.479830 0.497261 0.298357 0.149178 1.193426 8.655738 0.198904
390 12:00:03.890 7.913633 23.323932 74.112603 8.903989 0.771376 0.008670 10.464201 0.499315 0.299589 0.149794 1.198355 8.393443 0.199726
391 12:00:03.900 10.550903 16.783897 75.424869 7.746539 0.805241 -0.012878 10.538314 0.500000 0.300000 0.150000 1.200000 8.131148 0.200000
392 12:00:03.910 11.299316 12.104095 74.168409 12.217942 0.793477 -0.034916 10.481300 0.499315 0.299589 0.149794 1.198355 7.868852 0.199726
393 12:00:03.920 10.690568 7.789716 73.796000 14.178769 0.778147 -0.023475 10.495411 0.497261 0.298357 0.149178 1.193426 7.606557 0.198904
394 12:00:03.930 15.498171 7.736723 71.169554 17.801311 0.786174 -0.071151 10.464011 0.493844 0.296307 0.148153 1.185226 7.344262 0.197538
395 12:00:03.940 16.476638 3.779280 70.431153 19.175735 0.778771 -0.080582 10.480966 0.489074 0.293444 0.146722 1.173777 7.081967 0.195630
396 12:00:03.950 20.042230 2.531243 67.825457 23.427992 0.770185 -0.115410 10.478046 0.482963 0.289778 0.144889 1.159111 6.819672 0.193185
397 12:00:03.960 22.905430 2.912850 66.497627 23.954766 0.816057 -0.135358 10.460233 0.475528 0.285317 0.142658 1.141268 6.557377 0.190211
398 12:00:03.970 23.397894 1.023649 61.900365 27.427496 0.777873 -0.130615 10.501341 0.466790 0.280074 0.140037 1.120297 6.295082 0.186716
399 12:00:03.980 26.160503 2.936876 57.605514 30.657252 0.726871 -0.160534 10.405400 0.456773 0.274064 0.137032 1.096255 6.032787 0.182709
400 12:00:03.990 31.058630 0.271840 53.256317 34.077820 0.726115 -0.190777 10.438159 0.445503 0.267302 0.133651 1.069208 5.770492 0.178201
401 12:00:04.000 31.394569 0.111210 49.587034 37.243532 0.684633 -0.156669 10.422034 0.433013 0.259808 0.129904 1.039230 5.508197 0.173205
402 12:00:04.010 34.303832 0.000000 44.197763 38.390530 0.673950 -0.224906 10.371391 0.419335 0.251601 0.125801 1.006405 5.245902 0.167734
403 12:00:04.020 35.804212 0.000000 39.791994 39.657367 0.619697 -0.219157 10.419927 0.404508 0.242705 0.121353 0.970820 4.983607 0.161803
404 12:00:04.030 38.749131 0.000000 36.367334 41.236476 0.643093 -0.234489 10.375619 0.388573 0.233144 0.116572 0.932575 4.721311 0.155429
405 12:00:04.040 39.173918 2.092435 32.099372 43.096613 0.627990 -0.249188 10.285511 0.371572 0.222943 0.111472 0.891774 4.459016 0.148629
406 12:00:04.050 40.472447 0.000000 26.333182 44.548841 0.561243 -0.275567 10.303837 0.353553 0.212132 0.106066 0.848528 4.196721 0.141421
407 12:00:04.060 41.391242 0.661783 24.870569 46.900524 0.575053 -0.302008 10.317078 0.334565 0.200739 0.100370 0.802957 3.934426 0.133826
408 12:00:04.070 38.788769 0.000000 20.043693 45.141621 0.497911 -0.325896 10.286505 0.314660 0.188796 0.094398 0.755184 3.672131 0.125864
409 12:00:04.080 41.371419 0.533088 17.460833 46.554170 0.461109 -0.328682 10.250805 0.293893 0.176336 0.088168 0.705342 3.409836 0.117557
410 12:00:04.090 39.166322 0.382235 14.410356 43.083402 0.442208 -0.355388 10.186353 0.272320 0.163392 0.081696 0.653567 3.147541 0.108928
411 12:00:04.100 38.441524 1.076155 14.763514 42.574933 0.384525 -0.348638 10.152118 0.250000 0.150000 0.075000 0.600000 2.885246 0.100000
412 12:00:04.110 33.582123 0.000000 10.672429 40.467004 0.377576 -0.364955 10.104248 0.226995 0.136197 0.068099 0.544789 2.622951 0.090798
413 12:00:04.120 33.896813 0.482492 9.490853 37.209513 0.343289 -0.379986 10.116150 0.203368 0.122021 0.061010 0.488084 2.360656 0.081347
414 12:00:04.130 30.461094 0.000000 7.583327 36.017477 0.313177 -0.372169 10.022358 0.179184 0.107510 0.053755 0.430042 2.098361 0.071674
415 12:00:04.140 29.944139 0.000000 5.763854 33.701637 0.237094 -0.350592 10.098781 0.154508 0.092705 0.046353 0.370820 1.836066 0.061803
416 12:00:04.150 27.149540 0.830601 3.427018 31.327566 0.204633 -0.379503 10.025012 0.129410 0.077646 0.038823 0.310583 1.573770 0.051764
417 12:00:04.160 24.112969 0.000000 2.482405 28.390786 0.199511 -0.413833 9.946184 0.103956 0.062374 0.031187 0.249494 1.311475 0.041582
418 12:00:04.170 21.650775 1.001449 2.911582 23.572968 0.090977 -0.381847 9.906563 0.078217 0.046930 0.023465 0.187721 1.049180 0.031287
419 12:00:04.180 19.497072 0.507729 0.000000 21.537281 0.115917 -0.411197 9.877959 0.052264 0.031359 0.015679 0.125434 0.786885 0.020906
420 12:00:04.190 16.562030 0.957242 0.848821 18.209348 -0.010559 -0.434791 9.903951 0.026168 0.015701 0.007850 0.062803 0.524590 0.010467
421 12:00:04.200 12.119435 0.000000 0.792934 15.583856 0.029040 -0.420419 9.847139 0.000000 0.000000 0.000000 0.000000 0.262295 0.000000
422 12:00:04.210 11.590846 0.000000 1.988117 14.341885 -0.050595 -0.437870 9.847411 -0.026168 -0.015701 -0.007850 -0.062803 0.000000 -0.010467
423 12:00:04.220 0.000000 0.000000 0.000000 0.000000 -0.080601 -0.373905 9.765534 -0.052264 -0.031359 -0.015679 -0.125434 0.000000 -0.020906
424 12:00:04.230 0.000000 0.000000 0.000000 0.000000 -0.118227 -0.381737 9.683715 -0.078217 -0.046930 -0.023465 -0.187721 0.000000 -0.031287
425 12:00:04.240 0.000000 0.000000 0.000000 0.000000 -0.156681 -0.385152 9.666158 -0.103956 -0.062374 -0.031187 -0.249494 0.000000 -0.041582
426 12:00:04.250 0.000000 0.000000 0.000000 0.000000 -0.222744 -0.358590 9.623826 -0.129410 -0.077646 -0.038823 -0.310583 0.000000 -0.051764
427 12:00:04.260 0.000000 0.000000 0.000000 0.000000 -0.261708 -0.417804 9.556732 -0.154508 -0.092705 -0.046353 -0.370820 0.000000 -0.061803
428 12:00:04.270 0.000000 0.000000 0.000000 0.000000 -0.288903 -0.391318 9.563933 -0.179184 -0.107510 -0.053755 -0.430042 0.000000 -0.071674
429 12:00:04.280 0.000000 0.000000 0.000000 0.000000 -0.285455 -0.366887 9.542621 -0.203368 -0.122021 -0.061010 -0.488084 0.000000 -0.081347
430 12:00:04.290 0.000000 0.000000 0.000000 0.000000 -0.362114 -0.368960 9.451700 -0.226995 -0.136197 -0.068099 -0.544789 0.000000 -0.090798
431 12:00:04.300 0.000000 0.000000 0.000000 0.000000 -0.409348 -0.323827 9.468408 -0.250000 -0.150000 -0.075000 -0.600000 0.000000 -0.100000
432 12:00:04.310 0.000000 0.000000 0.000000 0.000000 -0.465281 -0.342937 9.415624 -0.272320 -0.163392 -0.081696 -0.653567 0.000000 -0.108928
433 12:00:04.320 0.000000 0.000000 0.000000 0.000000 -0.473521 -0.351768 9.402275 -0.293893 -0.176336 -0.088168 -0.705342 0.000000 -0.117557
434 12:00:04.330 0.000000 0.000000 0.000000 0.000000 -0.492648 -0.305826 9.374676 -0.314660 -0.188796 -0.094398 -0.755184 0.000000 -0.125864
435 12:00:04.340 0.000000 0.000000 0.000000 0.000000 -0.550911 -0.289248 9.281966 -0.334565 -0.200739 -0.100370 -0.802957 0.000000 -0.133826
436 12:00:04.350 0.000000 0.000000 0.000000 0.000000 -0.567270 -0.278348 9.316268 -0.353553 -0.212132 -0.106066 -0.848528 0.000000 -0.141421
437 12:00:04.360 0.000000 0.000000 0.000000 0.000000 -0.606703 -0.253505 9.311576 -0.371572 -0.222943 -0.111472 -0.891774 0.000000 -0.148629
438 12:00:04.370 0.000000 0.000000 0.000000 0.000000 -0.618480 -0.284534 9.215897 -0.388573 -0.233144 -0.116572 -0.932575 0.000000 -0.155429
439 12:00:04.380 0.000000 0.000000 0.000000 0.000000 -0.660966 -0.229767 9.247087 -0.404508 -0.242705 -0.121353 -0.970820 0.000000 -0.161803
440 12:00:04.390 0.000000 0.000000 0.000000 0.000000 -0.686454 -0.214478 9.243413 -0.419335 -0.251601 -0.125801 -1.006405 0.000000 -0.167734
441 12:00:04.400 0.000000 0.000000 0.000000 0.000000 -0.694455 -0.187815 9.186954 -0.433013 -0.259808 -0.129904 -1.039230 0.000000 -0.173205
442 12:00:04.410 0.000000 0.000000 0.000000 0.000000 -0.764272 -0.180278 9.178188 -0.445503 -0.267302 -0.133651 -1.069208 0.000000 -0.178201
443 12:00:04.420 0.000000 0.000000 0.000000 0.000000 -0.734502 -0.146964 9.208848 -0.456773 -0.274064 -0.137032 -1.096255 0.000000 -0.182709
444 12:00:04.430 0.000000 0.000000 0.000000 0.000000 -0.768595 -0.110245 9.172420 -0.466790 -0.280074 -0.140037 -1.120297 0.000000 -0.186716
445 12:00:04.440 0.000000 0.000000 0.000000 0.000000 -0.752643 -0.151063 9.086135 -0.475528 -0.285317 -0.142658 -1.141268 0.000000 -0.190211
446 12:00:04.450 0.000000 0.000000 0.000000 0.000000 -0.802033 -0.119766 9.128096 -0.482963 -0.289778 -0.144889 -1.159111 0.000000 -0.193185
447 12:00:04.460 0.000000 0.000000 0.000000 0.000000 -0.820138 -0.072419 9.074782 -0.489074 -0.293444 -0.146722 -1.173777 0.000000 -0.195630
448 12:00:04.470 0.000000 0.000000 0.000000 0.000000 -0.784818 -0.085430 9.128388 -0.493844 -0.296307 -0.148153 -1.185226 0.000000 -0.197538
449 12:00:04.480 0.000000 0.000000 0.000000 0.000000 -0.817924 -0.048756 9.044842 -0.497261 -0.298357 -0.149178 -1.193426 0.000000 -0.198904
450 12:00:04.490 0.000000 0.000000 0.000000 0.000000 -0.782416 -0.030609 9.090296 -0.499315 -0.299589 -0.149794 -1.198355 0.000000 -0.199726
451 12:00:04.500 0.000000 0.000000 0.000000 0.000000 -0.792332 0.013215 9.135151 -0.500000 -0.300000 -0.150000 -1.200000 0.000000 -0.200000
452 12:00:04.510 0.000000 0.000000 0.000000 0.000000 -0.823870 -0.004916 9.109261 -0.499315 -0.299589 -0.149794 -1.198355 0.000000 -0.199726
453 12:00:04.520 0.000000 0.000000 0.000000 0.000000 -0.776095 0.030603 9.127655 -0.497261 -0.298357 -0.149178 -1.193426 0.000000 -0.198904
454 12:00:04.530 0.000000 0.000000 0.000000 0.000000 -0.768329 0.075787 9.115482 -0.493844 -0.296307 -0.148153 -1.185226 0.000000 -0.197538
455 12:00:04.540 0.000000 0.000000 0.000000 0.000000 -0.758152 0.070298 9.073057 -0.489074 -0.293444 -0.146722 -1.173777 0.000000 -0.195630
456 12:00:04.550 0.000000 0.000000 0.000000 0.000000 -0.753040 0.112200 9.084580 -0.482963 -0.289778 -0.144889 -1.159111 0.000000 -0.193185
457 12:00:04.560 0.000000 0.000000 0.000000 0.000000 -0.741356 0.110912 9.159606 -0.475528 -0.285317 -0.142658 -1.141268 0.000000 -0.190211
458 12:00:04.570 0.000000 0.000000 0.000000 0.000000 -0.747654 0.135394 9.171779 -0.466790 -0.280074 -0.140037 -1.120297 0.000000 -0.186716
459 12:00:04.580 0.000000 0.000000 0.000000 0.000000 -0.689915 0.136688 9.163380 -0.456773 -0.274064 -0.137032 -1.096255 0.000000 -0.182709
460 12:00:04.590 0.000000 0.000000 0.000000 0.000000 -0.688985 0.180789 9.185007 -0.445503 -0.267302 -0.133651 -1.069208 0.000000 -0.178201
461 12:00:04.600 0.000000 0.000000 0.000000 0.000000 -0.729081 0.174669 9.216492 -0.433013 -0.259808 -0.129904 -1.039230 0.000000 -0.173205
462 12:00:04.610 0.000000 0.000000 0.000000 0.000000 -0.677645 0.224502 9.194690 -0.419335 -0.251601 -0.125801 -1.006405 0.000000 -0.167734
463 12:00:04.620 0.000000 0.000000 0.000000 0.000000 -0.644893 0.249926 9.250193 -0.404508 -0.242705 -0.121353 -0.970820 0.000000 -0.161803
464 12:00:04.630 0.000000 0.000000 0.000000 0.000000 -0.598068 0.220283 9.269247 -0.388573 -0.233144 -0.116572 -0.932575 0.000000 -0.155429
465 12:00:04.640 0.000000 0.000000 0.000000 0.000000 -0.621216 0.263662 9.291350 -0.371572 -0.222943 -0.111472 -0.891774 0.000000 -0.148629
466 12:00:04.650 0.000000 0.000000 0.000000 0.000000 -0.572918 0.254962 9.324576 -0.353553 -0.212132 -0.106066 -0.848528 0.000000 -0.141421
467 12:00:04.660 0.000000 0.000000 0.000000 0.000000 -0.493491 0.300737 9.379291 -0.334565 -0.200739 -0.100370 -0.802957 0.000000 -0.133826
468 12:00:04.670 0.000000 0.000000 0.000000 0.000000 -0.507646 0.337717 9.342020 -0.314660 -0.188796 -0.094398 -0.755184 0.000000 -0.125864
469 12:00:04.680 0.000000 0.000000 0.000000 0.000000 -0.434135 0.360171 9.439106 -0.293893 -0.176336 -0.088168 -0.705342 0.000000 -0.117557
470 12:00:04.690 0.000000 0.000000 0.000000 0.000000 -0.444581 0.363809 9.441678 -0.272320 -0.163392 -0.081696 -0.653567 0.000000 -0.108928
471 12:00:04.700 0.000000 0.000000 0.000000 0.000000 -0.395649 0.350299 9.440363 -0.250000 -0.150000 -0.075000 -0.600000 0.000000 -0.100000
472 12:00:04.710 0.000000 0.000000 0.000000 0.000000 -0.382517 0.348394 9.495373 -0.226995 -0.136197 -0.068099 -0.544789 0.000000 -0.090798
473 12:00:04.720 0.000000 0.000000 0.000000 0.000000 -0.296799 0.384294 9.526626 -0.203368 -0.122021 -0.061010 -0.488084 0.000000 -0.081347
474 12:00:04.730 0.000000 0.000000 0.000000 0.000000 -0.247709 0.370793 9.537184 -0.179184 -0.107510 -0.053755 -0.430042 0.000000 -0.071674
475 12:00:04.740 0.000000 0.000000 0.000000 0.000000 -0.241198 0.387306 9.577701 -0.154508 -0.092705 -0.046353 -0.370820 0.000000 -0.061803
476 12:00:04.750 0.000000 0.000000 0.000000 0.000000 -0.195761 0.399125 9.613626 -0.129410 -0.077646 -0.038823 -0.310583 0.000000 -0.051764
477 12:00:04.760 0.000000 0.000000 0.000000 0.000000 -0.185125 0.398584 9.704308 -0.103956 -0.062374 -0.031187 -0.249494 0.000000 -0.041582
478 12:00:04.770 0.000000 0.000000 0.000000 0.000000 -0.138607 0.369373 9.732159 -0.078217 -0.046930 -0.023465 -0.187721 0.000000 -0.031287
479 12:00:04.780 0.000000 0.000000 0.000000 0.000000 -0.101111 0.383549 9.734919 -0.052264 -0.031359 -0.015679 -0.125434 0.000000 -0.020906
480 12:00:04.790 0.000000 0.000000 0.000000 0.000000 -0.029656 0.372615 9.860937 -0.026168 -0.015701 -0.007850 -0.062803 0.000000 -0.010467
481 12:00:04.800 0.934514 127.236452 1.169271 0.000000 0.000142 0.383916 9.780997 0.000000 0.000000 0.000000 0.000000 16.000000 0.000000
482 12:00:04.810 0.000000 150.483786 0.954764 0.000000 0.006246 0.420318 9.883111 0.026168 0.015701 0.007850 0.062803 15.737705 0.010467
483 12:00:04.820 0.000000 177.231860 0.871462 0.000000 0.086944 0.419379 9.894286 0.052264 0.031359 0.015679 0.125434 15.475410 0.020906
484 12:00:04.830 0.000000 206.125874 1.317488 0.000000 0.145699 0.423316 9.980395 0.078217 0.046930 0.023465 0.187721 15.213115 0.031287
485 12:00:04.840 0.000000 230.128863 1.846724 0.000000 0.213927 0.374135 9.974344 0.103956 0.062374 0.031187 0.249494 14.950820 0.041582
486 12:00:04.850 0.000000 259.607686 3.114003 1.696732 0.224039 0.377277 9.943500 0.129410 0.077646 0.038823 0.310583 14.688525 0.051764
487 12:00:04.860 0.893474 280.964923 5.041466 1.171809 0.268485 0.388220 10.019405 0.154508 0.092705 0.046353 0.370820 14.426230 0.061803
488 12:00:04.870 0.347944 303.945207 3.802221 0.000000 0.279130 0.389048 10.030619 0.179184 0.107510 0.053755 0.430042 14.163934 0.071674
489 12:00:04.880 0.000000 321.595148 7.472579 0.000000 0.333196 0.344149 10.089040 0.203368 0.122021 0.061010 0.488084 13.901639 0.081347
490 12:00:04.890 1.186074 334.557269 8.344896 0.029282 0.351797 0.369185 10.093745 0.226995 0.136197 0.068099 0.544789 13.639344 0.090798
491 12:00:04.900 0.000000 342.811260 11.383287 1.505161 0.384746 0.306586 10.179634 0.250000 0.150000 0.075000 0.600000 13.377049 0.100000
492 12:00:04.910 0.843408 345.635404 11.195628 0.000000 0.419382 0.318543 10.180559 0.272320 0.163392 0.081696 0.653567 13.114754 0.108928
493 12:00:04.920 0.483066 342.749391 14.703257 0.632747 0.461514 0.335159 10.249124 0.293893 0.176336 0.088168 0.705342 12.852459 0.117557
494 12:00:04.930 0.000000 335.294500 17.676125 0.197147 0.496402 0.270632 10.210821 0.314660 0.188796 0.094398 0.755184 12.590164 0.125864
495 12:00:04.940 0.000000 322.068396 22.121931 0.278900 0.524785 0.305500 10.280605 0.334565 0.200739 0.100370 0.802957 12.327869 0.133826
496 12:00:04.950 0.000000 303.291360 25.110049 0.156490 0.561881 0.290577 10.286358 0.353553 0.212132 0.106066 0.848528 12.065574 0.141421
497 12:00:04.960 1.207570 280.989595 27.083976 1.078334 0.594305 0.255740 10.326033 0.371572 0.222943 0.111472 0.891774 11.803279 0.148629
498 12:00:04.970 0.791658 255.940479 32.426951 0.616800 0.642251 0.266332 10.312365 0.388573 0.233144 0.116572 0.932575 11.540984 0.155429
499 12:00:04.980 0.737136 229.035504 36.621119 0.348682 0.677926 0.257411 10.364612 0.404508 0.242705 0.121353 0.970820 11.278689 0.161803
500 12:00:04.990 0.589400 203.209310 41.353248 0.000000 0.680049 0.197901 10.380387 0.419335 0.251601 0.125801 1.006405 11.016393 0.167734
501 12:00:05.000 0.000000 174.899613 44.144713 1.492191 0.698411 0.204514 10.403962 0.433013 0.259808 0.129904 1.039230 10.754098 0.173205
502 12:00:05.010 1.357302 151.438041 50.751860 0.439765 0.729331 0.183762 10.402809 0.445503 0.267302 0.133651 1.069208 10.491803 0.178201
503 12:00:05.020 0.000000 125.198928 53.362511 1.720684 0.740284 0.130510 10.426875 0.456773 0.274064 0.137032 1.096255 10.229508 0.182709
504 12:00:05.030 1.458839 104.969829 58.229439 2.850233 0.761803 0.140300 10.436045 0.466790 0.280074 0.140037 1.120297 9.967213 0.186716
505 12:00:05.040 1.477797 84.193425 62.527403 3.561707 0.773538 0.154138 10.450482 0.475528 0.285317 0.142658 1.141268 9.704918 0.190211
506 12:00:05.050 2.190485 68.172262 64.424627 3.228833 0.787879 0.140797 10.560538 0.482963 0.289778 0.144889 1.159111 9.442623 0.193185
507 12:00:05.060 4.569077 53.116960 68.933098 4.111986 0.791301 0.109371 10.461871 0.489074 0.293444 0.146722 1.173777 9.180328 0.195630
508 12:00:05.070 4.804888 40.620879 71.147137 5.742144 0.790152 0.083628 10.470872 0.493844 0.296307 0.148153 1.185226 8.918033 0.197538
509 12:00:05.080 8.592264 30.941610 71.264725 7.172200 0.799205 0.044919 10.529534 0.497261 0.298357 0.149178 1.193426 8.655738 0.198904
510 12:00:05.090 7.666251 23.507959 73.775993 8.899354 0.762394 -0.019364 10.545932 0.499315 0.299589 0.149794 1.198355 8.393443 0.199726
511 12:00:05.100 9.932002 18.567635 74.996498 9.471544 0.779455 -0.035041 10.491393 0.500000 0.300000 0.150000 1.200000 8.131148 0.200000
512 12:00:05.110 10.802531 12.859622 74.805135 11.665890 0.771010 -0.030193 10.505551 0.499315 0.299589 0.149794 1.198355 7.868852 0.199726
513 12:00:05.120 12.624298 7.058220 74.034662 13.849315 0.796893 -0.018181 10.455272 0.497261 0.298357 0.149178 1.193426 7.606557 0.198904
514 12:00:05.130 16.992328 4.621838 72.692770 16.963979 0.763413 -0.019588 10.450684 0.493844 0.296307 0.148153 1.185226 7.344262 0.197538
515 12:00:05.140 18.059661 3.726607 70.354323 20.750549 0.740176 -0.098414 10.470568 0.489074 0.293444 0.146722 1.173777 7.081967 0.195630
516 12:00:05.150 20.959856 2.867785 69.043114 23.124167 0.814628 -0.093675 10.507809 0.482963 0.289778 0.144889 1.159111 6.819672 0.193185
517 12:00:05.160 22.086905 2.361526 65.985636 22.905502 0.744725 -0.123034 10.474574 0.475528 0.285317 0.142658 1.141268 6.557377 0.190211
518 12:00:05.170 25.011140 2.381060 62.633122 28.937818 0.737317 -0.163219 10.540925 0.466790 0.280074 0.140037 1.120297 6.295082 0.186716
519 12:00:05.180 28.466601 0.487826 58.581125 30.411333 0.683163 -0.158717 10.427976 0.456773 0.274064 0.137032 1.096255 6.032787 0.182709
520 12:00:05.190 27.965150 0.780323 52.913239 33.619955 0.708039 -0.180293 10.430308 0.445503 0.267302 0.133651 1.069208 5.770492 0.178201
521 12:00:05.200 31.894195 0.000000 48.628737 36.016693 0.699001 -0.175630 10.472874 0.433013 0.259808 0.129904 1.039230 5.508197 0.173205
522 12:00:05.210 33.611248 0.000000 43.350299 36.196239 0.651135 -0.233137 10.380330 0.419335 0.251601 0.125801 1.006405 5.245902 0.167734
523 12:00:05.220 34.718568 0.887789 38.685281 38.820666 0.667212 -0.236938 10.398656 0.404508 0.242705 0.121353 0.970820 4.983607 0.161803
524 12:00:05.230 36.121395 0.000000 37.580280 42.684126 0.614349 -0.252353 10.374869 0.388573 0.233144 0.116572 0.932575 4.721311 0.155429
525 12:00:05.240 38.994743 0.000000 32.820345 44.594674 0.589586 -0.286946 10.304246 0.371572 0.222943 0.111472 0.891774 4.459016 0.148629
526 12:00:05.250 40.735556 0.388836 27.299640 44.573506 0.582140 -0.312631 10.283660 0.353553 0.212132 0.106066 0.848528 4.196721 0.141421
527 12:00:05.260 37.771393 0.389271 24.702700 46.317518 0.533651 -0.310337 10.278271 0.334565 0.200739 0.100370 0.802957 3.934426 0.133826
528 12:00:05.270 39.282065 1.927646 20.782259 45.314438 0.471209 -0.286713 10.289201 0.314660 0.188796 0.094398 0.755184 3.672131 0.125864
529 12:00:05.280 40.259556 0.000000 18.005440 43.998677 0.461514 -0.319434 10.222181 0.293893 0.176336 0.088168 0.705342 3.409836 0.117557
530 12:00:05.290 37.528963 0.000000 14.601444 45.268136 0.433985 -0.338236 10.137411 0.272320 0.163392 0.081696 0.653567 3.147541 0.108928
531 12:00:05.300 35.843875 0.000000 12.882709 39.734025 0.397161 -0.351070 10.147245 0.250000 0.150000 0.075000 0.600000 2.885246 0.100000
532 12:00:05.310 37.077420 1.266575 12.065862 39.897044 0.376229 -0.368931 10.151016 0.226995 0.136197 0.068099 0.544789 2.622951 0.090798
533 12:00:05.320 34.181397 1.073918 8.665392 37.081829 0.322574 -0.374988 10.095310 0.203368 0.122021 0.061010 0.488084 2.360656 0.081347
534 12:00:05.330 31.530741 0.000000 5.347445 37.257098 0.279574 -0.374555 10.093833 0.179184 0.107510 0.053755 0.430042 2.098361 0.071674
535 12:00:05.340 29.713025 1.442172 7.041468 31.866262 0.242423 -0.351418 10.022920 0.154508 0.092705 0.046353 0.370820 1.836066 0.061803
536 12:00:05.350 27.446895 0.000000 4.723475 30.490981 0.205417 -0.380139 9.974124 0.129410 0.077646 0.038823 0.310583 1.573770 0.051764
537 12:00:05.360 22.388130 0.000000 2.988632 26.705875 0.159112 -0.354466 9.955063 0.103956 0.062374 0.031187 0.249494 1.311475 0.041582
538 12:00:05.370 22.333458 0.000000 2.868052 22.318408 0.148820 -0.376444 9.946862 0.078217 0.046930 0.023465 0.187721 1.049180 0.031287
539 12:00:05.380 17.900603 0.000000 3.391960 22.555142 0.099124 -0.416676 9.848419 0.052264 0.031359 0.015679 0.125434 0.786885 0.020906
540 12:00:05.390 16.981654 0.000000 1.579900 19.528573 0.088199 -0.410520 9.864831 0.026168 0.015701 0.007850 0.062803 0.524590 0.010467
541 12:00:05.400 14.694661 1.139140 2.843163 16.347239 0.015626 -0.360664 9.823422 0.000000 0.000000 0.000000 0.000000 0.262295 0.000000
542 12:00:05.410 13.553888 0.059617 0.081092 14.980078 -0.079472 -0.408343 9.789381 -0.026168 -0.015701 -0.007850 -0.062803 0.000000 -0.010467
543 12:00:05.420 0.000000 0.000000 0.000000 0.000000 -0.115347 -0.411852 9.744231 -0.052264 -0.031359 -0.015679 -0.125434 0.000000 -0.020906
544 12:00:05.430 0.000000 0.000000 0.000000 0.000000 -0.107534 -0.346174 9.733413 -0.078217 -0.046930 -0.023465 -0.187721 0.000000 -0.031287
545 12:00:05.440 0.000000 0.000000 0.000000 0.000000 -0.146595 -0.376919 9.649231 -0.103956 -0.062374 -0.031187 -0.249494 0.000000 -0.041582
546 12:00:05.450 0.000000 0.000000 0.000000 0.000000 -0.200530 -0.425880 9.642714 -0.129410 -0.077646 -0.038823 -0.310583 0.000000 -0.051764
547 12:00:05.460 0.000000 0.000000 0.000000 0.000000 -0.221209 -0.398416 9.673007 -0.154508 -0.092705 -0.046353 -0.370820 0.000000 -0.061803
548 12:00:05.470 0.000000 0.000000 0.000000 0.000000 -0.301214 -0.353186 9.535501 -0.179184 -0.107510 -0.053755 -0.430042 0.000000 -0.071674
549 12:00:05.480 0.000000 0.000000 0.000000 0.000000 -0.311765 -0.380527 9.568660 -0.203368 -0.122021 -0.061010 -0.488084 0.000000 -0.081347
550 12:00:05.490 0.000000 0.000000 0.000000 0.000000 -0.369785 -0.369861 9.494050 -0.226995 -0.136197 -0.068099 -0.544789 0.000000 -0.090798
551 12:00:05.500 0.000000 0.000000 0.000000 0.000000 -0.409832 -0.343393 9.504697 -0.250000 -0.150000 -0.075000 -0.600000 0.000000 -0.100000
552 12:00:05.510 0.000000 0.000000 0.000000 0.000000 -0.438993 -0.350579 9.374574 -0.272320 -0.163392 -0.081696 -0.653567 0.000000 -0.108928
553 12:00:05.520 0.000000 0.000000 0.000000 0.000000 -0.474381 -0.335011 9.415092 -0.293893 -0.176336 -0.088168 -0.705342 0.000000 -0.117557
554 12:00:05.530 0.000000 0.000000 0.000000 0.000000 -0.506704 -0.327536 9.371224 -0.314660 -0.188796 -0.094398 -0.755184 0.000000 -0.125864
555 12:00:05.540 0.000000 0.000000 0.000000 0.000000 -0.514177 -0.267622 9.315635 -0.334565 -0.200739 -0.100370 -0.802957 0.000000 -0.133826
556 12:00:05.550 0.000000 0.000000 0.000000 0.000000 -0.576349 -0.276380 9.313523 -0.353553 -0.212132 -0.106066 -0.848528 0.000000 -0.141421
557 12:00:05.560 0.000000 0.000000 0.000000 0.000000 -0.574107 -0.248322 9.239995 -0.371572 -0.222943 -0.111472 -0.891774 0.000000 -0.148629
558 12:00:05.570 0.000000 0.000000 0.000000 0.000000 -0.608002 -0.269253 9.282086 -0.388573 -0.233144 -0.116572 -0.932575 0.000000 -0.155429
559 12:00:05.580 0.000000 0.000000 0.000000 0.000000 -0.642751 -0.233722 9.241731 -0.404508 -0.242705 -0.121353 -0.970820 0.000000 -0.161803
560 12:00:05.590 0.000000 0.000000 0.000000 0.000000 -0.683115 -0.198074 9.206776 -0.419335 -0.251601 -0.125801 -1.006405 0.000000 -0.167734
561 12:00:05.600 0.000000 0.000000 0.000000 0.000000 -0.713235 -0.206553 9.229046 -0.433013 -0.259808 -0.129904 -1.039230 0.000000 -0.173205
562 12:00:05.610 0.000000 0.000000 0.000000 0.000000 -0.747381 -0.179982 9.195511 -0.445503 -0.267302 -0.133651 -1.069208 0.000000 -0.178201
563 12:00:05.620 0.000000 0.000000 0.000000 0.000000 -0.731019 -0.150269 9.137424 -0.456773 -0.274064 -0.137032 -1.096255 0.000000 -0.182709
564 12:00:05.630 0.000000 0.000000 0.000000 0.000000 -0.743992 -0.148419 9.146964 -0.466790 -0.280074 -0.140037 -1.120297 0.000000 -0.186716
565 12:00:05.640 0.000000 0.000000 0.000000 0.000000 -0.768597 -0.140712 9.172354 -0.475528 -0.285317 -0.142658 -1.141268 0.000000 -0.190211
566 12:00:05.650 0.000000 0.000000 0.000000 0.000000 -0.795039 -0.092734 9.159300 -0.482963 -0.289778 -0.144889 -1.159111 0.000000 -0.193185
567 12:00:05.660 0.000000 0.000000 0.000000 0.000000 -0.793190 -0.081822 9.129339 -0.489074 -0.293444 -0.146722 -1.173777 0.000000 -0.195630
568 12:00:05.670 0.000000 0.000000 0.000000 0.000000 -0.775462 -0.046465 9.106658 -0.493844 -0.296307 -0.148153 -1.185226 0.000000 -0.197538
569 12:00:05.680 0.000000 0.000000 0.000000 0.000000 -0.791452 -0.044551 9.083967 -0.497261 -0.298357 -0.149178 -1.193426 0.000000 -0.198904
570 12:00:05.690 0.000000 0.000000 0.000000 0.000000 -0.805607 -0.034200 9.136190 -0.499315 -0.299589 -0.149794 -1.198355 0.000000 -0.199726
571 12:00:05.700 0.000000 0.000000 0.000000 0.000000 -0.795077 -0.000994 9.095227 -0.500000 -0.300000 -0.150000 -1.200000 0.000000 -0.200000
572 12:00:05.710 0.000000 0.000000 0.000000 0.000000 -0.808703 -0.002340 9.129143 -0.499315 -0.299589 -0.149794 -1.198355 0.000000 -0.199726
573 12:00:05.720 0.000000 0.000000 0.000000 0.000000 -0.804785 0.045777 9.117307 -0.497261 -0.298357 -0.149178 -1.193426 0.000000 -0.198904
574 12:00:05.730 0.000000 0.000000 0.000000 0.000000 -0.820734 0.052356 9.124796 -0.493844 -0.296307 -0.148153 -1.185226 0.000000 -0.197538
575 12:00:05.740 0.000000 0.000000 0.000000 0.000000 -0.763066 0.025236 9.090663 -0.489074 -0.293444 -0.146722 -1.173777 0.000000 -0.195630
576 12:00:05.750 0.000000 0.000000 0.000000 0.000000 -0.764136 0.084826 9.146529 -0.482963 -0.289778 -0.144889 -1.159111 0.000000 -0.193185
577 12:00:05.760 0.000000 0.000000 0.000000 0.000000 -0.763321 0.094226 9.186248 -0.475528 -0.285317 -0.142658 -1.141268 0.000000 -0.190211
578 12:00:05.770 0.000000 0.000000 0.000000 0.000000 -0.735349 0.150710 9.085488 -0.466790 -0.280074 -0.140037 -1.120297 0.000000 -0.186716
579 12:00:05.780 0.000000 0.000000 0.000000 0.000000 -0.707447 0.172693 9.177815 -0.456773 -0.274064 -0.137032 -1.096255 0.000000 -0.182709
580 12:00:05.790 0.000000 0.000000 0.000000 0.000000 -0.722454 0.142844 9.167585 -0.445503 -0.267302 -0.133651 -1.069208 0.000000 -0.178201
581 12:00:05.800 0.000000 0.000000 0.000000 0.000000 -0.674157 0.176877 9.253675 -0.433013 -0.259808 -0.129904 -1.039230 0.000000 -0.173205
582 12:00:05.810 0.000000 0.000000 0.000000 0.000000 -0.649826 0.185898 9.215020 -0.419335 -0.251601 -0.125801 -1.006405 0.000000 -0.167734
583 12:00:05.820 0.000000 0.000000 0.000000 0.000000 -0.654196 0.262122 9.349705 -0.404508 -0.242705 -0.121353 -0.970820 0.000000 -0.161803
584 12:00:05.830 0.000000 0.000000 0.000000 0.000000 -0.618948 0.257059 9.234936 -0.388573 -0.233144 -0.116572 -0.932575 0.000000 -0.155429
585 12:00:05.840 0.000000 0.000000 0.000000 0.000000 -0.594551 0.296276 9.253233 -0.371572 -0.222943 -0.111472 -0.891774 0.000000 -0.148629
586 12:00:05.850 0.000000 0.000000 0.000000 0.000000 -0.528315 0.290826 9.305552 -0.353553 -0.212132 -0.106066 -0.848528 0.000000 -0.141421
587 12:00:05.860 0.000000 0.000000 0.000000 0.000000 -0.573447 0.304604 9.318390 -0.334565 -0.200739 -0.100370 -0.802957 0.000000 -0.133826
588 12:00:05.870 0.000000 0.000000 0.000000 0.000000 -0.496585 0.322530 9.403137 -0.314660 -0.188796 -0.094398 -0.755184 0.000000 -0.125864
589 12:00:05.880 0.000000 0.000000 0.000000 0.000000 -0.468832 0.329673 9.359477 -0.293893 -0.176336 -0.088168 -0.705342 0.000000 -0.117557
590 12:00:05.890 0.000000 0.000000 0.000000 0.000000 -0.419169 0.339678 9.435536 -0.272320 -0.163392 -0.081696 -0.653567 0.000000 -0.108928
591 12:00:05.900 0.000000 0.000000 0.000000 0.000000 -0.435117 0.333848 9.440251 -0.250000 -0.150000 -0.075000 -0.600000 0.000000 -0.100000
592 12:00:05.910 0.000000 0.000000 0.000000 0.000000 -0.337284 0.353373 9.505286 -0.226995 -0.136197 -0.068099 -0.544789 0.000000 -0.090798
593 12:00:05.920 0.000000 0.000000 0.000000 0.000000 -0.332201 0.382188 9.516322 -0.203368 -0.122021 -0.061010 -0.488084 0.000000 -0.081347
594 12:00:05.930 0.000000 0.000000 0.000000 0.000000 -0.273332 0.399692 9.569083 -0.179184 -0.107510 -0.053755 -0.430042 0.000000 -0.071674
595 12:00:05.940 0.000000 0.000000 0.000000 0.000000 -0.260659 0.410064 9.605607 -0.154508 -0.092705 -0.046353 -0.370820 0.000000 -0.061803
596 12:00:05.950 0.000000 0.000000 0.000000 0.000000 -0.192636 0.362499 9.682136 -0.129410 -0.077646 -0.038823 -0.310583 0.000000 -0.051764
597 12:00:05.960 0.000000 0.000000 0.000000 0.000000 -0.197943 0.374166 9.712416 -0.103956 -0.062374 -0.031187 -0.249494 0.000000 -0.041582
598 12:00:05.970 0.000000 0.000000 0.000000 0.000000 -0.131499 0.443882 9.637519 -0.078217 -0.046930 -0.023465 -0.187721 0.000000 -0.031287
599 12:00:05.980 0.000000 0.000000 0.000000 0.000000 -0.037273 0.371793 9.709382 -0.052264 -0.031359 -0.015679 -0.125434 0.000000 -0.020906
600 12:00:05.990 0.000000 0.000000 0.000000 0.000000 -0.028684 0.391211 9.754286 -0.026168 -0.015701 -0.007850 -0.062803 0.000000 -0.010467
601 12:00:06.000 0.000000 128.026360 2.490919 0.000000 -0.029490 0.402290 9.817652 0.000000 0.000000 0.000000 0.000000 16.000000 0.000000
602 12:00:06.010 1.624961 152.251173 2.314419 0.427673 0.078213 0.422689 9.824059 0.026168 0.015701 0.007850 0.062803 15.737705 0.010467
603 12:00:06.020 0.592775 176.647816 2.584204 0.604177 0.041162 0.365503 9.878783 0.052264 0.031359 0.015679 0.125434 15.475410 0.020906
604 12:00:06.030 0.357582 203.235854 1.489866 1.606862 0.096196 0.404606 9.925125 0.078217 0.046930 0.023465 0.187721 15.213115 0.031287
605 12:00:06.040 1.271579 229.986208 2.235370 0.035408 0.144780 0.364040 9.917555 0.103956 0.062374 0.031187 0.249494 14.950820 0.041582
606 12:00:06.050 0.000000 256.993958 3.709253 0.000000 0.186417 0.352348 10.032393 0.129410 0.077646 0.038823 0.310583 14.688525 0.051764
607 12:00:06.060 0.000000 281.197881 3.507058 1.820777 0.260380 0.373815 10.046216 0.154508 0.092705 0.046353 0.370820 14.426230 0.061803
608 12:00:06.070 0.851759 304.233236 5.870765 2.000525 0.250923 0.383661 10.089888 0.179184 0.107510 0.053755 0.430042 14.163934 0.071674
609 12:00:06.080 0.000000 320.779340 6.198194 0.000000 0.341268 0.370726 10.055638 0.203368 0.122021 0.061010 0.488084 13.901639 0.081347
610 12:00:06.090 0.951245 334.729094 9.955042 0.000000 0.396803 0.377386 10.165407 0.226995 0.136197 0.068099 0.544789 13.639344 0.090798
611 12:00:06.100 0.282310 342.623284 11.268447 0.496725 0.388154 0.316907 10.180952 0.250000 0.150000 0.075000 0.600000 13.377049 0.100000
612 12:00:06.110 0.000000 347.407400 13.356843 0.000000 0.438743 0.302653 10.177879 0.272320 0.163392 0.081696 0.653567 13.114754 0.108928
613 12:00:06.120 0.346303 341.832221 16.088853 0.741802 0.482441 0.311318 10.170771 0.293893 0.176336 0.088168 0.705342 12.852459 0.117557
614 12:00:06.130 0.000000 334.365408 16.640489 0.379951 0.542546 0.318660 10.277836 0.314660 0.188796 0.094398 0.755184 12.590164 0.125864
615 12:00:06.140 1.258303 319.127118 21.726493 0.000000 0.534529 0.283101 10.291559 0.334565 0.200739 0.100370 0.802957 12.327869 0.133826
616 12:00:06.150 0.000000 302.221259 22.669670 0.000000 0.543053 0.282028 10.330749 0.353553 0.212132 0.106066 0.848528 12.065574 0.141421
617 12:00:06.160 1.101508 280.280643 27.542895 0.601339 0.591599 0.287637 10.330973 0.371572 0.222943 0.111472 0.891774 11.803279 0.148629
618 12:00:06.170 0.310514 256.722872 31.612066 0.000000 0.605167 0.207017 10.358829 0.388573 0.233144 0.116572 0.932575 11.540984 0.155429
619 12:00:06.180 0.000000 229.694813 37.894326 0.191903 0.630879 0.203621 10.368730 0.404508 0.242705 0.121353 0.970820 11.278689 0.161803
620 12:00:06.190 0.631543 202.730294 39.934477 2.490312 0.666493 0.211448 10.413170 0.419335 0.251601 0.125801 1.006405 11.016393 0.167734
621 12:00:06.200 0.000000 176.134371 44.478145 2.353241 0.681815 0.190607 10.396166 0.433013 0.259808 0.129904 1.039230 10.754098 0.173205
622 12:00:06.210 0.000000 151.305553 50.438735 1.185143 0.698168 0.173517 10.435272 0.445503 0.267302 0.133651 1.069208 10.491803 0.178201
623 12:00:06.220 2.053200 126.518358 53.949350 2.169501 0.732478 0.175471 10.446483 0.456773 0.274064 0.137032 1.096255 10.229508 0.182709
624 12:00:06.230 2.165701 104.891069 57.184708 4.466660 0.693809 0.148132 10.463745 0.466790 0.280074 0.140037 1.120297 9.967213 0.186716
625 12:00:06.240 3.404644 85.432860 61.959609 1.761198 0.766049 0.117235 10.458720 0.475528 0.285317 0.142658 1.141268 9.704918 0.190211
626 12:00:06.250 1.340529 67.678349 65.318020 2.590649 0.752019 0.142116 10.476719 0.482963 0.289778 0.144889 1.159111 9.442623 0.193185
627 12:00:06.260 2.273706 53.386768 69.027740 3.749597 0.801410 0.072025 10.492811 0.489074 0.293444 0.146722 1.173777 9.180328 0.195630
628 12:00:06.270 5.643922 39.866142 68.557425 5.439494 0.794932 0.062882 10.527614 0.493844 0.296307 0.148153 1.185226 8.918033 0.197538
629 12:00:06.280 7.000723 31.267881 70.249612 6.889828 0.786662 0.019355 10.511375 0.497261 0.298357 0.149178 1.193426 8.655738 0.198904
630 12:00:06.290 7.208123 23.250383 73.175669 7.007930 0.822066 0.032476 10.497713 0.499315 0.299589 0.149794 1.198355 8.393443 0.199726
631 12:00:06.300 8.781135 15.875855 73.918733 10.442970 0.806002 -0.004518 10.483018 0.500000 0.300000 0.150000 1.200000 8.131148 0.200000
632 12:00:06.310 9.872656 12.821904 75.457196 11.028764 0.841836 -0.047885 10.448294 0.499315 0.299589 0.149794 1.198355 7.868852 0.199726
633 12:00:06.320 11.969805 10.040741 73.672467 14.130219 0.793384 -0.036088 10.505840 0.497261 0.298357 0.149178 1.193426 7.606557 0.198904
634 12:00:06.330 14.010767 5.373737 71.570868 17.300080 0.774299 -0.045357 10.499798 0.493844 0.296307 0.148153 1.185226 7.344262 0.197538
635 12:00:06.340 17.292204 3.960149 71.626378 20.994555 0.765688 -0.077653 10.522999 0.489074 0.293444 0.146722 1.173777 7.081967 0.195630
636 12:00:06.350 19.801323 3.634921 67.147404 22.627623 0.806355 -0.152347 10.483994 0.482963 0.289778 0.144889 1.159111 6.819672 0.193185
637 12:00:06.360 21.199987 1.930087 64.264700 24.924754 0.779115 -0.114517 10.444117 0.475528 0.285317 0.142658 1.141268 6.557377 0.190211
638 12:00:06.370 25.957104 1.031503 61.111462 25.951447 0.756363 -0.142931 10.447054 0.466790 0.280074 0.140037 1.120297 6.295082 0.186716
639 12:00:06.380 26.595220 0.000000 57.555439 30.775925 0.710057 -0.155165 10.423073 0.456773 0.274064 0.137032 1.096255 6.032787 0.182709
640 12:00:06.390 28.245609 1.527797 54.416347 35.152130 0.699846 -0.214059 10.436723 0.445503 0.267302 0.133651 1.069208 5.770492 0.178201
641 12:00:06.400 31.322735 0.000000 49.650146 35.576992 0.652048 -0.176730 10.386286 0.433013 0.259808 0.129904 1.039230 5.508197 0.173205
642 12:00:06.410 35.323826 0.000000 44.098667 40.348351 0.669565 -0.221755 10.412085 0.419335 0.251601 0.125801 1.006405 5.245902 0.167734
643 12:00:06.420 36.335643 0.967836 41.105793 39.622154 0.632005 -0.250454 10.354091 0.404508 0.242705 0.121353 0.970820 4.983607 0.161803
644 12:00:06.430 37.329863 0.000000 34.414992 43.353813 0.633178 -0.247670 10.364972 0.388573 0.233144 0.116572 0.932575 4.721311 0.155429
645 12:00:06.440 39.037523 0.875436 30.285271 43.529300 0.621135 -0.273564 10.316838 0.371572 0.222943 0.111472 0.891774 4.459016 0.148629
646 12:00:06.450 41.222327 0.000000 27.988627 44.919854 0.599675 -0.247479 10.291869 0.353553 0.212132 0.106066 0.848528 4.196721 0.141421
647 12:00:06.460 40.926141 0.010532 24.154776 44.422821 0.550891 -0.301215 10.305303 0.334565 0.200739 0.100370 0.802957 3.934426 0.133826
648 12:00:06.470 39.633039 0.000000 21.466165 45.614309 0.509524 -0.318948 10.249706 0.314660 0.188796 0.094398 0.755184 3.672131 0.125864
649 12:00:06.480 40.715553 1.176815 17.395963 44.587616 0.454675 -0.311759 10.270824 0.293893 0.176336 0.088168 0.705342 3.409836 0.117557
650 12:00:06.490 38.892738 1.036833 14.981795 43.593241 0.449241 -0.310291 10.125472 0.272320 0.163392 0.081696 0.653567 3.147541 0.108928
651 12:00:06.500 35.760311 0.000000 13.802540 43.574528 0.366128 -0.331002 10.144703 0.250000 0.150000 0.075000 0.600000 2.885246 0.100000
652 12:00:06.510 35.561769 1.111015 11.378673 40.508617 0.351405 -0.357927 10.201029 0.226995 0.136197 0.068099 0.544789 2.622951 0.090798
653 12:00:06.520 34.500606 0.330449 8.116731 36.276609 0.332962 -0.345494 10.034936 0.203368 0.122021 0.061010 0.488084 2.360656 0.081347
654 12:00:06.530 32.571286 0.000000 6.593717 37.751356 0.262445 -0.337137 10.072638 0.179184 0.107510 0.053755 0.430042 2.098361 0.071674
655 12:00:06.540 27.372555 0.012444 5.841586 32.508649 0.244819 -0.389695 9.996533 0.154508 0.092705 0.046353 0.370820 1.836066 0.061803
656 12:00:06.550 24.763719 0.756581 5.670906 30.850579 0.209348 -0.382430 9.969702 0.129410 0.077646 0.038823 0.310583 1.573770 0.051764
657 12:00:06.560 22.448542 0.000000 3.712375 26.887384 0.144811 -0.376963 9.937699 0.103956 0.062374 0.031187 0.249494 1.311475 0.041582
658 12:00:06.570 20.765142 0.281224 2.502198 23.899458 0.077792 -0.412783 9.871977 0.078217 0.046930 0.023465 0.187721 1.049180 0.031287
659 12:00:06.580 18.902883 1.349102 2.466219 22.245108 0.050675 -0.407928 9.896069 0.052264 0.031359 0.015679 0.125434 0.786885 0.020906
660 12:00:06.590 16.972268 0.000000 1.274586 18.303690 0.034596 -0.408413 9.792345 0.026168 0.015701 0.007850 0.062803 0.524590 0.010467
661 12:00:06.600 13.195373 0.656737 0.249600 16.434119 -0.021876 -0.395526 9.819505 0.000000 0.000000 0.000000 0.000000 0.262295 0.000000
662 12:00:06.610 12.248230 0.125226 0.000000 15.409451 -0.036127 -0.407798 9.769345 -0.026168 -0.015701 -0.007850 -0.062803 0.000000 -0.010467
663 12:00:06.620 0.000000 0.000000 0.000000 0.000000 -0.079991 -0.388134 9.735158 -0.052264 -0.031359 -0.015679 -0.125434 0.000000 -0.020906
664 12:00:06.630 0.000000 0.000000 0.000000 0.000000 -0.149896 -0.401171 9.762287 -0.078217 -0.046930 -0.023465 -0.187721 0.000000 -0.031287
665 12:00:06.640 0.000000 0.000000 0.000000 0.000000 -0.193108 -0.389360 9.674622 -0.103956 -0.062374 -0.031187 -0.249494 0.000000 -0.041582
666 12:00:06.650 0.000000 0.000000 0.000000 0.000000 -0.186098 -0.389814 9.611181 -0.129410 -0.077646 -0.038823 -0.310583 0.000000 -0.051764
667 12:00:06.660 0.000000 0.000000 0.000000 0.000000 -0.201266 -0.400757 9.600739 -0.154508 -0.092705 -0.046353 -0.370820 0.000000 -0.061803
668 12:00:06.670 0.000000 0.000000 0.000000 0.000000 -0.297893 -0.380748 9.594404 -0.179184 -0.107510 -0.053755 -0.430042 0.000000 -0.071674
669 12:00:06.680 0.000000 0.000000 0.000000 0.000000 -0.343681 -0.374808 9.484896 -0.203368 -0.122021 -0.061010 -0.488084 0.000000 -0.081347
670 12:00:06.690 0.000000 0.000000 0.000000 0.000000 -0.369599 -0.354191 9.498741 -0.226995 -0.136197 -0.068099 -0.544789 0.000000 -0.090798
671 12:00:06.700 0.000000 0.000000 0.000000 0.000000 -0.367571 -0.341086 9.444506 -0.250000 -0.150000 -0.075000 -0.600000 0.000000 -0.100000
672 12:00:06.710 0.000000 0.000000 0.000000 0.000000 -0.446830 -0.293821 9.415800 -0.272320 -0.163392 -0.081696 -0.653567 0.000000 -0.108928
673 12:00:06.720 0.000000 0.000000 0.000000 0.000000 -0.472173 -0.322461 9.376111 -0.293893 -0.176336 -0.088168 -0.705342 0.000000 -0.117557
674 12:00:06.730 0.000000 0.000000 0.000000 0.000000 -0.503332 -0.312532 9.380729 -0.314660 -0.188796 -0.094398 -0.755184 0.000000 -0.125864
675 12:00:06.740 0.000000 0.000000 0.000000 0.000000 -0.562024 -0.296975 9.397930 -0.334565 -0.200739 -0.100370 -0.802957 0.000000 -0.133826
676 12:00:06.750 0.000000 0.000000 0.000000 0.000000 -0.597536 -0.289872 9.303406 -0.353553 -0.212132 -0.106066 -0.848528 0.000000 -0.141421
677 12:00:06.760 0.000000 0.000000 0.000000 0.000000 -0.581675 -0.238369 9.272023 -0.371572 -0.222943 -0.111472 -0.891774 0.000000 -0.148629
678 12:00:06.770 0.000000 0.000000 0.000000 0.000000 -0.613855 -0.241283 9.212443 -0.388573 -0.233144 -0.116572 -0.932575 0.000000 -0.155429
679 12:00:06.780 0.000000 0.000000 0.000000 0.000000 -0.638233 -0.233584 9.257501 -0.404508 -0.242705 -0.121353 -0.970820 0.000000 -0.161803
680 12:00:06.790 0.000000 0.000000 0.000000 0.000000 -0.658844 -0.233741 9.180805 -0.419335 -0.251601 -0.125801 -1.006405 0.000000 -0.167734
681 12:00:06.800 0.000000 0.000000 0.000000 0.000000 -0.680572 -0.236522 9.230702 -0.433013 -0.259808 -0.129904 -1.039230 0.000000 -0.173205
682 12:00:06.810 0.000000 0.000000 0.000000 0.000000 -0.710251 -0.171860 9.231192 -0.445503 -0.267302 -0.133651 -1.069208 0.000000 -0.178201
683 12:00:06.820 0.000000 0.000000 0.000000 0.000000 -0.713614 -0.178206 9.135676 -0.456773 -0.274064 -0.137032 -1.096255 0.000000 -0.182709
684 12:00:06.830 0.000000 0.000000 0.000000 0.000000 -0.749433 -0.143365 9.185019 -0.466790 -0.280074 -0.140037 -1.120297 0.000000 -0.186716
685 12:00:06.840 0.000000 0.000000 0.000000 0.000000 -0.759545 -0.115731 9.152101 -0.475528 -0.285317 -0.142658 -1.141268 0.000000 -0.190211
686 12:00:06.850 0.000000 0.000000 0.000000 0.000000 -0.800238 -0.107490 9.125454 -0.482963 -0.289778 -0.144889 -1.159111 0.000000 -0.193185
687 12:00:06.860 0.000000 0.000000 0.000000 0.000000 -0.822585 -0.057163 9.139173 -0.489074 -0.293444 -0.146722 -1.173777 0.000000 -0.195630
688 12:00:06.870 0.000000 0.000000 0.000000 0.000000 -0.771309 -0.038499 9.082790 -0.493844 -0.296307 -0.148153 -1.185226 0.000000 -0.197538
689 12:00:06.880 0.000000 0.000000 0.000000 0.000000 -0.832717 -0.037023 9.137446 -0.497261 -0.298357 -0.149178 -1.193426 0.000000 -0.198904
690 12:00:06.890 0.000000 0.000000 0.000000 0.000000 -0.802397 -0.024461 9.049266 -0.499315 -0.299589 -0.149794 -1.198355 0.000000 -0.199726
691 12:00:06.900 0.000000 0.000000 0.000000 0.000000 -0.812288 -0.000048 9.087729 -0.500000 -0.300000 -0.150000 -1.200000 0.000000 -0.200000
692 12:00:06.910 0.000000 0.000000 0.000000 0.000000 -0.759433 0.042503 9.171850 -0.499315 -0.299589 -0.149794 -1.198355 0.000000 -0.199726
693 12:00:06.920 0.000000 0.000000 0.000000 0.000000 -0.826363 0.038382 9.076594 -0.497261 -0.298357 -0.149178 -1.193426 0.000000 -0.198904
694 12:00:06.930 0.000000 0.000000 0.000000 0.000000 -0.773935 0.071343 9.110456 -0.493844 -0.296307 -0.148153 -1.185226 0.000000 -0.197538
695 12:00:06.940 0.000000 0.000000 0.000000 0.000000 -0.732485 0.063698 9.135543 -0.489074 -0.293444 -0.146722 -1.173777 0.000000 -0.195630
696 12:00:06.950 0.000000 0.000000 0.000000 0.000000 -0.775559 0.080143 9.156775 -0.482963 -0.289778 -0.144889 -1.159111 0.000000 -0.193185
697 12:00:06.960 0.000000 0.000000 0.000000 0.000000 -0.766667 0.111686 9.137579 -0.475528 -0.285317 -0.142658 -1.141268 0.000000 -0.190211
698 12:00:06.970 0.000000 0.000000 0.000000 0.000000 -0.755741 0.130768 9.110940 -0.466790 -0.280074 -0.140037 -1.120297 0.000000 -0.186716
699 12:00:06.980 0.000000 0.000000 0.000000 0.000000 -0.718180 0.161073 9.173370 -0.456773 -0.274064 -0.137032 -1.096255 0.000000 -0.182709
700 12:00:06.990 0.000000 0.000000 0.000000 0.000000 -0.708053 0.145184 9.156221 -0.445503 -0.267302 -0.133651 -1.069208 0.000000 -0.178201
701 12:00:07.000 0.000000 0.000000 0.000000 0.000000 -0.665860 0.208724 9.164562 -0.433013 -0.259808 -0.129904 -1.039230 0.000000 -0.173205
702 12:00:07.010 0.000000 0.000000 0.000000 0.000000 -0.676153 0.220433 9.217921 -0.419335 -0.251601 -0.125801 -1.006405 0.000000 -0.167734
703 12:00:07.020 0.000000 0.000000 0.000000 0.000000 -0.679731 0.246845 9.280332 -0.404508 -0.242705 -0.121353 -0.970820 0.000000 -0.161803
704 12:00:07.030 0.000000 0.000000 0.000000 0.000000 -0.624132 0.241165 9.243438 -0.388573 -0.233144 -0.116572 -0.932575 0.000000 -0.155429
705 12:00:07.040 0.000000 0.000000 0.000000 0.000000 -0.590787 0.264765 9.319462 -0.371572 -0.222943 -0.111472 -0.891774 0.000000 -0.148629
706 12:00:07.050 0.000000 0.000000 0.000000 0.000000 -0.587327 0.272167 9.256979 -0.353553 -0.212132 -0.106066 -0.848528 0.000000 -0.141421
707 12:00:07.060 0.000000 0.000000 0.000000 0.000000 -0.565427 0.268055 9.311503 -0.334565 -0.200739 -0.100370 -0.802957 0.000000 -0.133826
708 12:00:07.070 0.000000 0.000000 0.000000 0.000000 -0.520079 0.278071 9.397639 -0.314660 -0.188796 -0.094398 -0.755184 0.000000 -0.125864
709 12:00:07.080 0.000000 0.000000 0.000000 0.000000 -0.464704 0.357231 9.390098 -0.293893 -0.176336 -0.088168 -0.705342 0.000000 -0.117557
710 12:00:07.090 0.000000 0.000000 0.000000 0.000000 -0.439037 0.319734 9.417709 -0.272320 -0.163392 -0.081696 -0.653567 0.000000 -0.108928
711 12:00:07.100 0.000000 0.000000 0.000000 0.000000 -0.392792 0.331765 9.483219 -0.250000 -0.150000 -0.075000 -0.600000 0.000000 -0.100000
712 12:00:07.110 0.000000 0.000000 0.000000 0.000000 -0.328500 0.338952 9.495831 -0.226995 -0.136197 -0.068099 -0.544789 0.000000 -0.090798
713 12:00:07.120 0.000000 0.000000 0.000000 0.000000 -0.357792 0.350346 9.429373 -0.203368 -0.122021 -0.061010 -0.488084 0.000000 -0.081347
714 12:00:07.130 0.000000 0.000000 0.000000 0.000000 -0.308657 0.344406 9.524735 -0.179184 -0.107510 -0.053755 -0.430042 0.000000 -0.071674
715 12:00:07.140 0.000000 0.000000 0.000000 0.000000 -0.240282 0.403163 9.582143 -0.154508 -0.092705 -0.046353 -0.370820 0.000000 -0.061803
716 12:00:07.150 0.000000 0.000000 0.000000 0.000000 -0.188808 0.373919 9.628085 -0.129410 -0.077646 -0.038823 -0.310583 0.000000 -0.051764
717 12:00:07.160 0.000000 0.000000 0.000000 0.000000 -0.143638 0.405543 9.668642 -0.103956 -0.062374 -0.031187 -0.249494 0.000000 -0.041582
718 12:00:07.170 0.000000 0.000000 0.000000 0.000000 -0.123997 0.411406 9.691524 -0.078217 -0.046930 -0.023465 -0.187721 0.000000 -0.031287
719 12:00:07.180 0.000000 0.000000 0.000000 0.000000 -0.058444 0.378968 9.723307 -0.052264 -0.031359 -0.015679 -0.125434 0.000000 -0.020906
720 12:00:07.190 0.000000 0.000000 0.000000 0.000000 -0.079990 0.383380 9.819292 -0.026168 -0.015701 -0.007850 -0.062803 0.000000 -0.010467
721 12:00:07.200 0.942683 127.367806 0.000000 0.000000 -0.018269 0.411805 9.761634 0.000000 0.000000 0.000000 0.000000 16.000000 0.000000
722 12:00:07.210 0.000000 151.919316 0.857643 0.595417 0.008229 0.408751 9.837179 0.026168 0.015701 0.007850 0.062803 15.737705 0.010467
723 12:00:07.220 0.000000 176.721129 0.758054 0.996080 0.078271 0.384057 9.867465 0.052264 0.031359 0.015679 0.125434 15.475410 0.020906
724 12:00:07.230 0.000000 203.654891 1.891531 0.000000 0.139133 0.402981 9.901631 0.078217 0.046930 0.023465 0.187721 15.213115 0.031287
725 12:00:07.240 0.038789 230.598796 2.501040 0.646792 0.216424 0.416061 9.922579 0.103956 0.062374 0.031187 0.249494 14.950820 0.041582
726 12:00:07.250 0.411062 259.028241 3.567762 1.476784 0.225203 0.387333 10.018988 0.129410 0.077646 0.038823 0.310583 14.688525 0.051764
727 12:00:07.260 0.000000 282.181364 4.850530 0.000000 0.259918 0.380214 10.042494 0.154508 0.092705 0.046353 0.370820 14.426230 0.061803
728 12:00:07.270 0.706949 302.910138 6.632878 0.814906 0.259574 0.366839 10.095679 0.179184 0.107510 0.053755 0.430042 14.163934 0.071674
729 12:00:07.280 0.000000 321.205683 7.100269 0.000000 0.314496 0.333116 10.093964 0.203368 0.122021 0.061010 0.488084 13.901639 0.081347
730 12:00:07.290 0.000000 334.551265 8.206118 1.958252 0.372109 0.347249 10.156494 0.226995 0.136197 0.068099 0.544789 13.639344 0.090798
731 12:00:07.300 0.701050 345.434885 10.032267 0.495819 0.412631 0.325618 10.213850 0.250000 0.150000 0.075000 0.600000 13.377049 0.100000
732 12:00:07.310 0.149547 346.818836 14.200617 1.241063 0.446519 0.333737 10.164845 0.272320 0.163392 0.081696 0.653567 13.114754 0.108928
733 12:00:07.320 0.355620 343.467871 15.169774 1.098259 0.487433 0.334113 10.239302 0.293893 0.176336 0.088168 0.705342 12.852459 0.117557
734 12:00:07.330 0.005687 335.770038 15.734824 1.035248 0.490708 0.292305 10.239522 0.314660 0.188796 0.094398 0.755184 12.590164 0.125864
735 12:00:07.340 0.000000 320.361767 22.934313 0.000000 0.496953 0.294510 10.255938 0.334565 0.200739 0.100370 0.802957 12.327869 0.133826
736 12:00:07.350 1.296323 301.708154 23.467750 1.020223 0.550950 0.276418 10.302438 0.353553 0.212132 0.106066 0.848528 12.065574 0.141421
737 12:00:07.360 0.412113 280.805209 29.216637 0.000000 0.615123 0.285128 10.334553 0.371572 0.222943 0.111472 0.891774 11.803279 0.148629
738 12:00:07.370 1.271371 256.343341 31.650375 1.740867 0.637447 0.246454 10.347047 0.388573 0.233144 0.116572 0.932575 11.540984 0.155429
739 12:00:07.380 0.247353 230.709780 35.597575 0.430591 0.632919 0.285651 10.360841 0.404508 0.242705 0.121353 0.970820 11.278689 0.161803
740 12:00:07.390 0.775170 203.860917 40.026092 1.513588 0.658802 0.256599 10.355803 0.419335 0.251601 0.125801 1.006405 11.016393 0.167734
741 12:00:07.400 1.269891 175.658560 44.029284 1.858115 0.692387 0.204714 10.410504 0.433013 0.259808 0.129904 1.039230 10.754098 0.173205
742 12:00:07.410 0.229945 151.271284 47.386760 2.067140 0.697843 0.176293 10.463615 0.445503 0.267302 0.133651 1.069208 10.491803 0.178201
743 12:00:07.420 1.383229 125.831472 53.476026 1.895130 0.736907 0.162513 10.470241 0.456773 0.274064 0.137032 1.096255 10.229508 0.182709
744 12:00:07.430 4.179733 104.350594 57.650523 2.010271 0.714951 0.146791 10.483748 0.466790 0.280074 0.140037 1.120297 9.967213 0.186716
745 12:00:07.440 2.833934 83.375103 60.809832 5.538532 0.791306 0.101903 10.442106 0.475528 0.285317 0.142658 1.141268 9.704918 0.190211
746 12:00:07.450 4.701386 67.745335 65.833830 4.071246 0.773679 0.111733 10.431071 0.482963 0.289778 0.144889 1.159111 9.442623 0.193185
747 12:00:07.460 5.631199 53.884645 66.803195 5.713776 0.781423 0.091177 10.495804 0.489074 0.293444 0.146722 1.173777 9.180328 0.195630
748 12:00:07.470 5.344620 40.728510 71.795558 5.192444 0.791726 0.099141 10.471912 0.493844 0.296307 0.148153 1.185226 8.918033 0.197538
749 12:00:07.480 6.833498 32.062684 73.239669 7.791814 0.778774 0.047490 10.520296 0.497261 0.298357 0.149178 1.193426 8.655738 0.198904
750 12:00:07.490 8.025641 22.118274 76.032083 8.074835 0.806842 0.042367 10.452209 0.499315 0.299589 0.149794 1.198355 8.393443 0.199726
751 12:00:07.500 8.726443 17.863549 75.062920 12.483715 0.799082 0.001725 10.509759 0.500000 0.300000 0.150000 1.200000 8.131148 0.200000
752 12:00:07.510 11.004857 12.557810 76.512653 13.298419 0.778882 -0.060579 10.545280 0.499315 0.299589 0.149794 1.198355 7.868852 0.199726
753 12:00:07.520 12.700056 10.089587 73.747361 14.762132 0.817573 -0.029881 10.513290 0.497261 0.298357 0.149178 1.193426 7.606557 0.198904
754 12:00:07.530 13.859412 5.320668 71.278901 16.950183 0.811438 -0.105795 10.451230 0.493844 0.296307 0.148153 1.185226 7.344262 0.197538
755 12:00:07.540 15.910229 5.739426 72.083520 19.395676 0.819380 -0.057704 10.498924 0.489074 0.293444 0.146722 1.173777 7.081967 0.195630
756 12:00:07.550 19.529879 1.891195 68.800404 24.231346 0.740624 -0.114359 10.491277 0.482963 0.289778 0.144889 1.159111 6.819672 0.193185
757 12:00:07.560 22.153882 2.174810 65.685108 24.696855 0.731051 -0.129526 10.496406 0.475528 0.285317 0.142658 1.141268 6.557377 0.190211
758 12:00:07.570 25.570528 3.169399 60.900372 26.935767 0.748179 -0.124763 10.494097 0.466790 0.280074 0.140037 1.120297 6.295082 0.186716
759 12:00:07.580 25.866761 0.000000 58.169488 30.404151 0.765003 -0.141060 10.447502 0.456773 0.274064 0.137032 1.096255 6.032787 0.182709
760 12:00:07.590 29.371593 1.010650 53.759317 32.279594 0.708012 -0.169824 10.439746 0.445503 0.267302 0.133651 1.069208 5.770492 0.178201
761 12:00:07.600 30.442766 0.366543 47.878117 37.506585 0.676803 -0.191289 10.419498 0.433013 0.259808 0.129904 1.039230 5.508197 0.173205
762 12:00:07.610 33.787575 2.820789 43.665488 37.816139 0.648844 -0.253191 10.444342 0.419335 0.251601 0.125801 1.006405 5.245902 0.167734
763 12:00:07.620 35.948551 1.534089 40.018538 39.245116 0.671337 -0.235396 10.335839 0.404508 0.242705 0.121353 0.970820 4.983607 0.161803
764 12:00:07.630 37.457199 0.000000 35.026960 42.335152 0.577160 -0.291715 10.335977 0.388573 0.233144 0.116572 0.932575 4.721311 0.155429
765 12:00:07.640 36.723849 0.000000 32.400061 44.333733 0.570987 -0.271363 10.303281 0.371572 0.222943 0.111472 0.891774 4.459016 0.148629
766 12:00:07.650 40.294306 0.000000 27.124139 44.388577 0.577389 -0.281296 10.329361 0.353553 0.212132 0.106066 0.848528 4.196721 0.141421
767 12:00:07.660 39.934361 0.000000 26.869222 45.863770 0.532197 -0.307995 10.244805 0.334565 0.200739 0.100370 0.802957 3.934426 0.133826
768 12:00:07.670 39.202818 1.890819 19.431635 43.779547 0.540861 -0.325518 10.202607 0.314660 0.188796 0.094398 0.755184 3.672131 0.125864
769 12:00:07.680 39.679809 0.000000 17.094488 45.284394 0.460200 -0.310965 10.242767 0.293893 0.176336 0.088168 0.705342 3.409836 0.117557
770 12:00:07.690 40.047439 0.379920 17.006674 43.998312 0.438422 -0.323377 10.174472 0.272320 0.163392 0.081696 0.653567 3.147541 0.108928
771 12:00:07.700 36.417687 0.000000 13.173277 43.478719 0.390636 -0.336227 10.130765 0.250000 0.150000 0.075000 0.600000 2.885246 0.100000
772 12:00:07.710 35.892486 0.141334 9.970265 40.600875 0.402188 -0.369801 10.120764 0.226995 0.136197 0.068099 0.544789 2.622951 0.090798
773 12:00:07.720 32.891286 0.000000 9.543433 37.409823 0.341922 -0.346718 10.040294 0.203368 0.122021 0.061010 0.488084 2.360656 0.081347
774 12:00:07.730 31.559338 1.431777 7.449463 36.343975 0.316985 -0.370137 10.071040 0.179184 0.107510 0.053755 0.430042 2.098361 0.071674
775 12:00:07.740 28.539366 0.000000 5.578075 32.179560 0.246591 -0.378207 10.018577 0.154508 0.092705 0.046353 0.370820 1.836066 0.061803
776 12:00:07.750 26.570257 1.524398 5.108580 30.284778 0.220887 -0.378845 9.975255 0.129410 0.077646 0.038823 0.310583 1.573770 0.051764
777 12:00:07.760 24.603627 0.000000 4.498653 27.570200 0.154319 -0.425807 9.979898 0.103956 0.062374 0.031187 0.249494 1.311475 0.041582
778 12:00:07.770 22.023193 0.000000 2.108533 24.409974 0.116552 -0.375822 9.885343 0.078217 0.046930 0.023465 0.187721 1.049180 0.031287
779 12:00:07.780 17.850418 0.000000 2.392660 21.307563 0.076501 -0.411383 9.868880 0.052264 0.031359 0.015679 0.125434 0.786885 0.020906
780 12:00:07.790 16.534817 0.000000 1.827801 19.962535 0.066026 -0.373178 9.798624 0.026168 0.015701 0.007850 0.062803 0.524590 0.010467
781 12:00:07.800 13.761798 0.414255 0.193589 16.585494 0.020936 -0.393404 9.847285 0.000000 0.000000 0.000000 0.000000 0.262295 0.000000
782 12:00:07.810 11.311035 0.000000 1.336626 11.730793 -0.071402 -0.390212 9.761209 -0.026168 -0.015701 -0.007850 -0.062803 0.000000 -0.010467
783 12:00:07.820 0.000000 0.000000 0.000000 0.000000 -0.080442 -0.434259 9.730710 -0.052264 -0.031359 -0.015679 -0.125434 0.000000 -0.020906
784 12:00:07.830 0.000000 0.000000 0.000000 0.000000 -0.152322 -0.407060 9.721931 -0.078217 -0.046930 -0.023465 -0.187721 0.000000 -0.031287
785 12:00:07.840 0.000000 0.000000 0.000000 0.000000 -0.167312 -0.377837 9.713549 -0.103956 -0.062374 -0.031187 -0.249494 0.000000 -0.041582
786 12:00:07.850 0.000000 0.000000 0.000000 0.000000 -0.246261 -0.372317 9.670598 -0.129410 -0.077646 -0.038823 -0.310583 0.000000 -0.051764
787 12:00:07.860 0.000000 0.000000 0.000000 0.000000 -0.220479 -0.352092 9.625797 -0.154508 -0.092705 -0.046353 -0.370820 0.000000 -0.061803
788 12:00:07.870 0.000000 0.000000 0.000000 0.000000 -0.311285 -0.356165 9.607648 -0.179184 -0.107510 -0.053755 -0.430042 0.000000 -0.071674
789 12:00:07.880 0.000000 0.000000 0.000000 0.000000 -0.339161 -0.360872 9.516806 -0.203368 -0.122021 -0.061010 -0.488084 0.000000 -0.081347
790 12:00:07.890 0.000000 0.000000 0.000000 0.000000 -0.363179 -0.331428 9.486833 -0.226995 -0.136197 -0.068099 -0.544789 0.000000 -0.090798
791 12:00:07.900 0.000000 0.000000 0.000000 0.000000 -0.392815 -0.351142 9.445283 -0.250000 -0.150000 -0.075000 -0.600000 0.000000 -0.100000
792 12:00:07.910 0.000000 0.000000 0.000000 0.000000 -0.446935 -0.345036 9.426154 -0.272320 -0.163392 -0.081696 -0.653567 0.000000 -0.108928
793 12:00:07.920 0.000000 0.000000 0.000000 0.000000 -0.417215 -0.322643 9.400217 -0.293893 -0.176336 -0.088168 -0.705342 0.000000 -0.117557
794 12:00:07.930 0.000000 0.000000 0.000000 0.000000 -0.524601 -0.285128 9.341977 -0.314660 -0.188796 -0.094398 -0.755184 0.000000 -0.125864
795 12:00:07.940 0.000000 0.000000 0.000000 0.000000 -0.525905 -0.303262 9.351523 -0.334565 -0.200739 -0.100370 -0.802957 0.000000 -0.133826
796 12:00:07.950 0.000000 0.000000 0.000000 0.000000 -0.544610 -0.296266 9.312101 -0.353553 -0.212132 -0.106066 -0.848528 0.000000 -0.141421
797 12:00:07.960 0.000000 0.000000 0.000000 0.000000 -0.603287 -0.278446 9.306634 -0.371572 -0.222943 -0.111472 -0.891774 0.000000 -0.148629
798 12:00:07.970 0.000000 0.000000 0.000000 0.000000 -0.631576 -0.261303 9.282592 -0.388573 -0.233144 -0.116572 -0.932575 0.000000 -0.155429
799 12:00:07.980 0.000000 0.000000 0.000000 0.000000 -0.649824 -0.265144 9.247038 -0.404508 -0.242705 -0.121353 -0.970820 0.000000 -0.161803
800 12:00:07.990 0.000000 0.000000 0.000000 0.000000 -0.691336 -0.244323 9.224514 -0.419335 -0.251601 -0.125801 -1.006405 0.000000 -0.167734
801 12:00:08.000 0.000000 0.000000 0.000000 0.000000 -0.678781 -0.185101 9.174196 -0.433013 -0.259808 -0.129904 -1.039230 0.000000 -0.173205
802 12:00:08.010 0.000000 0.000000 0.000000 0.000000 -0.715551 -0.170274 9.196444 -0.445503 -0.267302 -0.133651 -1.069208 0.000000 -0.178201
803 12:00:08.020 0.000000 0.000000 0.000000 0.000000 -0.746825 -0.166157 9.197364 -0.456773 -0.274064 -0.137032 -1.096255 0.000000 -0.182709
804 12:00:08.030 0.000000 0.000000 0.000000 0.000000 -0.765767 -0.126438 9.173879 -0.466790 -0.280074 -0.140037 -1.120297 0.000000 -0.186716
805 12:00:08.040 0.000000 0.000000 0.000000 0.000000 -0.744869 -0.111899 9.084867 -0.475528 -0.285317 -0.142658 -1.141268 0.000000 -0.190211
806 12:00:08.050 0.000000 0.000000 0.000000 0.000000 -0.768309 -0.117423 9.127878 -0.482963 -0.289778 -0.144889 -1.159111 0.000000 -0.193185
807 12:00:08.060 0.000000 0.000000 0.000000 0.000000 -0.794318 -0.055999 9.149453 -0.489074 -0.293444 -0.146722 -1.173777 0.000000 -0.195630
808 12:00:08.070 0.000000 0.000000 0.000000 0.000000 -0.788176 -0.073912 9.128177 -0.493844 -0.296307 -0.148153 -1.185226 0.000000 -0.197538
809 12:00:08.080 0.000000 0.000000 0.000000 0.000000 -0.793112 -0.057395 9.105156 -0.497261 -0.298357 -0.149178 -1.193426 0.000000 -0.198904
810 12:00:08.090 0.000000 0.000000 0.000000 0.000000 -0.807307 -0.054267 9.096291 -0.499315 -0.299589 -0.149794 -1.198355 0.000000 -0.199726
811 12:00:08.100 0.000000 0.000000 0.000000 0.000000 -0.827042 0.006690 9.082276 -0.500000 -0.300000 -0.150000 -1.200000 0.000000 -0.200000
812 12:00:08.110 0.000000 0.000000 0.000000 0.000000 -0.805315 0.007507 9.085363 -0.499315 -0.299589 -0.149794 -1.198355 0.000000 -0.199726
813 12:00:08.120 0.000000 0.000000 0.000000 0.000000 -0.800659 0.066693 9.107660 -0.497261 -0.298357 -0.149178 -1.193426 0.000000 -0.198904
814 12:00:08.130 0.000000 0.000000 0.000000 0.000000 -0.828506 0.065761 9.179443 -0.493844 -0.296307 -0.148153 -1.185226 0.000000 -0.197538
815 12:00:08.140 0.000000 0.000000 0.000000 0.000000 -0.776656 0.102551 9.115173 -0.489074 -0.293444 -0.146722 -1.173777 0.000000 -0.195630
816 12:00:08.150 0.000000 0.000000 0.000000 0.000000 -0.758271 0.085330 9.126033 -0.482963 -0.289778 -0.144889 -1.159111 0.000000 -0.193185
817 12:00:08.160 0.000000 0.000000 0.000000 0.000000 -0.781595 0.127839 9.163565 -0.475528 -0.285317 -0.142658 -1.141268 0.000000 -0.190211
818 12:00:08.170 0.000000 0.000000 0.000000 0.000000 -0.780457 0.138454 9.120358 -0.466790 -0.280074 -0.140037 -1.120297 0.000000 -0.186716
819 12:00:08.180 0.000000 0.000000 0.000000 0.000000 -0.731777 0.164762 9.173504 -0.456773 -0.274064 -0.137032 -1.096255 0.000000 -0.182709
820 12:00:08.190 0.000000 0.000000 0.000000 0.000000 -0.685133 0.160855 9.234105 -0.445503 -0.267302 -0.133651 -1.069208 0.000000 -0.178201
821 12:00:08.200 0.000000 0.000000 0.000000 0.000000 -0.720799 0.200528 9.208768 -0.433013 -0.259808 -0.129904 -1.039230 0.000000 -0.173205
822 12:00:08.210 0.000000 0.000000 0.000000 0.000000 -0.701600 0.234932 9.237834 -0.419335 -0.251601 -0.125801 -1.006405 0.000000 -0.167734
823 12:00:08.220 0.000000 0.000000 0.000000 0.000000 -0.636336 0.239112 9.258748 -0.404508 -0.242705 -0.121353 -0.970820 0.000000 -0.161803
824 12:00:08.230 0.000000 0.000000 0.000000 0.000000 -0.629475 0.269495 9.243017 -0.388573 -0.233144 -0.116572 -0.932575 0.000000 -0.155429
825 12:00:08.240 0.000000 0.000000 0.000000 0.000000 -0.591422 0.251711 9.303306 -0.371572 -0.222943 -0.111472 -0.891774 0.000000 -0.148629
826 12:00:08.250 0.000000 0.000000 0.000000 0.000000 -0.556022 0.292739 9.307372 -0.353553 -0.212132 -0.106066 -0.848528 0.000000 -0.141421
827 12:00:08.260 0.000000 0.000000 0.000000 0.000000 -0.545666 0.296854 9.345916 -0.334565 -0.200739 -0.100370 -0.802957 0.000000 -0.133826
828 12:00:08.270 0.000000 0.000000 0.000000 0.000000 -0.502167 0.291514 9.351780 -0.314660 -0.188796 -0.094398 -0.755184 0.000000 -0.125864
829 12:00:08.280 0.000000 0.000000 0.000000 0.000000 -0.526078 0.350754 9.438106 -0.293893 -0.176336 -0.088168 -0.705342 0.000000 -0.117557
830 12:00:08.290 0.000000 0.000000 0.000000 0.000000 -0.435018 0.320340 9.390542 -0.272320 -0.163392 -0.081696 -0.653567 0.000000 -0.108928
831 12:00:08.300 0.000000 0.000000 0.000000 0.000000 -0.382261 0.348326 9.472069 -0.250000 -0.150000 -0.075000 -0.600000 0.000000 -0.100000
832 12:00:08.310 0.000000 0.000000 0.000000 0.000000 -0.333017 0.400573 9.453673 -0.226995 -0.136197 -0.068099 -0.544789 0.000000 -0.090798
833 12:00:08.320 0.000000 0.000000 0.000000 0.000000 -0.346634 0.351935 9.500438 -0.203368 -0.122021 -0.061010 -0.488084 0.000000 -0.081347
834 12:00:08.330 0.000000 0.000000 0.000000 0.000000 -0.294289 0.391646 9.507879 -0.179184 -0.107510 -0.053755 -0.430042 0.000000 -0.071674
835 12:00:08.340 0.000000 0.000000 0.000000 0.000000 -0.240849 0.393398 9.554490 -0.154508 -0.092705 -0.046353 -0.370820 0.000000 -0.061803
836 12:00:08.350 0.000000 0.000000 0.000000 0.000000 -0.188287 0.419338 9.645035 -0.129410 -0.077646 -0.038823 -0.310583 0.000000 -0.051764
837 12:00:08.360 0.000000 0.000000 0.000000 0.000000 -0.142186 0.399972 9.673986 -0.103956 -0.062374 -0.031187 -0.249494 0.000000 -0.041582
838 12:00:08.370 0.000000 0.000000 0.000000 0.000000 -0.140648 0.393520 9.700063 -0.078217 -0.046930 -0.023465 -0.187721 0.000000 -0.031287
839 12:00:08.380 0.000000 0.000000 0.000000 0.000000 -0.053807 0.416615 9.768644 -0.052264 -0.031359 -0.015679 -0.125434 0.000000 -0.020906
840 12:00:08.390 0.000000 0.000000 0.000000 0.000000 -0.036621 0.367236 9.730977 -0.026168 -0.015701 -0.007850 -0.062803 0.000000 -0.010467
841 12:00:08.400 0.131825 127.524312 1.232610 0.000000 0.013013 0.440216 9.835422 0.000000 0.000000 0.000000 0.000000 16.000000 0.000000
842 12:00:08.410 0.000000 150.804771 0.167995 0.330394 0.029490 0.391132 9.827053 0.026168 0.015701 0.007850 0.062803 15.737705 0.010467
843 12:00:08.420 0.000000 178.334898 2.388168 0.000000 0.065435 0.401206 9.843816 0.052264 0.031359 0.015679 0.125434 15.475410 0.020906
844 12:00:08.430 0.806636 204.504692 1.889950 1.244021 0.154191 0.370908 9.953689 0.078217 0.046930 0.023465 0.187721 15.213115 0.031287
845 12:00:08.440 0.000000 231.272463 2.053204 0.000000 0.194397 0.375001 9.940905 0.103956 0.062374 0.031187 0.249494 14.950820 0.041582
846 12:00:08.450 0.203968 258.027186 3.812713 0.000000 0.204114 0.354788 9.976409 0.129410 0.077646 0.038823 0.310583 14.688525 0.051764
847 12:00:08.460 0.655501 282.671563 5.228512 1.662319 0.247283 0.395189 9.991978 0.154508 0.092705 0.046353 0.370820 14.426230 0.061803
848 12:00:08.470 1.642643 305.001076 3.374488 0.718391 0.266849 0.383668 10.076959 0.179184 0.107510 0.053755 0.430042 14.163934 0.071674
849 12:00:08.480 0.000000 320.742659 6.222034 0.000000 0.358444 0.332397 10.080047 0.203368 0.122021 0.061010 0.488084 13.901639 0.081347
850 12:00:08.490 0.926919 336.124212 8.479257 0.000000 0.353727 0.382358 10.182550 0.226995 0.136197 0.068099 0.544789 13.639344 0.090798
851 12:00:08.500 0.000000 343.859980 8.613698 1.246391 0.375038 0.327159 10.201685 0.250000 0.150000 0.075000 0.600000 13.377049 0.100000
852 12:00:08.510 0.428477 346.599901 13.281681 0.837403 0.420033 0.344166 10.165228 0.272320 0.163392 0.081696 0.653567 13.114754 0.108928
853 12:00:08.520 0.706865 342.829208 15.678687 0.000000 0.422037 0.331374 10.232872 0.293893 0.176336 0.088168 0.705342 12.852459 0.117557
854 12:00:08.530 0.000000 334.719289 19.048755 0.309620 0.490789 0.319323 10.210297 0.314660 0.188796 0.094398 0.755184 12.590164 0.125864
855 12:00:08.540 0.372855 322.102398 18.373081 0.000000 0.527707 0.287847 10.219839 0.334565 0.200739 0.100370 0.802957 12.327869 0.133826
856 12:00:08.550 0.778143 302.567148 23.943155 1.611251 0.589696 0.304226 10.244041 0.353553 0.212132 0.106066 0.848528 12.065574 0.141421
857 12:00:08.560 0.684264 279.959644 28.144590 0.000000 0.578406 0.284869 10.356793 0.371572 0.222943 0.111472 0.891774 11.803279 0.148629
858 12:00:08.570 0.000000 258.203883 32.170074 1.060434 0.635792 0.264804 10.294902 0.388573 0.233144 0.116572 0.932575 11.540984 0.155429
859 12:00:08.580 0.088118 230.009596 37.085738 0.895581 0.648688 0.247047 10.401366 0.404508 0.242705 0.121353 0.970820 11.278689 0.161803
860 12:00:08.590 0.248855 204.269152 41.911192 0.743822 0.667177 0.275322 10.350734 0.419335 0.251601 0.125801 1.006405 11.016393 0.167734
861 12:00:08.600 0.493688 179.354012 44.875759 1.230456 0.751127 0.178179 10.430973 0.433013 0.259808 0.129904 1.039230 10.754098 0.173205
862 12:00:08.610 1.039364 150.336979 49.068720 1.044941 0.705837 0.197241 10.436081 0.445503 0.267302 0.133651 1.069208 10.491803 0.178201
863 12:00:08.620 1.062108 128.492862 54.120928 1.138648 0.735157 0.141625 10.443418 0.456773 0.274064 0.137032 1.096255 10.229508 0.182709
864 12:00:08.630 3.334609 105.748968 56.712166 0.690809 0.761860 0.165412 10.475155 0.466790 0.280074 0.140037 1.120297 9.967213 0.186716
865 12:00:08.640 3.812908 85.615566 61.337782 4.049057 0.732673 0.104317 10.469662 0.475528 0.285317 0.142658 1.141268 9.704918 0.190211
866 12:00:08.650 4.007630 68.305420 66.116905 3.634614 0.796750 0.092848 10.441657 0.482963 0.289778 0.144889 1.159111 9.442623 0.193185
867 12:00:08.660 3.995994 53.879149 67.884634 3.025326 0.763056 0.094967 10.495707 0.489074 0.293444 0.146722 1.173777 9.180328 0.195630
868 12:00:08.670 6.161340 41.326578 71.741282 8.399992 0.797567 0.071208 10.504500 0.493844 0.296307 0.148153 1.185226 8.918033 0.197538
869 12:00:08.680 7.536641 31.207951 71.683906 7.667819 0.807865 0.051868 10.515688 0.497261 0.298357 0.149178 1.193426 8.655738 0.198904
870 12:00:08.690 6.179426 22.693743 73.894759 8.023095 0.818139 -0.004431 10.490222 0.499315 0.299589 0.149794 1.198355 8.393443 0.199726
871 12:00:08.700 11.223189 15.525156 74.578872 10.738699 0.820318 -0.005952 10.454144 0.500000 0.300000 0.150000 1.200000 8.131148 0.200000
872 12:00:08.710 12.963922 12.041357 76.202179 12.151795 0.820632 -0.023660 10.523919 0.499315 0.299589 0.149794 1.198355 7.868852 0.199726
873 12:00:08.720 13.013703 9.820679 73.710921 13.755796 0.846185 -0.017756 10.560904 0.497261 0.298357 0.149178 1.193426 7.606557 0.198904
874 12:00:08.730 15.101792 8.883100 74.423404 16.737110 0.814509 -0.014962 10.441905 0.493844 0.296307 0.148153 1.185226 7.344262 0.197538
875 12:00:08.740 18.177768 3.997726 70.540580 19.837323 0.809467 -0.081065 10.473614 0.489074 0.293444 0.146722 1.173777 7.081967 0.195630
876 12:00:08.750 20.508579 4.125058 67.685588 20.187340 0.798196 -0.122307 10.503100 0.482963 0.289778 0.144889 1.159111 6.819672 0.193185
877 12:00:08.760 22.882046 0.762074 65.293331 23.185586 0.763096 -0.139671 10.486730 0.475528 0.285317 0.142658 1.141268 6.557377 0.190211
878 12:00:08.770 24.511223 2.662000 61.343468 28.421007 0.737622 -0.167668 10.495630 0.466790 0.280074 0.140037 1.120297 6.295082 0.186716
879 12:00:08.780 26.015219 0.000000 56.433731 30.725985 0.787231 -0.156414 10.486177 0.456773 0.274064 0.137032 1.096255 6.032787 0.182709
880 12:00:08.790 29.102046 0.000000 54.363233 33.264823 0.668866 -0.163594 10.403842 0.445503 0.267302 0.133651 1.069208 5.770492 0.178201
881 12:00:08.800 31.923188 0.000000 48.840177 35.179894 0.706549 -0.248929 10.399004 0.433013 0.259808 0.129904 1.039230 5.508197 0.173205
882 12:00:08.810 34.487489 0.000000 44.660463 39.536024 0.658591 -0.203470 10.404286 0.419335 0.251601 0.125801 1.006405 5.245902 0.167734
883 12:00:08.820 35.277671 1.106222 41.180570 40.522786 0.669322 -0.198453 10.374516 0.404508 0.242705 0.121353 0.970820 4.983607 0.161803
884 12:00:08.830 38.121681 0.493359 38.038022 43.633029 0.631660 -0.302074 10.353602 0.388573 0.233144 0.116572 0.932575 4.721311 0.155429
885 12:00:08.840 36.511267 0.000000 34.004297 44.307916 0.598817 -0.272300 10.327591 0.371572 0.222943 0.111472 0.891774 4.459016 0.148629
886 12:00:08.850 39.215993 0.140498 28.590098 44.114602 0.586562 -0.277449 10.351659 0.353553 0.212132 0.106066 0.848528 4.196721 0.141421
887 12:00:08.860 40.866063 0.000000 24.103327 45.232279 0.508468 -0.266602 10.283874 0.334565 0.200739 0.100370 0.802957 3.934426 0.133826
888 12:00:08.870 39.475127 0.000000 22.863879 49.010849 0.503193 -0.291786 10.191898 0.314660 0.188796 0.094398 0.755184 3.672131 0.125864
889 12:00:08.880 38.480568 0.000000 19.044733 45.198816 0.474380 -0.338259 10.220469 0.293893 0.176336 0.088168 0.705342 3.409836 0.117557
890 12:00:08.890 39.564859 1.709241 16.240540 43.849844 0.426308 -0.353368 10.145274 0.272320 0.163392 0.081696 0.653567 3.147541 0.108928
891 12:00:08.900 36.589301 1.510691 14.157474 41.658328 0.400408 -0.353448 10.202173 0.250000 0.150000 0.075000 0.600000 2.885246 0.100000
892 12:00:08.910 35.350382 0.000000 11.512033 40.021162 0.356960 -0.345048 10.120570 0.226995 0.136197 0.068099 0.544789 2.622951 0.090798
893 12:00:08.920 33.025723 0.000000 8.225280 38.340329 0.296310 -0.410878 10.055622 0.203368 0.122021 0.061010 0.488084 2.360656 0.081347
894 12:00:08.930 31.277368 0.769046 8.375497 34.917415 0.299972 -0.382634 10.129726 0.179184 0.107510 0.053755 0.430042 2.098361 0.071674
895 12:00:08.940 28.133763 1.077165 6.493000 32.953557 0.197386 -0.383299 9.988965 0.154508 0.092705 0.046353 0.370820 1.836066 0.061803
896 12:00:08.950 25.271076 0.388002 4.418988 29.542817 0.226029 -0.379968 10.019374 0.129410 0.077646 0.038823 0.310583 1.573770 0.051764
897 12:00:08.960 23.239519 0.000000 3.491250 27.333878 0.174689 -0.369508 9.960417 0.103956 0.062374 0.031187 0.249494 1.311475 0.041582
898 12:00:08.970 21.008283 1.415484 3.892926 25.147398 0.131684 -0.411928 9.927370 0.078217 0.046930 0.023465 0.187721 1.049180 0.031287
899 12:00:08.980 20.492857 0.195493 0.912373 21.959939 0.050119 -0.394577 9.917816 0.052264 0.031359 0.015679 0.125434 0.786885 0.020906
900 12:00:08.990 16.385200 0.000000 0.575885 18.774764 0.068070 -0.425148 9.836499 0.026168 0.015701 0.007850 0.062803 0.524590 0.010467
901 12:00:09.000 14.552138 0.004549 0.346100 17.196854 -0.015936 -0.418187 9.785186 0.000000 0.000000 0.000000 0.000000 0.262295 0.000000
902 12:00:09.010 11.761337 0.209551 0.182687 14.292252 -0.038328 -0.393500 9.753235 -0.026168 -0.015701 -0.007850 -0.062803 0.000000 -0.010467
903 12:00:09.020 0.000000 0.000000 0.000000 0.000000 -0.076062 -0.392573 9.767878 -0.052264 -0.031359 -0.015679 -0.125434 0.000000 -0.020906
904 12:00:09.030 0.000000 0.000000 0.000000 0.000000 -0.156200 -0.373433 9.655899 -0.078217 -0.046930 -0.023465 -0.187721 0.000000 -0.031287
905 12:00:09.040 0.000000 0.000000 0.000000 0.000000 -0.181654 -0.368712 9.658232 -0.103956 -0.062374 -0.031187 -0.249494 0.000000 -0.041582
906 12:00:09.050 0.000000 0.000000 0.000000 0.000000 -0.199856 -0.369154 9.594937 -0.129410 -0.077646 -0.038823 -0.310583 0.000000 -0.051764
907 12:00:09.060 0.000000 0.000000 0.000000 0.000000 -0.281374 -0.384829 9.620952 -0.154508 -0.092705 -0.046353 -0.370820 0.000000 -0.061803
908 12:00:09.070 0.000000 0.000000 0.000000 0.000000 -0.280011 -0.361699 9.637362 -0.179184 -0.107510 -0.053755 -0.430042 0.000000 -0.071674
909 12:00:09.080 0.000000 0.000000 0.000000 0.000000 -0.322910 -0.315621 9.571376 -0.203368 -0.122021 -0.061010 -0.488084 0.000000 -0.081347
910 12:00:09.090 0.000000 0.000000 0.000000 0.000000 -0.376019 -0.357564 9.504660 -0.226995 -0.136197 -0.068099 -0.544789 0.000000 -0.090798
911 12:00:09.100 0.000000 0.000000 0.000000 0.000000 -0.418149 -0.383460 9.531661 -0.250000 -0.150000 -0.075000 -0.600000 0.000000 -0.100000
912 12:00:09.110 0.000000 0.000000 0.000000 0.000000 -0.435126 -0.332380 9.451770 -0.272320 -0.163392 -0.081696 -0.653567 0.000000 -0.108928
913 12:00:09.120 0.000000 0.000000 0.000000 0.000000 -0.478437 -0.341562 9.410551 -0.293893 -0.176336 -0.088168 -0.705342 0.000000 -0.117557
914 12:00:09.130 0.000000 0.000000 0.000000 0.000000 -0.530338 -0.325179 9.367848 -0.314660 -0.188796 -0.094398 -0.755184 0.000000 -0.125864
915 12:00:09.140 0.000000 0.000000 0.000000 0.000000 -0.573755 -0.298337 9.306571 -0.334565 -0.200739 -0.100370 -0.802957 0.000000 -0.133826
916 12:00:09.150 0.000000 0.000000 0.000000 0.000000 -0.577472 -0.267728 9.282205 -0.353553 -0.212132 -0.106066 -0.848528 0.000000 -0.141421
917 12:00:09.160 0.000000 0.000000 0.000000 0.000000 -0.607927 -0.260542 9.277445 -0.371572 -0.222943 -0.111472 -0.891774 0.000000 -0.148629
918 12:00:09.170 0.000000 0.000000 0.000000 0.000000 -0.655600 -0.242765 9.271167 -0.388573 -0.233144 -0.116572 -0.932575 0.000000 -0.155429
919 12:00:09.180 0.000000 0.000000 0.000000 0.000000 -0.666825 -0.260236 9.248889 -0.404508 -0.242705 -0.121353 -0.970820 0.000000 -0.161803
920 12:00:09.190 0.000000 0.000000 0.000000 0.000000 -0.635528 -0.234976 9.274979 -0.419335 -0.251601 -0.125801 -1.006405 0.000000 -0.167734
921 12:00:09.200 0.000000 0.000000 0.000000 0.000000 -0.699043 -0.194401 9.221663 -0.433013 -0.259808 -0.129904 -1.039230 0.000000 -0.173205
922 12:00:09.210 0.000000 0.000000 0.000000 0.000000 -0.726176 -0.209269 9.217416 -0.445503 -0.267302 -0.133651 -1.069208 0.000000 -0.178201
923 12:00:09.220 0.000000 0.000000 0.000000 0.000000 -0.735054 -0.157140 9.209481 -0.456773 -0.274064 -0.137032 -1.096255 0.000000 -0.182709
924 12:00:09.230 0.000000 0.000000 0.000000 0.000000 -0.711458 -0.140212 9.197821 -0.466790 -0.280074 -0.140037 -1.120297 0.000000 -0.186716
925 12:00:09.240 0.000000 0.000000 0.000000 0.000000 -0.738413 -0.151995 9.087667 -0.475528 -0.285317 -0.142658 -1.141268 0.000000 -0.190211
926 12:00:09.250 0.000000 0.000000 0.000000 0.000000 -0.763851 -0.116806 9.086511 -0.482963 -0.289778 -0.144889 -1.159111 0.000000 -0.193185
927 12:00:09.260 0.000000 0.000000 0.000000 0.000000 -0.763111 -0.070571 9.127902 -0.489074 -0.293444 -0.146722 -1.173777 0.000000 -0.195630
928 12:00:09.270 0.000000 0.000000 0.000000 0.000000 -0.788644 -0.088555 9.071410 -0.493844 -0.296307 -0.148153 -1.185226 0.000000 -0.197538
929 12:00:09.280 0.000000 0.000000 0.000000 0.000000 -0.806854 -0.047776 9.114154 -0.497261 -0.298357 -0.149178 -1.193426 0.000000 -0.198904
930 12:00:09.290 0.000000 0.000000 0.000000 0.000000 -0.794528 0.007785 9.134990 -0.499315 -0.299589 -0.149794 -1.198355 0.000000 -0.199726
931 12:00:09.300 0.000000 0.000000 0.000000 0.000000 -0.814942 0.004976 9.116003 -0.500000 -0.300000 -0.150000 -1.200000 0.000000 -0.200000
932 12:00:09.310 0.000000 0.000000 0.000000 0.000000 -0.781157 0.024021 9.132753 -0.499315 -0.299589 -0.149794 -1.198355 0.000000 -0.199726
933 12:00:09.320 0.000000 0.000000 0.000000 0.000000 -0.770733 0.013988 9.116495 -0.497261 -0.298357 -0.149178 -1.193426 0.000000 -0.198904
934 12:00:09.330 0.000000 0.000000 0.000000 0.000000 -0.790487 0.095974 9.152094 -0.493844 -0.296307 -0.148153 -1.185226 0.000000 -0.197538
935 12:00:09.340 0.000000 0.000000 0.000000 0.000000 -0.791676 0.064093 9.146845 -0.489074 -0.293444 -0.146722 -1.173777 0.000000 -0.195630
936 12:00:09.350 0.000000 0.000000 0.000000 0.000000 -0.773229 0.091833 9.098403 -0.482963 -0.289778 -0.144889 -1.159111 0.000000 -0.193185
937 12:00:09.360 0.000000 0.000000 0.000000 0.000000 -0.771984 0.158547 9.151913 -0.475528 -0.285317 -0.142658 -1.141268 0.000000 -0.190211
938 12:00:09.370 0.000000 0.000000 0.000000 0.000000 -0.768471 0.141038 9.128137 -0.466790 -0.280074 -0.140037 -1.120297 0.000000 -0.186716
939 12:00:09.380 0.000000 0.000000 0.000000 0.000000 -0.738871 0.188056 9.124084 -0.456773 -0.274064 -0.137032 -1.096255 0.000000 -0.182709
940 12:00:09.390 0.000000 0.000000 0.000000 0.000000 -0.704675 0.175704 9.171463 -0.445503 -0.267302 -0.133651 -1.069208 0.000000 -0.178201
941 12:00:09.400 0.000000 0.000000 0.000000 0.000000 -0.685913 0.163138 9.207094 -0.433013 -0.259808 -0.129904 -1.039230 0.000000 -0.173205
942 12:00:09.410 0.000000 0.000000 0.000000 0.000000 -0.694962 0.213561 9.258038 -0.419335 -0.251601 -0.125801 -1.006405 0.000000 -0.167734
943 12:00:09.420 0.000000 0.000000 0.000000 0.000000 -0.657371 0.220570 9.223770 -0.404508 -0.242705 -0.121353 -0.970820 0.000000 -0.161803
944 12:00:09.430 0.000000 0.000000 0.000000 0.000000 -0.659431 0.249992 9.314443 -0.388573 -0.233144 -0.116572 -0.932575 0.000000 -0.155429
945 12:00:09.440 0.000000 0.000000 0.000000 0.000000 -0.598077 0.275133 9.325133 -0.371572 -0.222943 -0.111472 -0.891774 0.000000 -0.148629
946 12:00:09.450 0.000000 0.000000 0.000000 0.000000 -0.574478 0.263338 9.274499 -0.353553 -0.212132 -0.106066 -0.848528 0.000000 -0.141421
947 12:00:09.460 0.000000 0.000000 0.000000 0.000000 -0.510887 0.300268 9.329096 -0.334565 -0.200739 -0.100370 -0.802957 0.000000 -0.133826
948 12:00:09.470 0.000000 0.000000 0.000000 0.000000 -0.506335 0.312651 9.371122 -0.314660 -0.188796 -0.094398 -0.755184 0.000000 -0.125864
949 12:00:09.480 0.000000 0.000000 0.000000 0.000000 -0.468325 0.324737 9.407986 -0.293893 -0.176336 -0.088168 -0.705342 0.000000 -0.117557
950 12:00:09.490 0.000000 0.000000 0.000000 0.000000 -0.422808 0.363422 9.421393 -0.272320 -0.163392 -0.081696 -0.653567 0.000000 -0.108928
951 12:00:09.500 0.000000 0.000000 0.000000 0.000000 -0.422158 0.340775 9.494272 -0.250000 -0.150000 -0.075000 -0.600000 0.000000 -0.100000
952 12:00:09.510 0.000000 0.000000 0.000000 0.000000 -0.390411 0.354181 9.458164 -0.226995 -0.136197 -0.068099 -0.544789 0.000000 -0.090798
953 12:00:09.520 0.000000 0.000000 0.000000 0.000000 -0.323771 0.398494 9.560533 -0.203368 -0.122021 -0.061010 -0.488084 0.000000 -0.081347
954 12:00:09.530 0.000000 0.000000 0.000000 0.000000 -0.266063 0.368220 9.530443 -0.179184 -0.107510 -0.053755 -0.430042 0.000000 -0.071674
955 12:00:09.540 0.000000 0.000000 0.000000 0.000000 -0.255981 0.395090 9.592223 -0.154508 -0.092705 -0.046353 -0.370820 0.000000 -0.061803
956 12:00:09.550 0.000000 0.000000 0.000000 0.000000 -0.210055 0.421498 9.733175 -0.129410 -0.077646 -0.038823 -0.310583 0.000000 -0.051764
957 12:00:09.560 0.000000 0.000000 0.000000 0.000000 -0.172315 0.386727 9.656178 -0.103956 -0.062374 -0.031187 -0.249494 0.000000 -0.041582
958 12:00:09.570 0.000000 0.000000 0.000000 0.000000 -0.103112 0.381018 9.739549 -0.078217 -0.046930 -0.023465 -0.187721 0.000000 -0.031287
959 12:00:09.580 0.000000 0.000000 0.000000 0.000000 -0.047868 0.404317 9.741537 -0.052264 -0.031359 -0.015679 -0.125434 0.000000 -0.020906
960 12:00:09.590 0.000000 0.000000 0.000000 0.000000 -0.035741 0.407465 9.787320 -0.026168 -0.015701 -0.007850 -0.062803 0.000000 -0.010467
