StepWise synthetic software-test fixture
SYNTHETIC DATA - NOT CLINICAL OR HUMAN-SUBJECT DATA
Generated deterministically for parser, segmentation, API, and demo testing.
Fields: Sample SystemTime P1 P2 P3 P4 AccX AccY AccZ GyrX GyrY GyrZ Pitch Roll Yaw
--------------------------------------------------------------------------------
1 12:00:00.000 0.547989 76.283878 0.000000 0.250787 -0.010359 0.388763 9.825208 0.000000 0.000000 0.000000 0.000000 0.000000 0.000000
2 12:00:00.010 0.000000 90.575703 0.000000 0.781284 0.054822 0.395053 9.827184 0.026168 0.015701 0.007850 0.062803 0.000000 0.010467
3 12:00:00.020 0.000000 108.076248 0.000000 0.000000 0.091360 0.375787 9.891892 0.052264 0.031359 0.015679 0.125434 0.000000 0.020906
4 12:00:00.030 0.752878 122.275060 0.000000 0.266550 0.128356 0.383999 9.930521 0.078217 0.046930 0.023465 0.187721 0.000000 0.031287
5 12:00:00.040 0.000000 140.652657 0.000000 0.000000 0.143092 0.389080 9.932109 0.103956 0.062374 0.031187 0.249494 0.000000 0.041582
6 12:00:00.050 0.000000 156.456444 0.000000 0.000000 0.204642 0.373909 10.050700 0.129410 0.077646 0.038823 0.310583 0.000000 0.051764
7 12:00:00.060 1.208648 171.379289 0.000000 0.000000 0.280375 0.396928 10.046336 0.154508 0.092705 0.046353 0.370820 0.000000 0.061803
8 12:00:00.070 0.000000 184.383149 0.000000 0.000000 0.254902 0.372516 10.010497 0.179184 0.107510 0.053755 0.430042 0.000000 0.071674
9 12:00:00.080 0.352829 195.295983 0.000000 0.000000 0.323701 0.330831 10.137115 0.203368 0.122021 0.061010 0.488084 0.000000 0.081347
10 12:00:00.090 0.000000 204.652276 0.000000 0.545275 0.390775 0.342385 10.143377 0.226995 0.136197 0.068099 0.544789 0.000000 0.090798
11 12:00:00.100 0.000000 207.479464 0.000000 0.792448 0.413195 0.333499 10.201697 0.250000 0.150000 0.075000 0.600000 0.000000 0.100000
12 12:00:00.110 0.219244 209.980156 0.000000 0.000000 0.469132 0.345522 10.225312 0.272320 0.163392 0.081696 0.653567 0.000000 0.108928
13 12:00:00.120 0.823613 208.066494 0.000000 0.000000 0.484222 0.335407 10.177896 0.293893 0.176336 0.088168 0.705342 0.000000 0.117557
14 12:00:00.130 0.256224 203.186871 0.000000 0.000000 0.507642 0.319004 10.239670 0.314660 0.188796 0.094398 0.755184 0.000000 0.125864
15 12:00:00.140 0.702541 194.599208 0.000000 0.473423 0.556984 0.290660 10.304863 0.334565 0.200739 0.100370 0.802957 0.000000 0.133826
16 12:00:00.150 2.762855 182.734542 0.000000 0.000000 0.574461 0.300133 10.301599 0.353553 0.212132 0.106066 0.848528 0.000000 0.141421
17 12:00:00.160 0.645009 171.646905 0.000000 0.748140 0.613601 0.270902 10.306732 0.371572 0.222943 0.111472 0.891774 0.000000 0.148629
18 12:00:00.170 0.391035 155.858038 0.000000 0.022960 0.626102 0.252024 10.351070 0.388573 0.233144 0.116572 0.932575 0.000000 0.155429
19 12:00:00.180 0.864753 140.744356 0.000000 1.086533 0.661318 0.221219 10.376281 0.404508 0.242705 0.121353 0.970820 0.000000 0.161803
20 12:00:00.190 1.086480 123.204737 0.000000 2.821346 0.708371 0.179623 10.447053 0.419335 0.251601 0.125801 1.006405 0.000000 0.167734
21 12:00:00.200 1.961020 106.978255 0.000000 1.759299 0.694966 0.230039 10.426793 0.433013 0.259808 0.129904 1.039230 0.000000 0.173205
22 12:00:00.210 3.780318 92.024479 0.000000 2.251236 0.725352 0.211823 10.439157 0.445503 0.267302 0.133651 1.069208 0.000000 0.178201
23 12:00:00.220 4.046684 78.031697 0.000000 3.854861 0.733824 0.145721 10.442726 0.456773 0.274064 0.137032 1.096255 0.000000 0.182709
24 12:00:00.230 4.845012 63.955807 0.000000 3.557146 0.763060 0.154410 10.464442 0.466790 0.280074 0.140037 1.120297 0.000000 0.186716
25 12:00:00.240 6.131744 52.845483 0.000000 6.637444 0.799939 0.111242 10.462969 0.475528 0.285317 0.142658 1.141268 0.000000 0.190211
26 12:00:00.250 9.023193 39.554139 0.000000 5.448755 0.787234 0.102610 10.489628 0.482963 0.289778 0.144889 1.159111 0.000000 0.193185
27 12:00:00.260 9.276785 32.399186 0.000000 10.408294 0.763554 0.111120 10.486266 0.489074 0.293444 0.146722 1.173777 0.000000 0.195630
28 12:00:00.270 12.012696 25.189828 0.000000 11.601098 0.750180 0.048810 10.511298 0.493844 0.296307 0.148153 1.185226 0.000000 0.197538
29 12:00:00.280 11.148273 19.777720 0.000000 16.977293 0.849606 0.015343 10.580922 0.497261 0.298357 0.149178 1.193426 0.000000 0.198904
30 12:00:00.290 16.692503 13.988221 0.000000 19.007508 0.770117 0.018211 10.524581 0.499315 0.299589 0.149794 1.198355 0.000000 0.199726
31 12:00:00.300 20.420307 11.277404 0.000000 23.135181 0.795026 -0.005742 10.540923 0.500000 0.300000 0.150000 1.200000 0.000000 0.200000
32 12:00:00.310 24.079118 8.207114 0.000000 27.940946 0.819715 -0.040144 10.506483 0.499315 0.299589 0.149794 1.198355 0.000000 0.199726
33 12:00:00.320 29.472709 4.545793 0.000000 31.072807 0.768568 -0.000687 10.519618 0.497261 0.298357 0.149178 1.193426 0.000000 0.198904
34 12:00:00.330 33.304518 3.149461 0.000000 39.455138 0.773859 -0.057717 10.474894 0.493844 0.296307 0.148153 1.185226 0.000000 0.197538
35 12:00:00.340 37.001927 2.850608 0.000000 42.014312 0.798512 -0.051986 10.454875 0.489074 0.293444 0.146722 1.173777 0.000000 0.195630
36 12:00:00.350 44.362224 0.618906 0.000000 47.174650 0.772459 -0.107028 10.490854 0.482963 0.289778 0.144889 1.159111 0.000000 0.193185
37 12:00:00.360 49.402833 1.167812 0.000000 57.290049 0.766178 -0.110260 10.470113 0.475528 0.285317 0.142658 1.141268 0.000000 0.190211
38 12:00:00.370 54.907527 0.031472 0.000000 62.344000 0.737981 -0.135216 10.501300 0.466790 0.280074 0.140037 1.120297 0.000000 0.186716
39 12:00:00.380 60.064648 0.000000 0.000000 67.291345 0.723822 -0.155717 10.401628 0.456773 0.274064 0.137032 1.096255 0.000000 0.182709
40 12:00:00.390 66.470984 0.109968 0.000000 75.457829 0.711534 -0.144912 10.463908 0.445503 0.267302 0.133651 1.069208 0.000000 0.178201
41 12:00:00.400 71.971316 0.000000 0.000000 80.569332 0.700593 -0.172101 10.407825 0.433013 0.259808 0.129904 1.039230 0.000000 0.173205
42 12:00:00.410 76.909547 0.000000 0.000000 84.378783 0.652599 -0.236064 10.439074 0.419335 0.251601 0.125801 1.006405 0.000000 0.167734
43 12:00:00.420 80.439433 0.658131 0.000000 90.090234 0.629829 -0.238518 10.374728 0.404508 0.242705 0.121353 0.970820 0.000000 0.161803
44 12:00:00.430 85.857681 1.489713 0.000000 94.831194 0.608629 -0.224904 10.410888 0.388573 0.233144 0.116572 0.932575 0.000000 0.155429
45 12:00:00.440 85.207144 0.000000 0.000000 98.478519 0.612061 -0.270511 10.385987 0.371572 0.222943 0.111472 0.891774 0.000000 0.148629
46 12:00:00.450 88.657153 0.889747 0.000000 98.802794 0.595918 -0.284657 10.299297 0.353553 0.212132 0.106066 0.848528 0.000000 0.141421
47 12:00:00.460 90.555795 0.000000 0.000000 100.216349 0.559261 -0.326465 10.251348 0.334565 0.200739 0.100370 0.802957 0.000000 0.133826
48 12:00:00.470 89.398666 0.000000 0.000000 101.342862 0.507364 -0.358561 10.308830 0.314660 0.188796 0.094398 0.755184 0.000000 0.125864
49 12:00:00.480 89.682197 0.419009 0.000000 99.952485 0.493497 -0.303008 10.206121 0.293893 0.176336 0.088168 0.705342 0.000000 0.117557
50 12:00:00.490 88.062535 0.517581 0.000000 96.925863 0.422399 -0.336413 10.200185 0.272320 0.163392 0.081696 0.653567 0.000000 0.108928
51 12:00:00.500 82.179617 1.466126 0.000000 95.151626 0.393956 -0.361699 10.138617 0.250000 0.150000 0.075000 0.600000 0.000000 0.100000
52 12:00:00.510 79.984055 1.094615 0.000000 88.467395 0.342667 -0.355824 10.176267 0.226995 0.136197 0.068099 0.544789 0.000000 0.090798
53 12:00:00.520 76.563224 0.008907 0.000000 85.514214 0.315125 -0.344765 10.080433 0.203368 0.122021 0.061010 0.488084 0.000000 0.081347
54 12:00:00.530 69.721458 0.731117 0.000000 78.073592 0.266915 -0.377242 10.080352 0.179184 0.107510 0.053755 0.430042 0.000000 0.071674
55 12:00:00.540 63.653365 1.226225 0.000000 73.592578 0.247181 -0.371020 10.026501 0.154508 0.092705 0.046353 0.370820 0.000000 0.061803
56 12:00:00.550 59.413362 0.854678 0.000000 66.597457 0.215984 -0.390271 9.988927 0.129410 0.077646 0.038823 0.310583 0.000000 0.051764
57 12:00:00.560 54.599158 0.000000 0.000000 60.335595 0.183490 -0.397605 9.948423 0.103956 0.062374 0.031187 0.249494 0.000000 0.041582
58 12:00:00.570 46.675391 0.121771 0.000000 53.550378 0.122581 -0.393194 9.905037 0.078217 0.046930 0.023465 0.187721 0.000000 0.031287
59 12:00:00.580 42.484482 1.157689 0.000000 48.202000 0.113746 -0.406805 9.944330 0.052264 0.031359 0.015679 0.125434 0.000000 0.020906
60 12:00:00.590 37.789782 0.000000 0.000000 41.981808 0.076194 -0.464473 9.826317 0.026168 0.015701 0.007850 0.062803 0.000000 0.010467
61 12:00:00.600 32.692943 0.000000 0.000000 35.356448 0.027793 -0.395209 9.842093 0.000000 0.000000 0.000000 0.000000 0.000000 0.000000
62 12:00:00.610 27.720932 0.828098 0.000000 30.452270 -0.055359 -0.406197 9.782220 -0.026168 -0.015701 -0.007850 -0.062803 0.000000 -0.010467
63 12:00:00.620 0.000000 0.000000 0.000000 0.000000 -0.101300 -0.392246 9.708443 -0.052264 -0.031359 -0.015679 -0.125434 0.000000 -0.020906
64 12:00:00.630 0.000000 0.000000 0.000000 0.000000 -0.098857 -0.380581 9.689473 -0.078217 -0.046930 -0.023465 -0.187721 0.000000 -0.031287
65 12:00:00.640 0.000000 0.000000 0.000000 0.000000 -0.185482 -0.400919 9.698986 -0.103956 -0.062374 -0.031187 -0.249494 0.000000 -0.041582
66 12:00:00.650 0.000000 0.000000 0.000000 0.000000 -0.232634 -0.383379 9.680160 -0.129410 -0.077646 -0.038823 -0.310583 0.000000 -0.051764
67 12:00:00.660 0.000000 0.000000 0.000000 0.000000 -0.214812 -0.390167 9.574202 -0.154508 -0.092705 -0.046353 -0.370820 0.000000 -0.061803
68 12:00:00.670 0.000000 0.000000 0.000000 0.000000 -0.285978 -0.360119 9.632070 -0.179184 -0.107510 -0.053755 -0.430042 0.000000 -0.071674
69 12:00:00.680 0.000000 0.000000 0.000000 0.000000 -0.355212 -0.354026 9.515520 -0.203368 -0.122021 -0.061010 -0.488084 0.000000 -0.081347
70 12:00:00.690 0.000000 0.000000 0.000000 0.000000 -0.374867 -0.379360 9.532351 -0.226995 -0.136197 -0.068099 -0.544789 0.000000 -0.090798
71 12:00:00.700 0.000000 0.000000 0.000000 0.000000 -0.408978 -0.317178 9.480956 -0.250000 -0.150000 -0.075000 -0.600000 0.000000 -0.100000
72 12:00:00.710 0.000000 0.000000 0.000000 0.000000 -0.471982 -0.313145 9.452970 -0.272320 -0.163392 -0.081696 -0.653567 0.000000 -0.108928
73 12:00:00.720 0.000000 0.000000 0.000000 0.000000 -0.475352 -0.323230 9.442803 -0.293893 -0.176336 -0.088168 -0.705342 0.000000 -0.117557
74 12:00:00.730 0.000000 0.000000 0.000000 0.000000 -0.496120 -0.316496 9.337020 -0.314660 -0.188796 -0.094398 -0.755184 0.000000 -0.125864
75 12:00:00.740 0.000000 0.000000 0.000000 0.000000 -0.565879 -0.346198 9.356836 -0.334565 -0.200739 -0.100370 -0.802957 0.000000 -0.133826
76 12:00:00.750 0.000000 0.000000 0.000000 0.000000 -0.552184 -0.288551 9.338007 -0.353553 -0.212132 -0.106066 -0.848528 0.000000 -0.141421
77 12:00:00.760 0.000000 0.000000 0.000000 0.000000 -0.601298 -0.238076 9.286142 -0.371572 -0.222943 -0.111472 -0.891774 0.000000 -0.148629
78 12:00:00.770 0.000000 0.000000 0.000000 0.000000 -0.635576 -0.238096 9.235540 -0.388573 -0.233144 -0.116572 -0.932575 0.000000 -0.155429
79 12:00:00.780 0.000000 0.000000 0.000000 0.000000 -0.636975 -0.228706 9.233241 -0.404508 -0.242705 -0.121353 -0.970820 0.000000 -0.161803
80 12:00:00.790 0.000000 0.000000 0.000000 0.000000 -0.669649 -0.230682 9.217848 -0.419335 -0.251601 -0.125801 -1.006405 0.000000 -0.167734
81 12:00:00.800 0.000000 0.000000 0.000000 0.000000 -0.658559 -0.217255 9.180940 -0.433013 -0.259808 -0.129904 -1.039230 0.000000 -0.173205
82 12:00:00.810 0.000000 0.000000 0.000000 0.000000 -0.718703 -0.198341 9.151079 -0.445503 -0.267302 -0.133651 -1.069208 0.000000 -0.178201
83 12:00:00.820 0.000000 0.000000 0.000000 0.000000 -0.750221 -0.174460 9.203565 -0.456773 -0.274064 -0.137032 -1.096255 0.000000 -0.182709
84 12:00:00.830 0.000000 0.000000 0.000000 0.000000 -0.746162 -0.149544 9.167487 -0.466790 -0.280074 -0.140037 -1.120297 0.000000 -0.186716
85 12:00:00.840 0.000000 0.000000 0.000000 0.000000 -0.734915 -0.105868 9.114515 -0.475528 -0.285317 -0.142658 -1.141268 0.000000 -0.190211
86 12:00:00.850 0.000000 0.000000 0.000000 0.000000 -0.771474 -0.088514 9.114880 -0.482963 -0.289778 -0.144889 -1.159111 0.000000 -0.193185
87 12:00:00.860 0.000000 0.000000 0.000000 0.000000 -0.765509 -0.034931 9.181452 -0.489074 -0.293444 -0.146722 -1.173777 0.000000 -0.195630
88 12:00:00.870 0.000000 0.000000 0.000000 0.000000 -0.783117 -0.068455 9.058210 -0.493844 -0.296307 -0.148153 -1.185226 0.000000 -0.197538
89 12:00:00.880 0.000000 0.000000 0.000000 0.000000 -0.772718 -0.013695 9.127508 -0.497261 -0.298357 -0.149178 -1.193426 0.000000 -0.198904
90 12:00:00.890 0.000000 0.000000 0.000000 0.000000 -0.800235 -0.010404 9.103318 -0.499315 -0.299589 -0.149794 -1.198355 0.000000 -0.199726
91 12:00:00.900 0.000000 0.000000 0.000000 0.000000 -0.827531 -0.013077 9.107553 -0.500000 -0.300000 -0.150000 -1.200000 0.000000 -0.200000
92 12:00:00.910 0.000000 0.000000 0.000000 0.000000 -0.803936 0.048417 9.069336 -0.499315 -0.299589 -0.149794 -1.198355 0.000000 -0.199726
93 12:00:00.920 0.000000 0.000000 0.000000 0.000000 -0.797632 0.061295 9.092891 -0.497261 -0.298357 -0.149178 -1.193426 0.000000 -0.198904
94 12:00:00.930 0.000000 0.000000 0.000000 0.000000 -0.795195 0.082467 9.144966 -0.493844 -0.296307 -0.148153 -1.185226 0.000000 -0.197538
95 12:00:00.940 0.000000 0.000000 0.000000 0.000000 -0.763468 0.078468 9.132354 -0.489074 -0.293444 -0.146722 -1.173777 0.000000 -0.195630
96 12:00:00.950 0.000000 0.000000 0.000000 0.000000 -0.783262 0.078185 9.077338 -0.482963 -0.289778 -0.144889 -1.159111 0.000000 -0.193185
97 12:00:00.960 0.000000 0.000000 0.000000 0.000000 -0.755395 0.129952 9.094206 -0.475528 -0.285317 -0.142658 -1.141268 0.000000 -0.190211
98 12:00:00.970 0.000000 0.000000 0.000000 0.000000 -0.702414 0.117745 9.181789 -0.466790 -0.280074 -0.140037 -1.120297 0.000000 -0.186716
99 12:00:00.980 0.000000 0.000000 0.000000 0.000000 -0.741302 0.179675 9.169174 -0.456773 -0.274064 -0.137032 -1.096255 0.000000 -0.182709
100 12:00:00.990 0.000000 0.000000 0.000000 0.000000 -0.729774 0.143818 9.108045 -0.445503 -0.267302 -0.133651 -1.069208 0.000000 -0.178201
101 12:00:01.000 0.000000 0.000000 0.000000 0.000000 -0.713898 0.208059 9.156904 -0.433013 -0.259808 -0.129904 -1.039230 0.000000 -0.173205
102 12:00:01.010 0.000000 0.000000 0.000000 0.000000 -0.685931 0.213162 9.233769 -0.419335 -0.251601 -0.125801 -1.006405 0.000000 -0.167734
103 12:00:01.020 0.000000 0.000000 0.000000 0.000000 -0.631373 0.236506 9.214151 -0.404508 -0.242705 -0.121353 -0.970820 0.000000 -0.161803
104 12:00:01.030 0.000000 0.000000 0.000000 0.000000 -0.611509 0.238997 9.218440 -0.388573 -0.233144 -0.116572 -0.932575 0.000000 -0.155429
105 12:00:01.040 0.000000 0.000000 0.000000 0.000000 -0.604561 0.233439 9.311399 -0.371572 -0.222943 -0.111472 -0.891774 0.000000 -0.148629
106 12:00:01.050 0.000000 0.000000 0.000000 0.000000 -0.564414 0.289816 9.264281 -0.353553 -0.212132 -0.106066 -0.848528 0.000000 -0.141421
107 12:00:01.060 0.000000 0.000000 0.000000 0.000000 -0.547664 0.280160 9.299326 -0.334565 -0.200739 -0.100370 -0.802957 0.000000 -0.133826
108 12:00:01.070 0.000000 0.000000 0.000000 0.000000 -0.472313 0.345612 9.365444 -0.314660 -0.188796 -0.094398 -0.755184 0.000000 -0.125864
109 12:00:01.080 0.000000 0.000000 0.000000 0.000000 -0.436292 0.322804 9.419025 -0.293893 -0.176336 -0.088168 -0.705342 0.000000 -0.117557
110 12:00:01.090 0.000000 0.000000 0.000000 0.000000 -0.410525 0.274005 9.419864 -0.272320 -0.163392 -0.081696 -0.653567 0.000000 -0.108928
111 12:00:01.100 0.000000 0.000000 0.000000 0.000000 -0.383529 0.339866 9.441755 -0.250000 -0.150000 -0.075000 -0.600000 0.000000 -0.100000
112 12:00:01.110 0.000000 0.000000 0.000000 0.000000 -0.359506 0.342336 9.490628 -0.226995 -0.136197 -0.068099 -0.544789 0.000000 -0.090798
113 12:00:01.120 0.000000 0.000000 0.000000 0.000000 -0.317735 0.389956 9.519385 -0.203368 -0.122021 -0.061010 -0.488084 0.000000 -0.081347
114 12:00:01.130 0.000000 0.000000 0.000000 0.000000 -0.294573 0.370602 9.465625 -0.179184 -0.107510 -0.053755 -0.430042 0.000000 -0.071674
115 12:00:01.140 0.000000 0.000000 0.000000 0.000000 -0.241724 0.360160 9.534585 -0.154508 -0.092705 -0.046353 -0.370820 0.000000 -0.061803
116 12:00:01.150 0.000000 0.000000 0.000000 0.000000 -0.168191 0.378721 9.571818 -0.129410 -0.077646 -0.038823 -0.310583 0.000000 -0.051764
117 12:00:01.160 0.000000 0.000000 0.000000 0.000000 -0.161511 0.402962 9.688571 -0.103956 -0.062374 -0.031187 -0.249494 0.000000 -0.041582
118 12:00:01.170 0.000000 0.000000 0.000000 0.000000 -0.124330 0.374404 9.731473 -0.078217 -0.046930 -0.023465 -0.187721 0.000000 -0.031287
119 12:00:01.180 0.000000 0.000000 0.000000 0.000000 -0.068348 0.380642 9.757696 -0.052264 -0.031359 -0.015679 -0.125434 0.000000 -0.020906
120 12:00:01.190 0.000000 0.000000 0.000000 0.000000 -0.070760 0.400559 9.760216 -0.026168 -0.015701 -0.007850 -0.062803 0.000000 -0.010467
121 12:00:01.200 0.000000 77.804560 0.000000 1.540153 0.012620 0.432251 9.830053 0.000000 0.000000 0.000000 0.000000 0.000000 0.000000
122 12:00:01.210 1.230850 90.305487 0.000000 0.901804 0.052822 0.387828 9.877159 0.026168 0.015701 0.007850 0.062803 0.000000 0.010467
123 12:00:01.220 0.000000 106.209582 0.000000 0.000000 0.080105 0.388805 9.881021 0.052264 0.031359 0.015679 0.125434 0.000000 0.020906
124 12:00:01.230 0.000000 123.989174 0.000000 0.000000 0.123918 0.378602 9.927212 0.078217 0.046930 0.023465 0.187721 0.000000 0.031287
125 12:00:01.240 0.000000 140.391455 0.000000 0.329027 0.204608 0.391714 9.890061 0.103956 0.062374 0.031187 0.249494 0.000000 0.041582
126 12:00:01.250 1.519801 157.649258 0.000000 0.000000 0.163231 0.392383 9.982087 0.129410 0.077646 0.038823 0.310583 0.000000 0.051764
127 12:00:01.260 1.066530 171.137185 0.000000 1.792381 0.240125 0.376563 10.035209 0.154508 0.092705 0.046353 0.370820 0.000000 0.061803
128 12:00:01.270 0.614328 182.711903 0.000000 0.809958 0.271415 0.382422 10.061242 0.179184 0.107510 0.053755 0.430042 0.000000 0.071674
129 12:00:01.280 0.227389 196.009160 0.000000 0.000000 0.330612 0.369796 10.093571 0.203368 0.122021 0.061010 0.488084 0.000000 0.081347
130 12:00:01.290 0.000000 204.068916 0.000000 0.000000 0.394665 0.349003 10.080786 0.226995 0.136197 0.068099 0.544789 0.000000 0.090798
131 12:00:01.300 1.342323 208.837592 0.000000 1.407828 0.391024 0.336636 10.154529 0.250000 0.150000 0.075000 0.600000 0.000000 0.100000
132 12:00:01.310 0.000000 209.149845 0.000000 0.000000 0.475397 0.301957 10.166865 0.272320 0.163392 0.081696 0.653567 0.000000 0.108928
133 12:00:01.320 1.043151 207.670604 0.000000 0.000000 0.476919 0.303241 10.231409 0.293893 0.176336 0.088168 0.705342 0.000000 0.117557
134 12:00:01.330 0.062215 203.039589 0.000000 0.000000 0.481714 0.316196 10.217727 0.314660 0.188796 0.094398 0.755184 0.000000 0.125864
135 12:00:01.340 0.344185 194.854957 0.000000 0.000000 0.576776 0.292007 10.367364 0.334565 0.200739 0.100370 0.802957 0.000000 0.133826
136 12:00:01.350 0.595768 183.635010 0.000000 1.947826 0.564543 0.278598 10.265809 0.353553 0.212132 0.106066 0.848528 0.000000 0.141421
137 12:00:01.360 1.356283 169.842229 0.000000 0.698699 0.606224 0.273935 10.326847 0.371572 0.222943 0.111472 0.891774 0.000000 0.148629
138 12:00:01.370 1.975449 154.593389 0.000000 0.116777 0.593379 0.221603 10.348549 0.388573 0.233144 0.116572 0.932575 0.000000 0.155429
139 12:00:01.380 0.781071 141.770670 0.000000 1.687201 0.670980 0.220808 10.387886 0.404508 0.242705 0.121353 0.970820 0.000000 0.161803
140 12:00:01.390 2.603771 123.511509 0.000000 2.367968 0.633876 0.231307 10.408863 0.419335 0.251601 0.125801 1.006405 0.000000 0.167734
141 12:00:01.400 1.955432 105.150531 0.000000 2.993189 0.657297 0.193276 10.469288 0.433013 0.259808 0.129904 1.039230 0.000000 0.173205
142 12:00:01.410 3.610051 91.282598 0.000000 2.998700 0.738399 0.187005 10.374513 0.445503 0.267302 0.133651 1.069208 0.000000 0.178201
143 12:00:01.420 2.754974 76.788754 0.000000 4.012987 0.751772 0.185884 10.474499 0.456773 0.274064 0.137032 1.096255 0.000000 0.182709
144 12:00:01.430 4.682099 63.469622 0.000000 5.108174 0.741606 0.134748 10.398572 0.466790 0.280074 0.140037 1.120297 0.000000 0.186716
145 12:00:01.440 5.713297 49.936075 0.000000 6.116926 0.760218 0.120022 10.484425 0.475528 0.285317 0.142658 1.141268 0.000000 0.190211
146 12:00:01.450 8.169007 40.678356 0.000000 7.779397 0.804924 0.082706 10.508824 0.482963 0.289778 0.144889 1.159111 0.000000 0.193185
147 12:00:01.460 9.913029 33.198847 0.000000 9.722264 0.799755 0.092463 10.499305 0.489074 0.293444 0.146722 1.173777 0.000000 0.195630
148 12:00:01.470 10.312822 24.739389 0.000000 12.323874 0.782130 0.047376 10.514192 0.493844 0.296307 0.148153 1.185226 0.000000 0.197538
149 12:00:01.480 15.655755 19.290035 0.000000 14.899487 0.774714 0.036855 10.484316 0.497261 0.298357 0.149178 1.193426 0.000000 0.198904
150 12:00:01.490 17.242031 13.381934 0.000000 19.244324 0.796515 0.034516 10.502064 0.499315 0.299589 0.149794 1.198355 0.000000 0.199726
151 12:00:01.500 19.897958 11.828550 0.000000 20.217299 0.765612 0.028702 10.494550 0.500000 0.300000 0.150000 1.200000 0.000000 0.200000
152 12:00:01.510 24.071793 7.601598 0.000000 26.088314 0.787054 -0.013846 10.504255 0.499315 0.299589 0.149794 1.198355 0.000000 0.199726
153 12:00:01.520 29.302358 6.372509 0.000000 31.597537 0.793206 -0.072679 10.492267 0.497261 0.298357 0.149178 1.193426 0.000000 0.198904
154 12:00:01.530 31.818891 4.908940 0.000000 39.563572 0.779518 -0.069198 10.462611 0.493844 0.296307 0.148153 1.185226 0.000000 0.197538
155 12:00:01.540 37.677542 3.675123 0.000000 42.019642 0.783506 -0.132886 10.498171 0.489074 0.293444 0.146722 1.173777 0.000000 0.195630
156 12:00:01.550 43.419571 2.209543 0.000000 49.453017 0.755440 -0.092914 10.534052 0.482963 0.289778 0.144889 1.159111 0.000000 0.193185
157 12:00:01.560 47.682296 2.697089 0.000000 54.781889 0.754545 -0.157483 10.475714 0.475528 0.285317 0.142658 1.141268 0.000000 0.190211
158 12:00:01.570 53.173564 0.721895 0.000000 62.257693 0.747007 -0.146511 10.501487 0.466790 0.280074 0.140037 1.120297 0.000000 0.186716
159 12:00:01.580 60.307319 1.099843 0.000000 68.769348 0.733121 -0.168311 10.417189 0.456773 0.274064 0.137032 1.096255 0.000000 0.182709
160 12:00:01.590 66.290912 1.116308 0.000000 72.853006 0.727993 -0.177459 10.460334 0.445503 0.267302 0.133651 1.069208 0.000000 0.178201
161 12:00:01.600 71.804954 0.995414 0.000000 79.367913 0.687956 -0.201769 10.392184 0.433013 0.259808 0.129904 1.039230 0.000000 0.173205
162 12:00:01.610 76.362356 0.149004 0.000000 83.627275 0.657782 -0.258614 10.422399 0.419335 0.251601 0.125801 1.006405 0.000000 0.167734
163 12:00:01.620 79.410148 0.899082 0.000000 90.662840 0.648305 -0.224105 10.378947 0.404508 0.242705 0.121353 0.970820 0.000000 0.161803
164 12:00:01.630 83.600054 0.000000 0.000000 96.991361 0.637275 -0.238094 10.394314 0.388573 0.233144 0.116572 0.932575 0.000000 0.155429
165 12:00:01.640 86.049450 0.000000 0.000000 99.073949 0.598819 -0.266487 10.367210 0.371572 0.222943 0.111472 0.891774 0.000000 0.148629
166 12:00:01.650 88.437359 0.000000 0.000000 100.443090 0.561807 -0.274142 10.267423 0.353553 0.212132 0.106066 0.848528 0.000000 0.141421
167 12:00:01.660 89.485627 0.785438 0.000000 98.482762 0.490206 -0.321181 10.247425 0.334565 0.200739 0.100370 0.802957 0.000000 0.133826
168 12:00:01.670 88.867406 0.000000 0.000000 100.902267 0.472695 -0.285693 10.242128 0.314660 0.188796 0.094398 0.755184 0.000000 0.125864
169 12:00:01.680 89.434208 0.590210 0.000000 99.903608 0.477204 -0.327689 10.232878 0.293893 0.176336 0.088168 0.705342 0.000000 0.117557
170 12:00:01.690 85.172529 0.000000 0.000000 97.012054 0.428871 -0.342544 10.218156 0.272320 0.163392 0.081696 0.653567 0.000000 0.108928
171 12:00:01.700 80.072605 0.000000 0.000000 92.755685 0.387563 -0.349387 10.114123 0.250000 0.150000 0.075000 0.600000 0.000000 0.100000
172 12:00:01.710 78.501730 2.100042 0.000000 89.787186 0.399017 -0.333000 10.113025 0.226995 0.136197 0.068099 0.544789 0.000000 0.090798
173 12:00:01.720 74.858011 0.000000 0.000000 85.499108 0.327729 -0.373080 10.121529 0.203368 0.122021 0.061010 0.488084 0.000000 0.081347
174 12:00:01.730 69.432289 0.043797 0.000000 79.294476 0.287332 -0.365574 10.082143 0.179184 0.107510 0.053755 0.430042 0.000000 0.071674
175 12:00:01.740 64.076188 0.437211 0.000000 72.059339 0.225009 -0.380105 10.035877 0.154508 0.092705 0.046353 0.370820 0.000000 0.061803
176 12:00:01.750 59.405205 2.562316 0.000000 65.142626 0.239322 -0.399689 9.954750 0.129410 0.077646 0.038823 0.310583 0.000000 0.051764
177 12:00:01.760 52.036660 0.055358 0.000000 59.368032 0.170401 -0.408647 9.965620 0.103956 0.062374 0.031187 0.249494 0.000000 0.041582
178 12:00:01.770 47.555939 0.640675 0.000000 54.132606 0.117607 -0.394387 9.908614 0.078217 0.046930 0.023465 0.187721 0.000000 0.031287
179 12:00:01.780 41.726598 1.963618 0.000000 46.792443 0.075282 -0.391146 9.873910 0.052264 0.031359 0.015679 0.125434 0.000000 0.020906
180 12:00:01.790 35.683177 0.000000 0.000000 42.679295 0.022231 -0.407216 9.842882 0.026168 0.015701 0.007850 0.062803 0.000000 0.010467
181 12:00:01.800 32.064368 0.000000 0.000000 36.732027 0.020593 -0.396311 9.806034 0.000000 0.000000 0.000000 0.000000 0.000000 0.000000
182 12:00:01.810 27.994435 0.000000 0.000000 30.885984 -0.077716 -0.415731 9.794382 -0.026168 -0.015701 -0.007850 -0.062803 0.000000 -0.010467
183 12:00:01.820 0.000000 0.000000 0.000000 0.000000 -0.110961 -0.415511 9.740803 -0.052264 -0.031359 -0.015679 -0.125434 0.000000 -0.020906
184 12:00:01.830 0.000000 0.000000 0.000000 0.000000 -0.145909 -0.418261 9.740322 -0.078217 -0.046930 -0.023465 -0.187721 0.000000 -0.031287
185 12:00:01.840 0.000000 0.000000 0.000000 0.000000 -0.180790 -0.414303 9.665004 -0.103956 -0.062374 -0.031187 -0.249494 0.000000 -0.041582
186 12:00:01.850 0.000000 0.000000 0.000000 0.000000 -0.189872 -0.429654 9.566896 -0.129410 -0.077646 -0.038823 -0.310583 0.000000 -0.051764
187 12:00:01.860 0.000000 0.000000 0.000000 0.000000 -0.205442 -0.402107 9.565027 -0.154508 -0.092705 -0.046353 -0.370820 0.000000 -0.061803
188 12:00:01.870 0.000000 0.000000 0.000000 0.000000 -0.283148 -0.362288 9.566476 -0.179184 -0.107510 -0.053755 -0.430042 0.000000 -0.071674
189 12:00:01.880 0.000000 0.000000 0.000000 0.000000 -0.345120 -0.377200 9.505072 -0.203368 -0.122021 -0.061010 -0.488084 0.000000 -0.081347
190 12:00:01.890 0.000000 0.000000 0.000000 0.000000 -0.348637 -0.360580 9.491349 -0.226995 -0.136197 -0.068099 -0.544789 0.000000 -0.090798
191 12:00:01.900 0.000000 0.000000 0.000000 0.000000 -0.424925 -0.337894 9.453099 -0.250000 -0.150000 -0.075000 -0.600000 0.000000 -0.100000
192 12:00:01.910 0.000000 0.000000 0.000000 0.000000 -0.422053 -0.308903 9.443602 -0.272320 -0.163392 -0.081696 -0.653567 0.000000 -0.108928
193 12:00:01.920 0.000000 0.000000 0.000000 0.000000 -0.471156 -0.315971 9.385379 -0.293893 -0.176336 -0.088168 -0.705342 0.000000 -0.117557
194 12:00:01.930 0.000000 0.000000 0.000000 0.000000 -0.555778 -0.337687 9.448545 -0.314660 -0.188796 -0.094398 -0.755184 0.000000 -0.125864
195 12:00:01.940 0.000000 0.000000 0.000000 0.000000 -0.540226 -0.278495 9.345691 -0.334565 -0.200739 -0.100370 -0.802957 0.000000 -0.133826
196 12:00:01.950 0.000000 0.000000 0.000000 0.000000 -0.593190 -0.275252 9.262994 -0.353553 -0.212132 -0.106066 -0.848528 0.000000 -0.141421
197 12:00:01.960 0.000000 0.000000 0.000000 0.000000 -0.584051 -0.221133 9.342520 -0.371572 -0.222943 -0.111472 -0.891774 0.000000 -0.148629
198 12:00:01.970 0.000000 0.000000 0.000000 0.000000 -0.613127 -0.247452 9.214186 -0.388573 -0.233144 -0.116572 -0.932575 0.000000 -0.155429
199 12:00:01.980 0.000000 0.000000 0.000000 0.000000 -0.633696 -0.252737 9.295690 -0.404508 -0.242705 -0.121353 -0.970820 0.000000 -0.161803
200 12:00:01.990 0.000000 0.000000 0.000000 0.000000 -0.671455 -0.220185 9.250360 -0.419335 -0.251601 -0.125801 -1.006405 0.000000 -0.167734
201 12:00:02.000 0.000000 0.000000 0.000000 0.000000 -0.672505 -0.157069 9.216090 -0.433013 -0.259808 -0.129904 -1.039230 0.000000 -0.173205
202 12:00:02.010 0.000000 0.000000 0.000000 0.000000 -0.668194 -0.182104 9.174644 -0.445503 -0.267302 -0.133651 -1.069208 0.000000 -0.178201
203 12:00:02.020 0.000000 0.000000 0.000000 0.000000 -0.723379 -0.169115 9.183418 -0.456773 -0.274064 -0.137032 -1.096255 0.000000 -0.182709
204 12:00:02.030 0.000000 0.000000 0.000000 0.000000 -0.742171 -0.151056 9.156503 -0.466790 -0.280074 -0.140037 -1.120297 0.000000 -0.186716
205 12:00:02.040 0.000000 0.000000 0.000000 0.000000 -0.744205 -0.100278 9.150610 -0.475528 -0.285317 -0.142658 -1.141268 0.000000 -0.190211
206 12:00:02.050 0.000000 0.000000 0.000000 0.000000 -0.820690 -0.098008 9.133984 -0.482963 -0.289778 -0.144889 -1.159111 0.000000 -0.193185
207 12:00:02.060 0.000000 0.000000 0.000000 0.000000 -0.817543 -0.057049 9.131323 -0.489074 -0.293444 -0.146722 -1.173777 0.000000 -0.195630
208 12:00:02.070 0.000000 0.000000 0.000000 0.000000 -0.729986 -0.075489 9.114384 -0.493844 -0.296307 -0.148153 -1.185226 0.000000 -0.197538
209 12:00:02.080 0.000000 0.000000 0.000000 0.000000 -0.808980 -0.063968 9.132719 -0.497261 -0.298357 -0.149178 -1.193426 0.000000 -0.198904
210 12:00:02.090 0.000000 0.000000 0.000000 0.000000 -0.802258 0.012355 9.172922 -0.499315 -0.299589 -0.149794 -1.198355 0.000000 -0.199726
211 12:00:02.100 0.000000 0.000000 0.000000 0.000000 -0.801007 0.013521 9.085603 -0.500000 -0.300000 -0.150000 -1.200000 0.000000 -0.200000
212 12:00:02.110 0.000000 0.000000 0.000000 0.000000 -0.800196 0.033147 9.150213 -0.499315 -0.299589 -0.149794 -1.198355 0.000000 -0.199726
213 12:00:02.120 0.000000 0.000000 0.000000 0.000000 -0.806239 0.046750 9.083011 -0.497261 -0.298357 -0.149178 -1.193426 0.000000 -0.198904
214 12:00:02.130 0.000000 0.000000 0.000000 0.000000 -0.780303 0.063295 9.141031 -0.493844 -0.296307 -0.148153 -1.185226 0.000000 -0.197538
215 12:00:02.140 0.000000 0.000000 0.000000 0.000000 -0.790647 0.069317 9.115145 -0.489074 -0.293444 -0.146722 -1.173777 0.000000 -0.195630
216 12:00:02.150 0.000000 0.000000 0.000000 0.000000 -0.756278 0.108714 9.118239 -0.482963 -0.289778 -0.144889 -1.159111 0.000000 -0.193185
217 12:00:02.160 0.000000 0.000000 0.000000 0.000000 -0.759785 0.149013 9.138210 -0.475528 -0.285317 -0.142658 -1.141268 0.000000 -0.190211
218 12:00:02.170 0.000000 0.000000 0.000000 0.000000 -0.768377 0.177020 9.171487 -0.466790 -0.280074 -0.140037 -1.120297 0.000000 -0.186716
219 12:00:02.180 0.000000 0.000000 0.000000 0.000000 -0.724772 0.183008 9.159185 -0.456773 -0.274064 -0.137032 -1.096255 0.000000 -0.182709
220 12:00:02.190 0.000000 0.000000 0.000000 0.000000 -0.741372 0.160121 9.154947 -0.445503 -0.267302 -0.133651 -1.069208 0.000000 -0.178201
221 12:00:02.200 0.000000 0.000000 0.000000 0.000000 -0.724197 0.199813 9.249149 -0.433013 -0.259808 -0.129904 -1.039230 0.000000 -0.173205
222 12:00:02.210 0.000000 0.000000 0.000000 0.000000 -0.650951 0.187675 9.256766 -0.419335 -0.251601 -0.125801 -1.006405 0.000000 -0.167734
223 12:00:02.220 0.000000 0.000000 0.000000 0.000000 -0.674266 0.227709 9.266929 -0.404508 -0.242705 -0.121353 -0.970820 0.000000 -0.161803
224 12:00:02.230 0.000000 0.000000 0.000000 0.000000 -0.621899 0.228941 9.326912 -0.388573 -0.233144 -0.116572 -0.932575 0.000000 -0.155429
225 12:00:02.240 0.000000 0.000000 0.000000 0.000000 -0.591649 0.260198 9.311694 -0.371572 -0.222943 -0.111472 -0.891774 0.000000 -0.148629
226 12:00:02.250 0.000000 0.000000 0.000000 0.000000 -0.569733 0.272250 9.313027 -0.353553 -0.212132 -0.106066 -0.848528 0.000000 -0.141421
227 12:00:02.260 0.000000 0.000000 0.000000 0.000000 -0.531352 0.300859 9.378268 -0.334565 -0.200739 -0.100370 -0.802957 0.000000 -0.133826
228 12:00:02.270 0.000000 0.000000 0.000000 0.000000 -0.524517 0.281511 9.291756 -0.314660 -0.188796 -0.094398 -0.755184 0.000000 -0.125864
229 12:00:02.280 0.000000 0.000000 0.000000 0.000000 -0.465265 0.323831 9.416950 -0.293893 -0.176336 -0.088168 -0.705342 0.000000 -0.117557
230 12:00:02.290 0.000000 0.000000 0.000000 0.000000 -0.417917 0.343102 9.473919 -0.272320 -0.163392 -0.081696 -0.653567 0.000000 -0.108928
231 12:00:02.300 0.000000 0.000000 0.000000 0.000000 -0.377724 0.366597 9.462270 -0.250000 -0.150000 -0.075000 -0.600000 0.000000 -0.100000
232 12:00:02.310 0.000000 0.000000 0.000000 0.000000 -0.371481 0.381484 9.493811 -0.226995 -0.136197 -0.068099 -0.544789 0.000000 -0.090798
233 12:00:02.320 0.000000 0.000000 0.000000 0.000000 -0.331217 0.402152 9.531635 -0.203368 -0.122021 -0.061010 -0.488084 0.000000 -0.081347
234 12:00:02.330 0.000000 0.000000 0.000000 0.000000 -0.255322 0.382158 9.577005 -0.179184 -0.107510 -0.053755 -0.430042 0.000000 -0.071674
235 12:00:02.340 0.000000 0.000000 0.000000 0.000000 -0.221302 0.382368 9.573488 -0.154508 -0.092705 -0.046353 -0.370820 0.000000 -0.061803
236 12:00:02.350 0.000000 0.000000 0.000000 0.000000 -0.208013 0.359836 9.606213 -0.129410 -0.077646 -0.038823 -0.310583 0.000000 -0.051764
237 12:00:02.360 0.000000 0.000000 0.000000 0.000000 -0.176512 0.419513 9.665349 -0.103956 -0.062374 -0.031187 -0.249494 0.000000 -0.041582
238 12:00:02.370 0.000000 0.000000 0.000000 0.000000 -0.098017 0.400146 9.660589 -0.078217 -0.046930 -0.023465 -0.187721 0.000000 -0.031287
239 12:00:02.380 0.000000 0.000000 0.000000 0.000000 -0.057159 0.390323 9.736569 -0.052264 -0.031359 -0.015679 -0.125434 0.000000 -0.020906
240 12:00:02.390 0.000000 0.000000 0.000000 0.000000 -0.029225 0.449335 9.783271 -0.026168 -0.015701 -0.007850 -0.062803 0.000000 -0.010467
241 12:00:02.400 0.960464 78.021684 0.000000 0.000000 0.004197 0.393082 9.845962 0.000000 0.000000 0.000000 0.000000 0.000000 0.000000
242 12:00:02.410 0.232728 89.921655 0.000000 1.391649 0.022354 0.384244 9.863450 0.026168 0.015701 0.007850 0.062803 0.000000 0.010467
243 12:00:02.420 0.000000 107.106007 0.000000 0.861598 0.065077 0.410481 9.949469 0.052264 0.031359 0.015679 0.125434 0.000000 0.020906
244 12:00:02.430 0.042329 124.124132 0.000000 0.000000 0.113008 0.383988 9.919671 0.078217 0.046930 0.023465 0.187721 0.000000 0.031287
245 12:00:02.440 0.000000 141.022159 0.000000 0.000000 0.187222 0.368109 9.902723 0.103956 0.062374 0.031187 0.249494 0.000000 0.041582
246 12:00:02.450 1.218641 157.184275 0.000000 0.000000 0.209118 0.367107 9.990405 0.129410 0.077646 0.038823 0.310583 0.000000 0.051764
247 12:00:02.460 0.089755 170.565377 0.000000 0.000000 0.242349 0.410536 10.006860 0.154508 0.092705 0.046353 0.370820 0.000000 0.061803
248 12:00:02.470 1.938064 185.108488 0.000000 0.724542 0.281156 0.369517 10.019439 0.179184 0.107510 0.053755 0.430042 0.000000 0.071674
249 12:00:02.480 0.398368 193.420404 0.000000 0.000000 0.325161 0.412765 10.028315 0.203368 0.122021 0.061010 0.488084 0.000000 0.081347
250 12:00:02.490 0.436789 204.781229 0.000000 0.498236 0.393417 0.361409 10.077035 0.226995 0.136197 0.068099 0.544789 0.000000 0.090798
251 12:00:02.500 0.100546 206.846179 0.000000 0.000000 0.408466 0.320000 10.183811 0.250000 0.150000 0.075000 0.600000 0.000000 0.100000
252 12:00:02.510 0.573389 211.287383 0.000000 0.000000 0.426970 0.338126 10.196211 0.272320 0.163392 0.081696 0.653567 0.000000 0.108928
253 12:00:02.520 1.069521 208.567128 0.000000 0.281322 0.452591 0.291349 10.227550 0.293893 0.176336 0.088168 0.705342 0.000000 0.117557
254 12:00:02.530 0.000000 202.073990 0.000000 0.000000 0.467542 0.299150 10.196735 0.314660 0.188796 0.094398 0.755184 0.000000 0.125864
255 12:00:02.540 1.234540 193.476705 0.000000 1.939205 0.532857 0.294477 10.375525 0.334565 0.200739 0.100370 0.802957 0.000000 0.133826
256 12:00:02.550 0.000000 183.694348 0.000000 0.000000 0.545169 0.270968 10.279123 0.353553 0.212132 0.106066 0.848528 0.000000 0.141421
257 12:00:02.560 0.000000 170.379656 0.000000 0.000000 0.613703 0.245175 10.302464 0.371572 0.222943 0.111472 0.891774 0.000000 0.148629
258 12:00:02.570 0.000000 155.250290 0.000000 2.840146 0.611890 0.246368 10.377267 0.388573 0.233144 0.116572 0.932575 0.000000 0.155429
259 12:00:02.580 2.357066 141.068351 0.000000 1.557183 0.663529 0.238502 10.344701 0.404508 0.242705 0.121353 0.970820 0.000000 0.161803
260 12:00:02.590 1.316970 123.378546 0.000000 0.905224 0.671815 0.214888 10.356316 0.419335 0.251601 0.125801 1.006405 0.000000 0.167734
261 12:00:02.600 1.699419 107.064372 0.000000 3.323243 0.684953 0.204257 10.444984 0.433013 0.259808 0.129904 1.039230 0.000000 0.173205
262 12:00:02.610 2.074498 90.881004 0.000000 1.122880 0.698400 0.199152 10.472244 0.445503 0.267302 0.133651 1.069208 0.000000 0.178201
263 12:00:02.620 3.585718 77.229568 0.000000 4.185630 0.708107 0.131269 10.445553 0.456773 0.274064 0.137032 1.096255 0.000000 0.182709
264 12:00:02.630 3.269644 62.578469 0.000000 5.385367 0.765898 0.168489 10.451818 0.466790 0.280074 0.140037 1.120297 0.000000 0.186716
265 12:00:02.640 4.596869 51.338801 0.000000 6.303350 0.747283 0.126118 10.469881 0.475528 0.285317 0.142658 1.141268 0.000000 0.190211
266 12:00:02.650 8.091038 39.841304 0.000000 8.915940 0.770669 0.068200 10.494357 0.482963 0.289778 0.144889 1.159111 0.000000 0.193185
267 12:00:02.660 9.805728 32.117119 0.000000 10.565877 0.755934 0.108741 10.529959 0.489074 0.293444 0.146722 1.173777 0.000000 0.195630
268 12:00:02.670 11.492139 27.011343 0.000000 11.451233 0.828014 0.083563 10.509795 0.493844 0.296307 0.148153 1.185226 0.000000 0.197538
269 12:00:02.680 13.332304 18.229708 0.000000 16.783136 0.795347 0.046143 10.484635 0.497261 0.298357 0.149178 1.193426 0.000000 0.198904
270 12:00:02.690 17.613045 14.155230 0.000000 19.183463 0.798606 -0.001954 10.502242 0.499315 0.299589 0.149794 1.198355 0.000000 0.199726
271 12:00:02.700 19.070740 8.785294 0.000000 22.828914 0.824246 0.008902 10.521715 0.500000 0.300000 0.150000 1.200000 0.000000 0.200000
272 12:00:02.710 24.874283 8.566617 0.000000 27.798310 0.798396 0.003985 10.505290 0.499315 0.299589 0.149794 1.198355 0.000000 0.199726
273 12:00:02.720 26.664199 6.387451 0.000000 32.029567 0.818289 -0.039406 10.513671 0.497261 0.298357 0.149178 1.193426 0.000000 0.198904
274 12:00:02.730 32.567827 3.727206 0.000000 37.061281 0.808896 -0.051149 10.515531 0.493844 0.296307 0.148153 1.185226 0.000000 0.197538
275 12:00:02.740 37.878307 3.277656 0.000000 41.069979 0.760911 -0.077615 10.510678 0.489074 0.293444 0.146722 1.173777 0.000000 0.195630
276 12:00:02.750 42.603943 2.061241 0.000000 49.926232 0.780536 -0.101245 10.436833 0.482963 0.289778 0.144889 1.159111 0.000000 0.193185
277 12:00:02.760 49.645223 1.260637 0.000000 55.173453 0.774329 -0.116058 10.446879 0.475528 0.285317 0.142658 1.141268 0.000000 0.190211
278 12:00:02.770 53.966030 0.000000 0.000000 59.536126 0.715344 -0.195661 10.438633 0.466790 0.280074 0.140037 1.120297 0.000000 0.186716
279 12:00:02.780 60.557248 0.000000 0.000000 68.002236 0.716210 -0.150392 10.427261 0.456773 0.274064 0.137032 1.096255 0.000000 0.182709
280 12:00:02.790 63.678063 0.000000 0.000000 75.138610 0.733494 -0.179242 10.431020 0.445503 0.267302 0.133651 1.069208 0.000000 0.178201
281 12:00:02.800 69.553097 0.000000 0.000000 80.161527 0.689371 -0.222332 10.448383 0.433013 0.259808 0.129904 1.039230 0.000000 0.173205
282 12:00:02.810 76.408862 1.266245 0.000000 83.280261 0.675346 -0.224778 10.451031 0.419335 0.251601 0.125801 1.006405 0.000000 0.167734
283 12:00:02.820 79.702623 0.000000 0.000000 91.448934 0.627898 -0.240723 10.317525 0.404508 0.242705 0.121353 0.970820 0.000000 0.161803
284 12:00:02.830 83.261362 0.000000 0.000000 93.657436 0.632337 -0.279831 10.314476 0.388573 0.233144 0.116572 0.932575 0.000000 0.155429
285 12:00:02.840 86.336095 0.487885 0.000000 99.700169 0.582091 -0.240083 10.339092 0.371572 0.222943 0.111472 0.891774 0.000000 0.148629
286 12:00:02.850 87.224261 0.499810 0.000000 99.670688 0.582158 -0.293256 10.315119 0.353553 0.212132 0.106066 0.848528 0.000000 0.141421
287 12:00:02.860 87.290137 0.230623 0.000000 99.533809 0.528056 -0.307203 10.315766 0.334565 0.200739 0.100370 0.802957 0.000000 0.133826
288 12:00:02.870 89.069303 0.000000 0.000000 100.043848 0.514110 -0.292709 10.182477 0.314660 0.188796 0.094398 0.755184 0.000000 0.125864
289 12:00:02.880 88.538949 0.000000 0.000000 98.144406 0.476158 -0.302390 10.224309 0.293893 0.176336 0.088168 0.705342 0.000000 0.117557
290 12:00:02.890 85.324054 0.888083 0.000000 96.565893 0.429060 -0.340326 10.201569 0.272320 0.163392 0.081696 0.653567 0.000000 0.108928
291 12:00:02.900 83.626961 0.564048 0.000000 91.964133 0.396346 -0.346352 10.160967 0.250000 0.150000 0.075000 0.600000 0.000000 0.100000
292 12:00:02.910 78.502540 2.589706 0.000000 87.644890 0.361742 -0.382267 10.101135 0.226995 0.136197 0.068099 0.544789 0.000000 0.090798
293 12:00:02.920 74.289467 1.224658 0.000000 82.831318 0.313065 -0.340621 10.107072 0.203368 0.122021 0.061010 0.488084 0.000000 0.081347
294 12:00:02.930 69.729671 0.000000 0.000000 77.235568 0.277781 -0.352657 10.065204 0.179184 0.107510 0.053755 0.430042 0.000000 0.071674
295 12:00:02.940 65.249161 0.000000 0.000000 72.236176 0.249346 -0.377498 9.989361 0.154508 0.092705 0.046353 0.370820 0.000000 0.061803
296 12:00:02.950 60.160699 0.415142 0.000000 66.450315 0.208642 -0.432547 9.956268 0.129410 0.077646 0.038823 0.310583 0.000000 0.051764
297 12:00:02.960 52.280093 0.000000 0.000000 57.993773 0.163907 -0.362486 9.998394 0.103956 0.062374 0.031187 0.249494 0.000000 0.041582
298 12:00:02.970 45.820157 0.000000 0.000000 56.049825 0.141237 -0.396752 9.939080 0.078217 0.046930 0.023465 0.187721 0.000000 0.031287
299 12:00:02.980 42.085839 0.000000 0.000000 47.554951 0.066510 -0.407455 9.840598 0.052264 0.031359 0.015679 0.125434 0.000000 0.020906
300 12:00:02.990 36.415996 0.000000 0.000000 40.702182 0.071034 -0.390263 9.901120 0.026168 0.015701 0.007850 0.062803 0.000000 0.010467
301 12:00:03.000 33.106717 1.553537 0.000000 36.968799 0.036823 -0.401897 9.803610 0.000000 0.000000 0.000000 0.000000 0.000000 0.000000
302 12:00:03.010 26.178543 0.000000 0.000000 31.063731 -0.037433 -0.399880 9.728982 -0.026168 -0.015701 -0.007850 -0.062803 0.000000 -0.010467
303 12:00:03.020 0.000000 0.000000 0.000000 0.000000 -0.091882 -0.384243 9.734500 -0.052264 -0.031359 -0.015679 -0.125434 0.000000 -0.020906
304 12:00:03.030 0.000000 0.000000 0.000000 0.000000 -0.116630 -0.404775 9.665117 -0.078217 -0.046930 -0.023465 -0.187721 0.000000 -0.031287
305 12:00:03.040 0.000000 0.000000 0.000000 0.000000 -0.163609 -0.426791 9.657887 -0.103956 -0.062374 -0.031187 -0.249494 0.000000 -0.041582
306 12:00:03.050 0.000000 0.000000 0.000000 0.000000 -0.186216 -0.405017 9.614936 -0.129410 -0.077646 -0.038823 -0.310583 0.000000 -0.051764
307 12:00:03.060 0.000000 0.000000 0.000000 0.000000 -0.289616 -0.412816 9.586057 -0.154508 -0.092705 -0.046353 -0.370820 0.000000 -0.061803
308 12:00:03.070 0.000000 0.000000 0.000000 0.000000 -0.313585 -0.360958 9.550195 -0.179184 -0.107510 -0.053755 -0.430042 0.000000 -0.071674
309 12:00:03.080 0.000000 0.000000 0.000000 0.000000 -0.330648 -0.329203 9.502483 -0.203368 -0.122021 -0.061010 -0.488084 0.000000 -0.081347
310 12:00:03.090 0.000000 0.000000 0.000000 0.000000 -0.354272 -0.351733 9.447699 -0.226995 -0.136197 -0.068099 -0.544789 0.000000 -0.090798
311 12:00:03.100 0.000000 0.000000 0.000000 0.000000 -0.398740 -0.340471 9.512480 -0.250000 -0.150000 -0.075000 -0.600000 0.000000 -0.100000
312 12:00:03.110 0.000000 0.000000 0.000000 0.000000 -0.468997 -0.310849 9.411464 -0.272320 -0.163392 -0.081696 -0.653567 0.000000 -0.108928
313 12:00:03.120 0.000000 0.000000 0.000000 0.000000 -0.472411 -0.326523 9.376062 -0.293893 -0.176336 -0.088168 -0.705342 0.000000 -0.117557
314 12:00:03.130 0.000000 0.000000 0.000000 0.000000 -0.518477 -0.337824 9.361837 -0.314660 -0.188796 -0.094398 -0.755184 0.000000 -0.125864
315 12:00:03.140 0.000000 0.000000 0.000000 0.000000 -0.539586 -0.296837 9.324178 -0.334565 -0.200739 -0.100370 -0.802957 0.000000 -0.133826
316 12:00:03.150 0.000000 0.000000 0.000000 0.000000 -0.548731 -0.287375 9.350472 -0.353553 -0.212132 -0.106066 -0.848528 0.000000 -0.141421
317 12:00:03.160 0.000000 0.000000 0.000000 0.000000 -0.591202 -0.269378 9.311427 -0.371572 -0.222943 -0.111472 -0.891774 0.000000 -0.148629
318 12:00:03.170 0.000000 0.000000 0.000000 0.000000 -0.619388 -0.257725 9.232047 -0.388573 -0.233144 -0.116572 -0.932575 0.000000 -0.155429
319 12:00:03.180 0.000000 0.000000 0.000000 0.000000 -0.642711 -0.207718 9.272239 -0.404508 -0.242705 -0.121353 -0.970820 0.000000 -0.161803
320 12:00:03.190 0.000000 0.000000 0.000000 0.000000 -0.645264 -0.221530 9.222893 -0.419335 -0.251601 -0.125801 -1.006405 0.000000 -0.167734
321 12:00:03.200 0.000000 0.000000 0.000000 0.000000 -0.657597 -0.216712 9.239779 -0.433013 -0.259808 -0.129904 -1.039230 0.000000 -0.173205
322 12:00:03.210 0.000000 0.000000 0.000000 0.000000 -0.750546 -0.160418 9.188035 -0.445503 -0.267302 -0.133651 -1.069208 0.000000 -0.178201
323 12:00:03.220 0.000000 0.000000 0.000000 0.000000 -0.749811 -0.170081 9.133411 -0.456773 -0.274064 -0.137032 -1.096255 0.000000 -0.182709
324 12:00:03.230 0.000000 0.000000 0.000000 0.000000 -0.755234 -0.164412 9.136325 -0.466790 -0.280074 -0.140037 -1.120297 0.000000 -0.186716
325 12:00:03.240 0.000000 0.000000 0.000000 0.000000 -0.811132 -0.127032 9.140429 -0.475528 -0.285317 -0.142658 -1.141268 0.000000 -0.190211
326 12:00:03.250 0.000000 0.000000 0.000000 0.000000 -0.783572 -0.090343 9.143709 -0.482963 -0.289778 -0.144889 -1.159111 0.000000 -0.193185
327 12:00:03.260 0.000000 0.000000 0.000000 0.000000 -0.824350 -0.080056 9.106562 -0.489074 -0.293444 -0.146722 -1.173777 0.000000 -0.195630
328 12:00:03.270 0.000000 0.000000 0.000000 0.000000 -0.824214 -0.089827 9.142872 -0.493844 -0.296307 -0.148153 -1.185226 0.000000 -0.197538
329 12:00:03.280 0.000000 0.000000 0.000000 0.000000 -0.826999 -0.021937 9.152512 -0.497261 -0.298357 -0.149178 -1.193426 0.000000 -0.198904
330 12:00:03.290 0.000000 0.000000 0.000000 0.000000 -0.793885 -0.013836 9.142599 -0.499315 -0.299589 -0.149794 -1.198355 0.000000 -0.199726
331 12:00:03.300 0.000000 0.000000 0.000000 0.000000 -0.802630 0.007075 9.139674 -0.500000 -0.300000 -0.150000 -1.200000 0.000000 -0.200000
332 12:00:03.310 0.000000 0.000000 0.000000 0.000000 -0.799392 0.007547 9.120223 -0.499315 -0.299589 -0.149794 -1.198355 0.000000 -0.199726
333 12:00:03.320 0.000000 0.000000 0.000000 0.000000 -0.818629 0.025709 9.145426 -0.497261 -0.298357 -0.149178 -1.193426 0.000000 -0.198904
334 12:00:03.330 0.000000 0.000000 0.000000 0.000000 -0.822780 0.067460 9.128996 -0.493844 -0.296307 -0.148153 -1.185226 0.000000 -0.197538
335 12:00:03.340 0.000000 0.000000 0.000000 0.000000 -0.760564 0.086959 9.112205 -0.489074 -0.293444 -0.146722 -1.173777 0.000000 -0.195630
336 12:00:03.350 0.000000 0.000000 0.000000 0.000000 -0.747258 0.081120 9.177395 -0.482963 -0.289778 -0.144889 -1.159111 0.000000 -0.193185
337 12:00:03.360 0.000000 0.000000 0.000000 0.000000 -0.781388 0.128071 9.183494 -0.475528 -0.285317 -0.142658 -1.141268 0.000000 -0.190211
338 12:00:03.370 0.000000 0.000000 0.000000 0.000000 -0.715674 0.147174 9.132045 -0.466790 -0.280074 -0.140037 -1.120297 0.000000 -0.186716
339 12:00:03.380 0.000000 0.000000 0.000000 0.000000 -0.681771 0.189528 9.170436 -0.456773 -0.274064 -0.137032 -1.096255 0.000000 -0.182709
340 12:00:03.390 0.000000 0.000000 0.000000 0.000000 -0.736468 0.181808 9.176846 -0.445503 -0.267302 -0.133651 -1.069208 0.000000 -0.178201
341 12:00:03.400 0.000000 0.000000 0.000000 0.000000 -0.720821 0.207918 9.168953 -0.433013 -0.259808 -0.129904 -1.039230 0.000000 -0.173205
342 12:00:03.410 0.000000 0.000000 0.000000 0.000000 -0.718844 0.200027 9.236081 -0.419335 -0.251601 -0.125801 -1.006405 0.000000 -0.167734
343 12:00:03.420 0.000000 0.000000 0.000000 0.000000 -0.678361 0.224654 9.210449 -0.404508 -0.242705 -0.121353 -0.970820 0.000000 -0.161803
344 12:00:03.430 0.000000 0.000000 0.000000 0.000000 -0.612560 0.225986 9.272577 -0.388573 -0.233144 -0.116572 -0.932575 0.000000 -0.155429
345 12:00:03.440 0.000000 0.000000 0.000000 0.000000 -0.610320 0.259360 9.302844 -0.371572 -0.222943 -0.111472 -0.891774 0.000000 -0.148629
346 12:00:03.450 0.000000 0.000000 0.000000 0.000000 -0.593359 0.250798 9.288675 -0.353553 -0.212132 -0.106066 -0.848528 0.000000 -0.141421
347 12:00:03.460 0.000000 0.000000 0.000000 0.000000 -0.540388 0.266791 9.379338 -0.334565 -0.200739 -0.100370 -0.802957 0.000000 -0.133826
348 12:00:03.470 0.000000 0.000000 0.000000 0.000000 -0.521877 0.308886 9.313155 -0.314660 -0.188796 -0.094398 -0.755184 0.000000 -0.125864
349 12:00:03.480 0.000000 0.000000 0.000000 0.000000 -0.483785 0.301555 9.472452 -0.293893 -0.176336 -0.088168 -0.705342 0.000000 -0.117557
350 12:00:03.490 0.000000 0.000000 0.000000 0.000000 -0.429000 0.328956 9.445706 -0.272320 -0.163392 -0.081696 -0.653567 0.000000 -0.108928
351 12:00:03.500 0.000000 0.000000 0.000000 0.000000 -0.402004 0.371931 9.481330 -0.250000 -0.150000 -0.075000 -0.600000 0.000000 -0.100000
352 12:00:03.510 0.000000 0.000000 0.000000 0.000000 -0.386000 0.370535 9.509098 -0.226995 -0.136197 -0.068099 -0.544789 0.000000 -0.090798
353 12:00:03.520 0.000000 0.000000 0.000000 0.000000 -0.332071 0.381916 9.573341 -0.203368 -0.122021 -0.061010 -0.488084 0.000000 -0.081347
354 12:00:03.530 0.000000 0.000000 0.000000 0.000000 -0.295607 0.385395 9.603752 -0.179184 -0.107510 -0.053755 -0.430042 0.000000 -0.071674
355 12:00:03.540 0.000000 0.000000 0.000000 0.000000 -0.265111 0.401975 9.568006 -0.154508 -0.092705 -0.046353 -0.370820 0.000000 -0.061803
356 12:00:03.550 0.000000 0.000000 0.000000 0.000000 -0.211786 0.386593 9.607249 -0.129410 -0.077646 -0.038823 -0.310583 0.000000 -0.051764
357 12:00:03.560 0.000000 0.000000 0.000000 0.000000 -0.186194 0.402730 9.698616 -0.103956 -0.062374 -0.031187 -0.249494 0.000000 -0.041582
358 12:00:03.570 0.000000 0.000000 0.000000 0.000000 -0.140651 0.424019 9.690113 -0.078217 -0.046930 -0.023465 -0.187721 0.000000 -0.031287
359 12:00:03.580 0.000000 0.000000 0.000000 0.000000 -0.110489 0.385458 9.686803 -0.052264 -0.031359 -0.015679 -0.125434 0.000000 -0.020906
360 12:00:03.590 0.000000 0.000000 0.000000 0.000000 -0.022940 0.384220 9.768392 -0.026168 -0.015701 -0.007850 -0.062803 0.000000 -0.010467
361 12:00:03.600 1.821682 77.361074 0.000000 0.196912 0.035952 0.402597 9.800982 0.000000 0.000000 0.000000 0.000000 0.000000 0.000000
362 12:00:03.610 0.000000 92.398226 0.000000 1.691528 0.055628 0.352541 9.869681 0.026168 0.015701 0.007850 0.062803 0.000000 0.010467
363 12:00:03.620 0.000000 106.951521 0.000000 0.154771 0.075060 0.401507 9.849941 0.052264 0.031359 0.015679 0.125434 0.000000 0.020906
364 12:00:03.630 0.474472 123.548635 0.000000 1.222243 0.150345 0.405522 9.934929 0.078217 0.046930 0.023465 0.187721 0.000000 0.031287
365 12:00:03.640 0.000000 141.198005 0.000000 0.859538 0.185800 0.388554 9.935104 0.103956 0.062374 0.031187 0.249494 0.000000 0.041582
366 12:00:03.650 0.000000 155.354226 0.000000 1.268041 0.207447 0.387494 10.041735 0.129410 0.077646 0.038823 0.310583 0.000000 0.051764
367 12:00:03.660 2.374127 169.522259 0.000000 0.000000 0.221139 0.346602 10.034898 0.154508 0.092705 0.046353 0.370820 0.000000 0.061803
368 12:00:03.670 0.309296 182.799043 0.000000 1.150184 0.288329 0.378298 10.048953 0.179184 0.107510 0.053755 0.430042 0.000000 0.071674
369 12:00:03.680 0.000000 194.768537 0.000000 0.000000 0.322120 0.396310 10.057982 0.203368 0.122021 0.061010 0.488084 0.000000 0.081347
370 12:00:03.690 1.184652 204.692589 0.000000 2.288843 0.386026 0.351795 10.111829 0.226995 0.136197 0.068099 0.544789 0.000000 0.090798
371 12:00:03.700 0.611028 207.803676 0.000000 0.625600 0.394590 0.342441 10.227035 0.250000 0.150000 0.075000 0.600000 0.000000 0.100000
372 12:00:03.710 1.068920 211.507370 0.000000 0.000000 0.441200 0.303316 10.172001 0.272320 0.163392 0.081696 0.653567 0.000000 0.108928
373 12:00:03.720 0.039093 209.428624 0.000000 0.000000 0.458429 0.316995 10.117552 0.293893 0.176336 0.088168 0.705342 0.000000 0.117557
374 12:00:03.730 0.053486 202.304948 0.000000 0.796345 0.486790 0.285472 10.236105 0.314660 0.188796 0.094398 0.755184 0.000000 0.125864
375 12:00:03.740 0.000000 196.131926 0.000000 1.130924 0.544880 0.289540 10.266710 0.334565 0.200739 0.100370 0.802957 0.000000 0.133826
376 12:00:03.750 0.000000 184.038540 0.000000 0.000000 0.575517 0.245727 10.269063 0.353553 0.212132 0.106066 0.848528 0.000000 0.141421
377 12:00:03.760 1.386338 171.175180 0.000000 0.000000 0.576101 0.297043 10.331275 0.371572 0.222943 0.111472 0.891774 0.000000 0.148629
378 12:00:03.770 1.499565 153.206184 0.000000 0.922939 0.625397 0.247173 10.356133 0.388573 0.233144 0.116572 0.932575 0.000000 0.155429
379 12:00:03.780 0.730801 140.015819 0.000000 1.197977 0.656089 0.280194 10.353414 0.404508 0.242705 0.121353 0.970820 0.000000 0.161803
380 12:00:03.790 0.425233 122.836566 0.000000 1.593178 0.649134 0.206623 10.374885 0.419335 0.251601 0.125801 1.006405 0.000000 0.167734
381 12:00:03.800 0.000000 108.382681 0.000000 1.754125 0.661299 0.183017 10.481033 0.433013 0.259808 0.129904 1.039230 0.000000 0.173205
382 12:00:03.810 3.367353 90.132981 0.000000 3.846712 0.728553 0.136035 10.376917 0.445503 0.267302 0.133651 1.069208 0.000000 0.178201
383 12:00:03.820 3.087996 77.202425 0.000000 3.338127 0.764759 0.171676 10.405197 0.456773 0.274064 0.137032 1.096255 0.000000 0.182709
384 12:00:03.830 4.463042 63.239191 0.000000 5.595530 0.736199 0.122799 10.434191 0.466790 0.280074 0.140037 1.120297 0.000000 0.186716
385 12:00:03.840 4.320071 52.147520 0.000000 6.164834 0.779200 0.126616 10.470068 0.475528 0.285317 0.142658 1.141268 0.000000 0.190211
386 12:00:03.850 7.826269 40.918875 0.000000 7.090643 0.788219 0.108644 10.453478 0.482963 0.289778 0.144889 1.159111 0.000000 0.193185
387 12:00:03.860 8.527531 31.435292 0.000000 10.402468 0.785905 0.078941 10.528219 0.489074 0.293444 0.146722 1.173777 0.000000 0.195630
388 12:00:03.870 10.976977 24.551997 0.000000 12.555527 0.801897 0.051345 10.508822 0.493844 0.296307 0.148153 1.185226 0.000000 0.197538
389 12:00:03.880 12.304105 18.463324 0.000000 15.104444 0.817397 0.063615 10.492666 0.497261 0.298357 0.149178 1.193426 0.000000 0.198904
390 12:00:03.890 17.243773 13.207277 0.000000 18.432655 0.802880 0.001971 10.490157 0.499315 0.299589 0.149794 1.198355 0.000000 0.199726
391 12:00:03.900 21.069947 9.833912 0.000000 21.460380 0.820089 0.039694 10.519830 0.500000 0.300000 0.150000 1.200000 0.000000 0.200000
392 12:00:03.910 23.492204 5.751415 0.000000 26.271075 0.813253 -0.024976 10.526861 0.499315 0.299589 0.149794 1.198355 0.000000 0.199726
393 12:00:03.920 27.428122 4.725822 0.000000 32.746076 0.762349 -0.042875 10.511128 0.497261 0.298357 0.149178 1.193426 0.000000 0.198904
394 12:00:03.930 33.557538 4.199856 0.000000 38.113475 0.792552 -0.076193 10.515065 0.493844 0.296307 0.148153 1.185226 0.000000 0.197538
395 12:00:03.940 37.657363 3.499287 0.000000 43.769844 0.776423 -0.095231 10.468372 0.489074 0.293444 0.146722 1.173777 0.000000 0.195630
396 12:00:03.950 41.945799 2.117201 0.000000 49.032232 0.774589 -0.090876 10.531222 0.482963 0.289778 0.144889 1.159111 0.000000 0.193185
397 12:00:03.960 49.371634 2.357805 0.000000 56.120770 0.758314 -0.145866 10.450660 0.475528 0.285317 0.142658 1.141268 0.000000 0.190211
398 12:00:03.970 57.059063 0.000000 0.000000 62.976094 0.748573 -0.140960 10.424612 0.466790 0.280074 0.140037 1.120297 0.000000 0.186716
399 12:00:03.980 60.251329 0.000000 0.000000 68.325815 0.723832 -0.192164 10.484662 0.456773 0.274064 0.137032 1.096255 0.000000 0.182709
400 12:00:03.990 65.892499 0.000000 0.000000 74.842487 0.721585 -0.189321 10.450648 0.445503 0.267302 0.133651 1.069208 0.000000 0.178201
401 12:00:04.000 70.959395 0.002628 0.000000 79.486876 0.716558 -0.214371 10.452539 0.433013 0.259808 0.129904 1.039230 0.000000 0.173205
402 12:00:04.010 76.511011 0.000000 0.000000 84.970608 0.653574 -0.240091 10.397575 0.419335 0.251601 0.125801 1.006405 0.000000 0.167734
403 12:00:04.020 79.702247 0.000000 0.000000 89.373342 0.661060 -0.230027 10.377165 0.404508 0.242705 0.121353 0.970820 0.000000 0.161803
404 12:00:04.030 83.292581 0.461122 0.000000 92.809732 0.631045 -0.246947 10.350845 0.388573 0.233144 0.116572 0.932575 0.000000 0.155429
405 12:00:04.040 88.247619 2.556886 0.000000 97.688309 0.564254 -0.241958 10.300692 0.371572 0.222943 0.111472 0.891774 0.000000 0.148629
406 12:00:04.050 87.450169 0.000000 0.000000 97.488272 0.565555 -0.258992 10.302365 0.353553 0.212132 0.106066 0.848528 0.000000 0.141421
407 12:00:04.060 89.812747 0.000000 0.000000 99.613287 0.540328 -0.293884 10.333276 0.334565 0.200739 0.100370 0.802957 0.000000 0.133826
408 12:00:04.070 88.095033 0.000000 0.000000 97.380328 0.512033 -0.312798 10.243249 0.314660 0.188796 0.094398 0.755184 0.000000 0.125864
409 12:00:04.080 86.753401 0.000000 0.000000 98.362512 0.488022 -0.333224 10.189559 0.293893 0.176336 0.088168 0.705342 0.000000 0.117557
410 12:00:04.090 87.077094 1.178412 0.000000 96.984864 0.401540 -0.365562 10.219303 0.272320 0.163392 0.081696 0.653567 0.000000 0.108928
411 12:00:04.100 82.861086 0.362438 0.000000 94.958015 0.394251 -0.338805 10.131599 0.250000 0.150000 0.075000 0.600000 0.000000 0.100000
412 12:00:04.110 78.202276 0.000000 0.000000 89.387074 0.340734 -0.355319 10.169667 0.226995 0.136197 0.068099 0.544789 0.000000 0.090798
413 12:00:04.120 75.781382 1.577518 0.000000 83.821512 0.328082 -0.340532 10.136081 0.203368 0.122021 0.061010 0.488084 0.000000 0.081347
414 12:00:04.130 70.173545 0.000000 0.000000 76.381868 0.275487 -0.374052 10.042277 0.179184 0.107510 0.053755 0.430042 0.000000 0.071674
415 12:00:04.140 63.058318 0.085439 0.000000 73.192388 0.256848 -0.327463 10.007122 0.154508 0.092705 0.046353 0.370820 0.000000 0.061803
416 12:00:04.150 58.098747 0.000000 0.000000 65.973705 0.193635 -0.376940 10.006867 0.129410 0.077646 0.038823 0.310583 0.000000 0.051764
417 12:00:04.160 54.077608 0.902207 0.000000 60.074451 0.164072 -0.382104 9.936091 0.103956 0.062374 0.031187 0.249494 0.000000 0.041582
418 12:00:04.170 48.691341 0.000000 0.000000 53.122084 0.116393 -0.398331 9.881746 0.078217 0.046930 0.023465 0.187721 0.000000 0.031287
419 12:00:04.180 42.765089 0.409333 0.000000 45.293139 0.104312 -0.403562 9.883857 0.052264 0.031359 0.015679 0.125434 0.000000 0.020906
420 12:00:04.190 39.071885 0.000000 0.000000 42.144134 0.059015 -0.418997 9.846189 0.026168 0.015701 0.007850 0.062803 0.000000 0.010467
421 12:00:04.200 30.791012 1.139121 0.000000 35.835967 -0.014070 -0.414418 9.798222 0.000000 0.000000 0.000000 0.000000 0.000000 0.000000
422 12:00:04.210 26.828916 1.472818 0.000000 29.416635 -0.035504 -0.400830 9.751227 -0.026168 -0.015701 -0.007850 -0.062803 0.000000 -0.010467
423 12:00:04.220 0.000000 0.000000 0.000000 0.000000 -0.087696 -0.394580 9.749064 -0.052264 -0.031359 -0.015679 -0.125434 0.000000 -0.020906
424 12:00:04.230 0.000000 0.000000 0.000000 0.000000 -0.099196 -0.383430 9.714344 -0.078217 -0.046930 -0.023465 -0.187721 0.000000 -0.031287
425 12:00:04.240 0.000000 0.000000 0.000000 0.000000 -0.159144 -0.414229 9.646432 -0.103956 -0.062374 -0.031187 -0.249494 0.000000 -0.041582
426 12:00:04.250 0.000000 0.000000 0.000000 0.000000 -0.216062 -0.393600 9.623073 -0.129410 -0.077646 -0.038823 -0.310583 0.000000 -0.051764
427 12:00:04.260 0.000000 0.000000 0.000000 0.000000 -0.254718 -0.417077 9.591725 -0.154508 -0.092705 -0.046353 -0.370820 0.000000 -0.061803
428 12:00:04.270 0.000000 0.000000 0.000000 0.000000 -0.278149 -0.376560 9.620279 -0.179184 -0.107510 -0.053755 -0.430042 0.000000 -0.071674
429 12:00:04.280 0.000000 0.000000 0.000000 0.000000 -0.286131 -0.375067 9.497749 -0.203368 -0.122021 -0.061010 -0.488084 0.000000 -0.081347
430 12:00:04.290 0.000000 0.000000 0.000000 0.000000 -0.394074 -0.316554 9.517220 -0.226995 -0.136197 -0.068099 -0.544789 0.000000 -0.090798
431 12:00:04.300 0.000000 0.000000 0.000000 0.000000 -0.436348 -0.357295 9.428611 -0.250000 -0.150000 -0.075000 -0.600000 0.000000 -0.100000
432 12:00:04.310 0.000000 0.000000 0.000000 0.000000 -0.429316 -0.350218 9.416567 -0.272320 -0.163392 -0.081696 -0.653567 0.000000 -0.108928
433 12:00:04.320 0.000000 0.000000 0.000000 0.000000 -0.471801 -0.338119 9.400126 -0.293893 -0.176336 -0.088168 -0.705342 0.000000 -0.117557
434 12:00:04.330 0.000000 0.000000 0.000000 0.000000 -0.506367 -0.308820 9.336101 -0.314660 -0.188796 -0.094398 -0.755184 0.000000 -0.125864
435 12:00:04.340 0.000000 0.000000 0.000000 0.000000 -0.533331 -0.314972 9.329652 -0.334565 -0.200739 -0.100370 -0.802957 0.000000 -0.133826
436 12:00:04.350 0.000000 0.000000 0.000000 0.000000 -0.560969 -0.278379 9.297365 -0.353553 -0.212132 -0.106066 -0.848528 0.000000 -0.141421
437 12:00:04.360 0.000000 0.000000 0.000000 0.000000 -0.574382 -0.290418 9.299777 -0.371572 -0.222943 -0.111472 -0.891774 0.000000 -0.148629
438 12:00:04.370 0.000000 0.000000 0.000000 0.000000 -0.635191 -0.246012 9.214464 -0.388573 -0.233144 -0.116572 -0.932575 0.000000 -0.155429
439 12:00:04.380 0.000000 0.000000 0.000000 0.000000 -0.648883 -0.223814 9.196973 -0.404508 -0.242705 -0.121353 -0.970820 0.000000 -0.161803
440 12:00:04.390 0.000000 0.000000 0.000000 0.000000 -0.655863 -0.215814 9.223443 -0.419335 -0.251601 -0.125801 -1.006405 0.000000 -0.167734
441 12:00:04.400 0.000000 0.000000 0.000000 0.000000 -0.680022 -0.179887 9.145610 -0.433013 -0.259808 -0.129904 -1.039230 0.000000 -0.173205
442 12:00:04.410 0.000000 0.000000 0.000000 0.000000 -0.707461 -0.214591 9.198084 -0.445503 -0.267302 -0.133651 -1.069208 0.000000 -0.178201
443 12:00:04.420 0.000000 0.000000 0.000000 0.000000 -0.728039 -0.135456 9.151459 -0.456773 -0.274064 -0.137032 -1.096255 0.000000 -0.182709
444 12:00:04.430 0.000000 0.000000 0.000000 0.000000 -0.778658 -0.150651 9.209791 -0.466790 -0.280074 -0.140037 -1.120297 0.000000 -0.186716
445 12:00:04.440 0.000000 0.000000 0.000000 0.000000 -0.760766 -0.126163 9.144899 -0.475528 -0.285317 -0.142658 -1.141268 0.000000 -0.190211
446 12:00:04.450 0.000000 0.000000 0.000000 0.000000 -0.763206 -0.100239 9.180431 -0.482963 -0.289778 -0.144889 -1.159111 0.000000 -0.193185
447 12:00:04.460 0.000000 0.000000 0.000000 0.000000 -0.791097 -0.042635 9.101062 -0.489074 -0.293444 -0.146722 -1.173777 0.000000 -0.195630
448 12:00:04.470 0.000000 0.000000 0.000000 0.000000 -0.780729 -0.059143 9.148929 -0.493844 -0.296307 -0.148153 -1.185226 0.000000 -0.197538
449 12:00:04.480 0.000000 0.000000 0.000000 0.000000 -0.808811 0.020865 9.122999 -0.497261 -0.298357 -0.149178 -1.193426 0.000000 -0.198904
450 12:00:04.490 0.000000 0.000000 0.000000 0.000000 -0.799497 0.000722 9.051377 -0.499315 -0.299589 -0.149794 -1.198355 0.000000 -0.199726
451 12:00:04.500 0.000000 0.000000 0.000000 0.000000 -0.823479 -0.033420 9.058071 -0.500000 -0.300000 -0.150000 -1.200000 0.000000 -0.200000
452 12:00:04.510 0.000000 0.000000 0.000000 0.000000 -0.819879 0.037522 9.103764 -0.499315 -0.299589 -0.149794 -1.198355 0.000000 -0.199726
453 12:00:04.520 0.000000 0.000000 0.000000 0.000000 -0.781957 0.030041 9.130327 -0.497261 -0.298357 -0.149178 -1.193426 0.000000 -0.198904
454 12:00:04.530 0.000000 0.000000 0.000000 0.000000 -0.770586 0.114970 9.110061 -0.493844 -0.296307 -0.148153 -1.185226 0.000000 -0.197538
455 12:00:04.540 0.000000 0.000000 0.000000 0.000000 -0.755506 0.080399 9.117299 -0.489074 -0.293444 -0.146722 -1.173777 0.000000 -0.195630
456 12:00:04.550 0.000000 0.000000 0.000000 0.000000 -0.786957 0.114710 9.135663 -0.482963 -0.289778 -0.144889 -1.159111 0.000000 -0.193185
457 12:00:04.560 0.000000 0.000000 0.000000 0.000000 -0.727617 0.142698 9.117646 -0.475528 -0.285317 -0.142658 -1.141268 0.000000 -0.190211
458 12:00:04.570 0.000000 0.000000 0.000000 0.000000 -0.752550 0.133766 9.145254 -0.466790 -0.280074 -0.140037 -1.120297 0.000000 -0.186716
459 12:00:04.580 0.000000 0.000000 0.000000 0.000000 -0.726576 0.184724 9.193435 -0.456773 -0.274064 -0.137032 -1.096255 0.000000 -0.182709
460 12:00:04.590 0.000000 0.000000 0.000000 0.000000 -0.713099 0.195579 9.206649 -0.445503 -0.267302 -0.133651 -1.069208 0.000000 -0.178201
461 12:00:04.600 0.000000 0.000000 0.000000 0.000000 -0.687488 0.205280 9.219526 -0.433013 -0.259808 -0.129904 -1.039230 0.000000 -0.173205
462 12:00:04.610 0.000000 0.000000 0.000000 0.000000 -0.668262 0.249926 9.218271 -0.419335 -0.251601 -0.125801 -1.006405 0.000000 -0.167734
463 12:00:04.620 0.000000 0.000000 0.000000 0.000000 -0.647047 0.228059 9.240409 -0.404508 -0.242705 -0.121353 -0.970820 0.000000 -0.161803
464 12:00:04.630 0.000000 0.000000 0.000000 0.000000 -0.661111 0.249165 9.263893 -0.388573 -0.233144 -0.116572 -0.932575 0.000000 -0.155429
465 12:00:04.640 0.000000 0.000000 0.000000 0.000000 -0.604364 0.296849 9.288848 -0.371572 -0.222943 -0.111472 -0.891774 0.000000 -0.148629
466 12:00:04.650 0.000000 0.000000 0.000000 0.000000 -0.574721 0.272778 9.282519 -0.353553 -0.212132 -0.106066 -0.848528 0.000000 -0.141421
467 12:00:04.660 0.000000 0.000000 0.000000 0.000000 -0.488019 0.266811 9.354640 -0.334565 -0.200739 -0.100370 -0.802957 0.000000 -0.133826
468 12:00:04.670 0.000000 0.000000 0.000000 0.000000 -0.507379 0.314577 9.397086 -0.314660 -0.188796 -0.094398 -0.755184 0.000000 -0.125864
469 12:00:04.680 0.000000 0.000000 0.000000 0.000000 -0.466125 0.336821 9.338176 -0.293893 -0.176336 -0.088168 -0.705342 0.000000 -0.117557
470 12:00:04.690 0.000000 0.000000 0.000000 0.000000 -0.450183 0.340813 9.396505 -0.272320 -0.163392 -0.081696 -0.653567 0.000000 -0.108928
471 12:00:04.700 0.000000 0.000000 0.000000 0.000000 -0.420366 0.387107 9.469330 -0.250000 -0.150000 -0.075000 -0.600000 0.000000 -0.100000
472 12:00:04.710 0.000000 0.000000 0.000000 0.000000 -0.367138 0.351733 9.531213 -0.226995 -0.136197 -0.068099 -0.544789 0.000000 -0.090798
473 12:00:04.720 0.000000 0.000000 0.000000 0.000000 -0.313746 0.333720 9.520938 -0.203368 -0.122021 -0.061010 -0.488084 0.000000 -0.081347
474 12:00:04.730 0.000000 0.000000 0.000000 0.000000 -0.261833 0.357542 9.551251 -0.179184 -0.107510 -0.053755 -0.430042 0.000000 -0.071674
475 12:00:04.740 0.000000 0.000000 0.000000 0.000000 -0.254575 0.376272 9.575367 -0.154508 -0.092705 -0.046353 -0.370820 0.000000 -0.061803
476 12:00:04.750 0.000000 0.000000 0.000000 0.000000 -0.185976 0.371846 9.634534 -0.129410 -0.077646 -0.038823 -0.310583 0.000000 -0.051764
477 12:00:04.760 0.000000 0.000000 0.000000 0.000000 -0.140463 0.387315 9.643529 -0.103956 -0.062374 -0.031187 -0.249494 0.000000 -0.041582
478 12:00:04.770 0.000000 0.000000 0.000000 0.000000 -0.145160 0.386295 9.680387 -0.078217 -0.046930 -0.023465 -0.187721 0.000000 -0.031287
479 12:00:04.780 0.000000 0.000000 0.000000 0.000000 -0.107553 0.414300 9.774365 -0.052264 -0.031359 -0.015679 -0.125434 0.000000 -0.020906
480 12:00:04.790 0.000000 0.000000 0.000000 0.000000 -0.029258 0.416801 9.747735 -0.026168 -0.015701 -0.007850 -0.062803 0.000000 -0.010467
481 12:00:04.800 0.000000 78.332692 0.000000 0.345594 0.020934 0.411542 9.753079 0.000000 0.000000 0.000000 0.000000 0.000000 0.000000
482 12:00:04.810 0.487923 92.290135 0.000000 0.987546 0.022084 0.402123 9.881514 0.026168 0.015701 0.007850 0.062803 0.000000 0.010467
483 12:00:04.820 0.000000 107.400526 0.000000 0.705398 0.078894 0.367306 9.865709 0.052264 0.031359 0.015679 0.125434 0.000000 0.020906
484 12:00:04.830 0.036004 124.612760 0.000000 0.997810 0.124376 0.406368 9.893453 0.078217 0.046930 0.023465 0.187721 0.000000 0.031287
485 12:00:04.840 0.000000 139.796229 0.000000 0.000000 0.176519 0.378736 9.973076 0.103956 0.062374 0.031187 0.249494 0.000000 0.041582
486 12:00:04.850 0.000000 156.263100 0.000000 0.766923 0.214371 0.390179 9.995319 0.129410 0.077646 0.038823 0.310583 0.000000 0.051764
487 12:00:04.860 0.000000 171.332529 0.000000 0.771280 0.261586 0.390124 10.011185 0.154508 0.092705 0.046353 0.370820 0.000000 0.061803
488 12:00:04.870 0.000000 183.120366 0.000000 1.212936 0.270853 0.365343 10.028423 0.179184 0.107510 0.053755 0.430042 0.000000 0.071674
489 12:00:04.880 0.000000 195.683050 0.000000 0.000000 0.304615 0.315300 10.126793 0.203368 0.122021 0.061010 0.488084 0.000000 0.081347
490 12:00:04.890 0.000000 202.895806 0.000000 0.000000 0.400782 0.381958 10.141083 0.226995 0.136197 0.068099 0.544789 0.000000 0.090798
491 12:00:04.900 0.380407 209.152404 0.000000 0.000000 0.400331 0.314545 10.106859 0.250000 0.150000 0.075000 0.600000 0.000000 0.100000
492 12:00:04.910 0.363669 208.510101 0.000000 0.000000 0.445264 0.313617 10.205204 0.272320 0.163392 0.081696 0.653567 0.000000 0.108928
493 12:00:04.920 1.263915 207.296753 0.000000 0.000000 0.464554 0.303516 10.289193 0.293893 0.176336 0.088168 0.705342 0.000000 0.117557
494 12:00:04.930 0.000000 203.200409 0.000000 0.000000 0.520526 0.334534 10.260058 0.314660 0.188796 0.094398 0.755184 0.000000 0.125864
495 12:00:04.940 1.383243 195.548076 0.000000 1.330996 0.580315 0.274557 10.270651 0.334565 0.200739 0.100370 0.802957 0.000000 0.133826
496 12:00:04.950 0.507940 185.234641 0.000000 0.000000 0.590127 0.278351 10.307389 0.353553 0.212132 0.106066 0.848528 0.000000 0.141421
497 12:00:04.960 0.567050 171.204734 0.000000 0.379336 0.624915 0.250102 10.384043 0.371572 0.222943 0.111472 0.891774 0.000000 0.148629
498 12:00:04.970 1.981744 155.622007 0.000000 3.169071 0.596771 0.284633 10.298259 0.388573 0.233144 0.116572 0.932575 0.000000 0.155429
499 12:00:04.980 0.317217 140.005068 0.000000 0.514237 0.621356 0.242565 10.372137 0.404508 0.242705 0.121353 0.970820 0.000000 0.161803
500 12:00:04.990 1.232138 122.517141 0.000000 0.366463 0.703843 0.220621 10.391512 0.419335 0.251601 0.125801 1.006405 0.000000 0.167734
501 12:00:05.000 2.344387 108.179333 0.000000 0.537031 0.706568 0.187495 10.482732 0.433013 0.259808 0.129904 1.039230 0.000000 0.173205
502 12:00:05.010 2.762089 91.950690 0.000000 1.741440 0.682110 0.194497 10.475902 0.445503 0.267302 0.133651 1.069208 0.000000 0.178201
503 12:00:05.020 4.118193 78.327857 0.000000 2.579738 0.739845 0.145828 10.475797 0.456773 0.274064 0.137032 1.096255 0.000000 0.182709
504 12:00:05.030 4.688491 63.803710 0.000000 5.447457 0.766496 0.126080 10.456730 0.466790 0.280074 0.140037 1.120297 0.000000 0.186716
505 12:00:05.040 6.256942 53.314954 0.000000 6.304050 0.732243 0.147048 10.484656 0.475528 0.285317 0.142658 1.141268 0.000000 0.190211
506 12:00:05.050 7.978792 39.461546 0.000000 7.273675 0.750218 0.114063 10.510409 0.482963 0.289778 0.144889 1.159111 0.000000 0.193185
507 12:00:05.060 6.645416 31.880832 0.000000 10.541870 0.802254 0.066671 10.470077 0.489074 0.293444 0.146722 1.173777 0.000000 0.195630
508 12:00:05.070 11.353510 24.465533 0.000000 11.427453 0.800905 0.038359 10.493678 0.493844 0.296307 0.148153 1.185226 0.000000 0.197538
509 12:00:05.080 14.041897 18.665651 0.000000 16.423833 0.796110 0.034932 10.516209 0.497261 0.298357 0.149178 1.193426 0.000000 0.198904
510 12:00:05.090 17.454863 13.438335 0.000000 18.487843 0.818921 0.022235 10.500146 0.499315 0.299589 0.149794 1.198355 0.000000 0.199726
511 12:00:05.100 19.085739 10.146427 0.000000 22.122299 0.806366 0.024927 10.489916 0.500000 0.300000 0.150000 1.200000 0.000000 0.200000
512 12:00:05.110 23.562968 8.872200 0.000000 26.287584 0.786152 -0.002302 10.508328 0.499315 0.299589 0.149794 1.198355 0.000000 0.199726
513 12:00:05.120 29.121906 7.146769 0.000000 30.662624 0.792439 -0.049103 10.502426 0.497261 0.298357 0.149178 1.193426 0.000000 0.198904
514 12:00:05.130 32.927082 2.426379 0.000000 37.221603 0.785366 -0.073149 10.498497 0.493844 0.296307 0.148153 1.185226 0.000000 0.197538
515 12:00:05.140 39.756619 2.506300 0.000000 42.473354 0.776673 -0.087284 10.509250 0.489074 0.293444 0.146722 1.173777 0.000000 0.195630
516 12:00:05.150 43.132676 2.421429 0.000000 49.481546 0.785361 -0.110330 10.455437 0.482963 0.289778 0.144889 1.159111 0.000000 0.193185
517 12:00:05.160 48.124129 1.461681 0.000000 57.130891 0.767070 -0.107500 10.552149 0.475528 0.285317 0.142658 1.141268 0.000000 0.190211
518 12:00:05.170 53.646044 1.565596 0.000000 62.756374 0.740014 -0.126322 10.454380 0.466790 0.280074 0.140037 1.120297 0.000000 0.186716
519 12:00:05.180 62.555268 1.703174 0.000000 69.102259 0.773705 -0.153652 10.395351 0.456773 0.274064 0.137032 1.096255 0.000000 0.182709
520 12:00:05.190 66.579164 0.000000 0.000000 73.502919 0.711048 -0.175583 10.503225 0.445503 0.267302 0.133651 1.069208 0.000000 0.178201
521 12:00:05.200 70.889769 0.000000 0.000000 81.285096 0.705233 -0.201830 10.387218 0.433013 0.259808 0.129904 1.039230 0.000000 0.173205
522 12:00:05.210 75.706301 0.178382 0.000000 84.984640 0.664084 -0.254395 10.457753 0.419335 0.251601 0.125801 1.006405 0.000000 0.167734
523 12:00:05.220 81.446106 0.000000 0.000000 89.626379 0.640307 -0.224250 10.377707 0.404508 0.242705 0.121353 0.970820 0.000000 0.161803
524 12:00:05.230 83.446796 1.088175 0.000000 92.789448 0.578332 -0.265519 10.347516 0.388573 0.233144 0.116572 0.932575 0.000000 0.155429
525 12:00:05.240 86.434162 0.254068 0.000000 97.176642 0.612832 -0.234425 10.309400 0.371572 0.222943 0.111472 0.891774 0.000000 0.148629
526 12:00:05.250 88.623006 0.000000 0.000000 99.488815 0.565891 -0.285369 10.331165 0.353553 0.212132 0.106066 0.848528 0.000000 0.141421
527 12:00:05.260 89.739817 0.000000 0.000000 101.243687 0.495523 -0.321184 10.283036 0.334565 0.200739 0.100370 0.802957 0.000000 0.133826
528 12:00:05.270 88.086419 0.547572 0.000000 99.967512 0.505375 -0.313084 10.250560 0.314660 0.188796 0.094398 0.755184 0.000000 0.125864
529 12:00:05.280 88.678299 0.000000 0.000000 99.838963 0.457233 -0.375832 10.211004 0.293893 0.176336 0.088168 0.705342 0.000000 0.117557
530 12:00:05.290 85.187333 0.000000 0.000000 97.750945 0.453181 -0.337109 10.247109 0.272320 0.163392 0.081696 0.653567 0.000000 0.108928
531 12:00:05.300 82.803015 1.724639 0.000000 93.071935 0.417344 -0.347467 10.148838 0.250000 0.150000 0.075000 0.600000 0.000000 0.100000
532 12:00:05.310 79.951349 0.000000 0.000000 88.889910 0.367009 -0.345992 10.080595 0.226995 0.136197 0.068099 0.544789 0.000000 0.090798
533 12:00:05.320 74.957700 0.000000 0.000000 84.147150 0.319117 -0.363078 10.077280 0.203368 0.122021 0.061010 0.488084 0.000000 0.081347
534 12:00:05.330 67.771273 0.000000 0.000000 78.516356 0.276888 -0.360202 10.050255 0.179184 0.107510 0.053755 0.430042 0.000000 0.071674
535 12:00:05.340 65.229559 0.000000 0.000000 72.342981 0.204807 -0.360700 9.905250 0.154508 0.092705 0.046353 0.370820 0.000000 0.061803
536 12:00:05.350 58.871746 0.000000 0.000000 67.648769 0.181593 -0.378283 10.034567 0.129410 0.077646 0.038823 0.310583 0.000000 0.051764
537 12:00:05.360 53.311029 0.000000 0.000000 59.336281 0.169759 -0.365389 9.958407 0.103956 0.062374 0.031187 0.249494 0.000000 0.041582
538 12:00:05.370 48.357464 0.078851 0.000000 51.956449 0.120856 -0.387261 9.916318 0.078217 0.046930 0.023465 0.187721 0.000000 0.031287
539 12:00:05.380 41.464752 0.000000 0.000000 49.034434 0.130061 -0.420810 9.904723 0.052264 0.031359 0.015679 0.125434 0.000000 0.020906
540 12:00:05.390 38.036396 0.000000 0.000000 41.242073 0.048366 -0.410790 9.874881 0.026168 0.015701 0.007850 0.062803 0.000000 0.010467
541 12:00:05.400 30.261439 0.047604 0.000000 35.667645 -0.039170 -0.438590 9.828143 0.000000 0.000000 0.000000 0.000000 0.000000 0.000000
542 12:00:05.410 26.358091 0.122451 0.000000 29.936418 -0.027153 -0.409437 9.769891 -0.026168 -0.015701 -0.007850 -0.062803 0.000000 -0.010467
543 12:00:05.420 0.000000 0.000000 0.000000 0.000000 -0.104536 -0.411841 9.761060 -0.052264 -0.031359 -0.015679 -0.125434 0.000000 -0.020906
544 12:00:05.430 0.000000 0.000000 0.000000 0.000000 -0.105886 -0.360601 9.700215 -0.078217 -0.046930 -0.023465 -0.187721 0.000000 -0.031287
545 12:00:05.440 0.000000 0.000000 0.000000 0.000000 -0.171126 -0.349872 9.666126 -0.103956 -0.062374 -0.031187 -0.249494 0.000000 -0.041582
546 12:00:05.450 0.000000 0.000000 0.000000 0.000000 -0.266165 -0.369753 9.609963 -0.129410 -0.077646 -0.038823 -0.310583 0.000000 -0.051764
547 12:00:05.460 0.000000 0.000000 0.000000 0.000000 -0.224446 -0.411987 9.614137 -0.154508 -0.092705 -0.046353 -0.370820 0.000000 -0.061803
548 12:00:05.470 0.000000 0.000000 0.000000 0.000000 -0.273165 -0.365002 9.554691 -0.179184 -0.107510 -0.053755 -0.430042 0.000000 -0.071674
549 12:00:05.480 0.000000 0.000000 0.000000 0.000000 -0.337394 -0.378089 9.549486 -0.203368 -0.122021 -0.061010 -0.488084 0.000000 -0.081347
550 12:00:05.490 0.000000 0.000000 0.000000 0.000000 -0.331492 -0.344708 9.458702 -0.226995 -0.136197 -0.068099 -0.544789 0.000000 -0.090798
551 12:00:05.500 0.000000 0.000000 0.000000 0.000000 -0.415922 -0.335895 9.446949 -0.250000 -0.150000 -0.075000 -0.600000 0.000000 -0.100000
552 12:00:05.510 0.000000 0.000000 0.000000 0.000000 -0.439691 -0.280678 9.488838 -0.272320 -0.163392 -0.081696 -0.653567 0.000000 -0.108928
553 12:00:05.520 0.000000 0.000000 0.000000 0.000000 -0.481133 -0.321773 9.411990 -0.293893 -0.176336 -0.088168 -0.705342 0.000000 -0.117557
554 12:00:05.530 0.000000 0.000000 0.000000 0.000000 -0.509069 -0.340992 9.363245 -0.314660 -0.188796 -0.094398 -0.755184 0.000000 -0.125864
555 12:00:05.540 0.000000 0.000000 0.000000 0.000000 -0.528819 -0.323421 9.381450 -0.334565 -0.200739 -0.100370 -0.802957 0.000000 -0.133826
556 12:00:05.550 0.000000 0.000000 0.000000 0.000000 -0.556720 -0.313712 9.285882 -0.353553 -0.212132 -0.106066 -0.848528 0.000000 -0.141421
557 12:00:05.560 0.000000 0.000000 0.000000 0.000000 -0.578673 -0.262609 9.294263 -0.371572 -0.222943 -0.111472 -0.891774 0.000000 -0.148629
558 12:00:05.570 0.000000 0.000000 0.000000 0.000000 -0.639985 -0.237607 9.306159 -0.388573 -0.233144 -0.116572 -0.932575 0.000000 -0.155429
559 12:00:05.580 0.000000 0.000000 0.000000 0.000000 -0.684660 -0.234123 9.262748 -0.404508 -0.242705 -0.121353 -0.970820 0.000000 -0.161803
560 12:00:05.590 0.000000 0.000000 0.000000 0.000000 -0.660391 -0.240401 9.254922 -0.419335 -0.251601 -0.125801 -1.006405 0.000000 -0.167734
561 12:00:05.600 0.000000 0.000000 0.000000 0.000000 -0.706845 -0.221840 9.208039 -0.433013 -0.259808 -0.129904 -1.039230 0.000000 -0.173205
562 12:00:05.610 0.000000 0.000000 0.000000 0.000000 -0.692077 -0.176444 9.198218 -0.445503 -0.267302 -0.133651 -1.069208 0.000000 -0.178201
563 12:00:05.620 0.000000 0.000000 0.000000 0.000000 -0.706447 -0.173862 9.101183 -0.456773 -0.274064 -0.137032 -1.096255 0.000000 -0.182709
564 12:00:05.630 0.000000 0.000000 0.000000 0.000000 -0.740620 -0.095279 9.143109 -0.466790 -0.280074 -0.140037 -1.120297 0.000000 -0.186716
565 12:00:05.640 0.000000 0.000000 0.000000 0.000000 -0.725296 -0.121878 9.174563 -0.475528 -0.285317 -0.142658 -1.141268 0.000000 -0.190211
566 12:00:05.650 0.000000 0.000000 0.000000 0.000000 -0.761360 -0.109768 9.106293 -0.482963 -0.289778 -0.144889 -1.159111 0.000000 -0.193185
567 12:00:05.660 0.000000 0.000000 0.000000 0.000000 -0.788153 -0.087041 9.138408 -0.489074 -0.293444 -0.146722 -1.173777 0.000000 -0.195630
568 12:00:05.670 0.000000 0.000000 0.000000 0.000000 -0.763811 -0.061693 9.111117 -0.493844 -0.296307 -0.148153 -1.185226 0.000000 -0.197538
569 12:00:05.680 0.000000 0.000000 0.000000 0.000000 -0.791918 -0.034882 9.164570 -0.497261 -0.298357 -0.149178 -1.193426 0.000000 -0.198904
570 12:00:05.690 0.000000 0.000000 0.000000 0.000000 -0.810407 -0.018586 9.016368 -0.499315 -0.299589 -0.149794 -1.198355 0.000000 -0.199726
571 12:00:05.700 0.000000 0.000000 0.000000 0.000000 -0.788407 -0.016835 9.080054 -0.500000 -0.300000 -0.150000 -1.200000 0.000000 -0.200000
572 12:00:05.710 0.000000 0.000000 0.000000 0.000000 -0.787390 0.026762 9.185590 -0.499315 -0.299589 -0.149794 -1.198355 0.000000 -0.199726
573 12:00:05.720 0.000000 0.000000 0.000000 0.000000 -0.779499 0.070076 9.042177 -0.497261 -0.298357 -0.149178 -1.193426 0.000000 -0.198904
574 12:00:05.730 0.000000 0.000000 0.000000 0.000000 -0.803497 0.014153 9.111360 -0.493844 -0.296307 -0.148153 -1.185226 0.000000 -0.197538
575 12:00:05.740 0.000000 0.000000 0.000000 0.000000 -0.744200 0.093643 9.159877 -0.489074 -0.293444 -0.146722 -1.173777 0.000000 -0.195630
576 12:00:05.750 0.000000 0.000000 0.000000 0.000000 -0.780746 0.106596 9.160478 -0.482963 -0.289778 -0.144889 -1.159111 0.000000 -0.193185
577 12:00:05.760 0.000000 0.000000 0.000000 0.000000 -0.755342 0.136362 9.171644 -0.475528 -0.285317 -0.142658 -1.141268 0.000000 -0.190211
578 12:00:05.770 0.000000 0.000000 0.000000 0.000000 -0.731584 0.174630 9.136966 -0.466790 -0.280074 -0.140037 -1.120297 0.000000 -0.186716
579 12:00:05.780 0.000000 0.000000 0.000000 0.000000 -0.744426 0.164551 9.166032 -0.456773 -0.274064 -0.137032 -1.096255 0.000000 -0.182709
580 12:00:05.790 0.000000 0.000000 0.000000 0.000000 -0.723475 0.146483 9.149048 -0.445503 -0.267302 -0.133651 -1.069208 0.000000 -0.178201
581 12:00:05.800 0.000000 0.000000 0.000000 0.000000 -0.703412 0.196468 9.234096 -0.433013 -0.259808 -0.129904 -1.039230 0.000000 -0.173205
582 12:00:05.810 0.000000 0.000000 0.000000 0.000000 -0.688603 0.239936 9.262594 -0.419335 -0.251601 -0.125801 -1.006405 0.000000 -0.167734
583 12:00:05.820 0.000000 0.000000 0.000000 0.000000 -0.650344 0.231540 9.267601 -0.404508 -0.242705 -0.121353 -0.970820 0.000000 -0.161803
584 12:00:05.830 0.000000 0.000000 0.000000 0.000000 -0.626304 0.237676 9.287445 -0.388573 -0.233144 -0.116572 -0.932575 0.000000 -0.155429
585 12:00:05.840 0.000000 0.000000 0.000000 0.000000 -0.570989 0.283499 9.252021 -0.371572 -0.222943 -0.111472 -0.891774 0.000000 -0.148629
586 12:00:05.850 0.000000 0.000000 0.000000 0.000000 -0.540014 0.262768 9.313311 -0.353553 -0.212132 -0.106066 -0.848528 0.000000 -0.141421
587 12:00:05.860 0.000000 0.000000 0.000000 0.000000 -0.558351 0.307036 9.375696 -0.334565 -0.200739 -0.100370 -0.802957 0.000000 -0.133826
588 12:00:05.870 0.000000 0.000000 0.000000 0.000000 -0.450332 0.288932 9.387811 -0.314660 -0.188796 -0.094398 -0.755184 0.000000 -0.125864
589 12:00:05.880 0.000000 0.000000 0.000000 0.000000 -0.460524 0.345868 9.428980 -0.293893 -0.176336 -0.088168 -0.705342 0.000000 -0.117557
590 12:00:05.890 0.000000 0.000000 0.000000 0.000000 -0.436766 0.355730 9.465360 -0.272320 -0.163392 -0.081696 -0.653567 0.000000 -0.108928
591 12:00:05.900 0.000000 0.000000 0.000000 0.000000 -0.401981 0.323114 9.468506 -0.250000 -0.150000 -0.075000 -0.600000 0.000000 -0.100000
592 12:00:05.910 0.000000 0.000000 0.000000 0.000000 -0.342546 0.360945 9.471544 -0.226995 -0.136197 -0.068099 -0.544789 0.000000 -0.090798
593 12:00:05.920 0.000000 0.000000 0.000000 0.000000 -0.336199 0.374635 9.522962 -0.203368 -0.122021 -0.061010 -0.488084 0.000000 -0.081347
594 12:00:05.930 0.000000 0.000000 0.000000 0.000000 -0.298729 0.374669 9.514356 -0.179184 -0.107510 -0.053755 -0.430042 0.000000 -0.071674
595 12:00:05.940 0.000000 0.000000 0.000000 0.000000 -0.251672 0.378993 9.593242 -0.154508 -0.092705 -0.046353 -0.370820 0.000000 -0.061803
596 12:00:05.950 0.000000 0.000000 0.000000 0.000000 -0.231001 0.390901 9.636121 -0.129410 -0.077646 -0.038823 -0.310583 0.000000 -0.051764
597 12:00:05.960 0.000000 0.000000 0.000000 0.000000 -0.179637 0.402452 9.693434 -0.103956 -0.062374 -0.031187 -0.249494 0.000000 -0.041582
598 12:00:05.970 0.000000 0.000000 0.000000 0.000000 -0.160078 0.404716 9.740648 -0.078217 -0.046930 -0.023465 -0.187721 0.000000 -0.031287
599 12:00:05.980 0.000000 0.000000 0.000000 0.000000 -0.068260 0.364052 9.679309 -0.052264 -0.031359 -0.015679 -0.125434 0.000000 -0.020906
600 12:00:05.990 0.000000 0.000000 0.000000 0.000000 -0.043437 0.406902 9.754249 -0.026168 -0.015701 -0.007850 -0.062803 0.000000 -0.010467
601 12:00:06.000 0.590586 76.889126 0.000000 1.472240 -0.015703 0.380995 9.783350 0.000000 0.000000 0.000000 0.000000 0.000000 0.000000
602 12:00:06.010 0.000000 91.507187 0.000000 1.152289 0.026190 0.431842 9.805873 0.026168 0.015701 0.007850 0.062803 0.000000 0.010467
603 12:00:06.020 0.692681 109.403924 0.000000 2.152275 0.093326 0.385603 9.838888 0.052264 0.031359 0.015679 0.125434 0.000000 0.020906
604 12:00:06.030 0.000000 122.696904 0.000000 0.000000 0.126194 0.406566 9.922247 0.078217 0.046930 0.023465 0.187721 0.000000 0.031287
605 12:00:06.040 0.140299 140.098656 0.000000 1.532354 0.147139 0.363735 9.944446 0.103956 0.062374 0.031187 0.249494 0.000000 0.041582
606 12:00:06.050 0.535374 155.335314 0.000000 0.969781 0.230680 0.367483 9.981969 0.129410 0.077646 0.038823 0.310583 0.000000 0.051764
607 12:00:06.060 1.058556 172.444307 0.000000 1.132439 0.278955 0.384823 9.968199 0.154508 0.092705 0.046353 0.370820 0.000000 0.061803
608 12:00:06.070 0.460471 183.344781 0.000000 0.611273 0.261772 0.369334 10.069367 0.179184 0.107510 0.053755 0.430042 0.000000 0.071674
609 12:00:06.080 0.000000 194.450412 0.000000 0.359871 0.328271 0.344505 10.087735 0.203368 0.122021 0.061010 0.488084 0.000000 0.081347
610 12:00:06.090 0.454045 203.928784 0.000000 0.877727 0.399959 0.376102 10.136833 0.226995 0.136197 0.068099 0.544789 0.000000 0.090798
611 12:00:06.100 0.000000 210.354808 0.000000 0.603887 0.428314 0.364844 10.215742 0.250000 0.150000 0.075000 0.600000 0.000000 0.100000
612 12:00:06.110 1.180188 211.048855 0.000000 0.000000 0.421898 0.317590 10.170685 0.272320 0.163392 0.081696 0.653567 0.000000 0.108928
613 12:00:06.120 1.865691 208.450515 0.000000 0.191658 0.475170 0.331752 10.190176 0.293893 0.176336 0.088168 0.705342 0.000000 0.117557
614 12:00:06.130 0.000000 202.135298 0.000000 1.466201 0.489139 0.349375 10.247665 0.314660 0.188796 0.094398 0.755184 0.000000 0.125864
615 12:00:06.140 1.575725 193.291825 0.000000 1.421031 0.518357 0.302852 10.323861 0.334565 0.200739 0.100370 0.802957 0.000000 0.133826
616 12:00:06.150 0.282424 182.554400 0.000000 0.000000 0.576709 0.289986 10.291610 0.353553 0.212132 0.106066 0.848528 0.000000 0.141421
617 12:00:06.160 0.782135 169.596329 0.000000 0.650615 0.559662 0.291551 10.269050 0.371572 0.222943 0.111472 0.891774 0.000000 0.148629
618 12:00:06.170 1.221590 155.963203 0.000000 1.530806 0.613220 0.252290 10.363546 0.388573 0.233144 0.116572 0.932575 0.000000 0.155429
619 12:00:06.180 0.939719 139.135670 0.000000 1.766200 0.634058 0.216133 10.335249 0.404508 0.242705 0.121353 0.970820 0.000000 0.161803
620 12:00:06.190 1.284242 121.074037 0.000000 1.930556 0.659189 0.223530 10.365369 0.419335 0.251601 0.125801 1.006405 0.000000 0.167734
621 12:00:06.200 0.540124 105.399554 0.000000 0.806661 0.682870 0.193103 10.479910 0.433013 0.259808 0.129904 1.039230 0.000000 0.173205
622 12:00:06.210 2.406888 90.123816 0.000000 2.683457 0.724260 0.206097 10.431832 0.445503 0.267302 0.133651 1.069208 0.000000 0.178201
623 12:00:06.220 1.346816 76.234311 0.000000 6.035859 0.721505 0.177035 10.416056 0.456773 0.274064 0.137032 1.096255 0.000000 0.182709
624 12:00:06.230 3.267806 64.115936 0.000000 4.614363 0.770745 0.162335 10.444943 0.466790 0.280074 0.140037 1.120297 0.000000 0.186716
625 12:00:06.240 6.493779 51.092122 0.000000 5.995760 0.760859 0.117628 10.464420 0.475528 0.285317 0.142658 1.141268 0.000000 0.190211
626 12:00:06.250 7.371314 41.722845 0.000000 9.359193 0.781229 0.087184 10.466204 0.482963 0.289778 0.144889 1.159111 0.000000 0.193185
627 12:00:06.260 10.021203 31.952470 0.000000 8.554713 0.783602 0.074300 10.489837 0.489074 0.293444 0.146722 1.173777 0.000000 0.195630
628 12:00:06.270 12.261452 24.041938 0.000000 12.935101 0.752822 0.044499 10.482406 0.493844 0.296307 0.148153 1.185226 0.000000 0.197538
629 12:00:06.280 14.269810 19.200608 0.000000 15.258802 0.805076 0.035957 10.524266 0.497261 0.298357 0.149178 1.193426 0.000000 0.198904
630 12:00:06.290 18.316979 13.451884 0.000000 18.197163 0.799554 0.032740 10.501142 0.499315 0.299589 0.149794 1.198355 0.000000 0.199726
631 12:00:06.300 20.257953 10.165622 0.000000 22.803329 0.816155 0.024847 10.533712 0.500000 0.300000 0.150000 1.200000 0.000000 0.200000
632 12:00:06.310 25.827782 8.155786 0.000000 25.906308 0.826680 -0.032719 10.498534 0.499315 0.299589 0.149794 1.198355 0.000000 0.199726
633 12:00:06.320 27.627171 6.276178 0.000000 32.059115 0.809355 -0.049610 10.506901 0.497261 0.298357 0.149178 1.193426 0.000000 0.198904
634 12:00:06.330 33.780513 3.898465 0.000000 38.237382 0.768634 -0.105057 10.550995 0.493844 0.296307 0.148153 1.185226 0.000000 0.197538
635 12:00:06.340 38.021966 4.596802 0.000000 43.804940 0.753366 -0.094653 10.494826 0.489074 0.293444 0.146722 1.173777 0.000000 0.195630
636 12:00:06.350 43.533292 2.624019 0.000000 49.304838 0.792401 -0.091998 10.466949 0.482963 0.289778 0.144889 1.159111 0.000000 0.193185
637 12:00:06.360 48.779766 0.720362 0.000000 55.928443 0.784251 -0.135533 10.467406 0.475528 0.285317 0.142658 1.141268 0.000000 0.190211
638 12:00:06.370 55.760142 1.345597 0.000000 62.028215 0.752154 -0.136320 10.422850 0.466790 0.280074 0.140037 1.120297 0.000000 0.186716
639 12:00:06.380 61.168687 1.754573 0.000000 67.814019 0.738939 -0.131164 10.458222 0.456773 0.274064 0.137032 1.096255 0.000000 0.182709
640 12:00:06.390 64.861693 0.496084 0.000000 74.524174 0.674313 -0.189850 10.377523 0.445503 0.267302 0.133651 1.069208 0.000000 0.178201
641 12:00:06.400 72.681373 0.000000 0.000000 80.205304 0.687202 -0.195689 10.488816 0.433013 0.259808 0.129904 1.039230 0.000000 0.173205
642 12:00:06.410 75.787192 0.170726 0.000000 84.465492 0.686870 -0.216923 10.389667 0.419335 0.251601 0.125801 1.006405 0.000000 0.167734
643 12:00:06.420 80.877260 0.000000 0.000000 92.206485 0.634553 -0.227568 10.417107 0.404508 0.242705 0.121353 0.970820 0.000000 0.161803
644 12:00:06.430 83.742825 1.861764 0.000000 95.336409 0.591863 -0.263379 10.328993 0.388573 0.233144 0.116572 0.932575 0.000000 0.155429
645 12:00:06.440 84.485264 0.987950 0.000000 96.178254 0.595544 -0.287128 10.346760 0.371572 0.222943 0.111472 0.891774 0.000000 0.148629
646 12:00:06.450 87.506843 0.380213 0.000000 99.461961 0.558586 -0.251692 10.302747 0.353553 0.212132 0.106066 0.848528 0.000000 0.141421
647 12:00:06.460 91.122415 1.158263 0.000000 99.749677 0.483484 -0.262106 10.289097 0.334565 0.200739 0.100370 0.802957 0.000000 0.133826
648 12:00:06.470 90.255908 0.358273 0.000000 100.381087 0.498683 -0.326929 10.267879 0.314660 0.188796 0.094398 0.755184 0.000000 0.125864
649 12:00:06.480 86.216060 0.000000 0.000000 99.796825 0.464739 -0.328093 10.245838 0.293893 0.176336 0.088168 0.705342 0.000000 0.117557
650 12:00:06.490 85.402276 0.000000 0.000000 96.961374 0.441955 -0.310690 10.148336 0.272320 0.163392 0.081696 0.653567 0.000000 0.108928
651 12:00:06.500 82.736187 1.008753 0.000000 93.132217 0.379980 -0.370955 10.131956 0.250000 0.150000 0.075000 0.600000 0.000000 0.100000
652 12:00:06.510 79.517865 0.659616 0.000000 89.025637 0.381118 -0.351331 10.146604 0.226995 0.136197 0.068099 0.544789 0.000000 0.090798
653 12:00:06.520 73.182035 0.000000 0.000000 84.393789 0.275347 -0.369737 10.066821 0.203368 0.122021 0.061010 0.488084 0.000000 0.081347
654 12:00:06.530 72.988234 0.736193 0.000000 78.489047 0.317756 -0.419994 10.085237 0.179184 0.107510 0.053755 0.430042 0.000000 0.071674
655 12:00:06.540 64.522447 0.117398 0.000000 73.423396 0.248049 -0.354550 10.048179 0.154508 0.092705 0.046353 0.370820 0.000000 0.061803
656 12:00:06.550 58.203948 0.085935 0.000000 66.074132 0.233390 -0.403273 9.979335 0.129410 0.077646 0.038823 0.310583 0.000000 0.051764
657 12:00:06.560 52.853514 0.000000 0.000000 60.024856 0.171237 -0.410064 9.930397 0.103956 0.062374 0.031187 0.249494 0.000000 0.041582
658 12:00:06.570 48.146452 0.670226 0.000000 52.634476 0.159499 -0.403782 9.914640 0.078217 0.046930 0.023465 0.187721 0.000000 0.031287
659 12:00:06.580 41.088048 0.000000 0.000000 46.048814 0.129713 -0.402546 9.813676 0.052264 0.031359 0.015679 0.125434 0.000000 0.020906
660 12:00:06.590 37.454009 0.304194 0.000000 44.891330 0.043012 -0.388819 9.808250 0.026168 0.015701 0.007850 0.062803 0.000000 0.010467
661 12:00:06.600 31.040090 0.000000 0.000000 35.402188 0.045832 -0.394791 9.834576 0.000000 0.000000 0.000000 0.000000 0.000000 0.000000
662 12:00:06.610 27.614554 0.550334 0.000000 30.748976 -0.029468 -0.383141 9.795837 -0.026168 -0.015701 -0.007850 -0.062803 0.000000 -0.010467
663 12:00:06.620 0.000000 0.000000 0.000000 0.000000 -0.087318 -0.404752 9.763891 -0.052264 -0.031359 -0.015679 -0.125434 0.000000 -0.020906
664 12:00:06.630 0.000000 0.000000 0.000000 0.000000 -0.121722 -0.393256 9.752463 -0.078217 -0.046930 -0.023465 -0.187721 0.000000 -0.031287
665 12:00:06.640 0.000000 0.000000 0.000000 0.000000 -0.135172 -0.370589 9.660389 -0.103956 -0.062374 -0.031187 -0.249494 0.000000 -0.041582
666 12:00:06.650 0.000000 0.000000 0.000000 0.000000 -0.221422 -0.371161 9.654247 -0.129410 -0.077646 -0.038823 -0.310583 0.000000 -0.051764
667 12:00:06.660 0.000000 0.000000 0.000000 0.000000 -0.197314 -0.357016 9.587097 -0.154508 -0.092705 -0.046353 -0.370820 0.000000 -0.061803
668 12:00:06.670 0.000000 0.000000 0.000000 0.000000 -0.281990 -0.367800 9.570423 -0.179184 -0.107510 -0.053755 -0.430042 0.000000 -0.071674
669 12:00:06.680 0.000000 0.000000 0.000000 0.000000 -0.308232 -0.389236 9.482479 -0.203368 -0.122021 -0.061010 -0.488084 0.000000 -0.081347
670 12:00:06.690 0.000000 0.000000 0.000000 0.000000 -0.358008 -0.369685 9.450790 -0.226995 -0.136197 -0.068099 -0.544789 0.000000 -0.090798
671 12:00:06.700 0.000000 0.000000 0.000000 0.000000 -0.382918 -0.363574 9.486465 -0.250000 -0.150000 -0.075000 -0.600000 0.000000 -0.100000
672 12:00:06.710 0.000000 0.000000 0.000000 0.000000 -0.431834 -0.308745 9.423369 -0.272320 -0.163392 -0.081696 -0.653567 0.000000 -0.108928
673 12:00:06.720 0.000000 0.000000 0.000000 0.000000 -0.468729 -0.330795 9.426313 -0.293893 -0.176336 -0.088168 -0.705342 0.000000 -0.117557
674 12:00:06.730 0.000000 0.000000 0.000000 0.000000 -0.497002 -0.309720 9.346484 -0.314660 -0.188796 -0.094398 -0.755184 0.000000 -0.125864
675 12:00:06.740 0.000000 0.000000 0.000000 0.000000 -0.562831 -0.295351 9.426052 -0.334565 -0.200739 -0.100370 -0.802957 0.000000 -0.133826
676 12:00:06.750 0.000000 0.000000 0.000000 0.000000 -0.531366 -0.270611 9.359272 -0.353553 -0.212132 -0.106066 -0.848528 0.000000 -0.141421
677 12:00:06.760 0.000000 0.000000 0.000000 0.000000 -0.592318 -0.287882 9.295125 -0.371572 -0.222943 -0.111472 -0.891774 0.000000 -0.148629
678 12:00:06.770 0.000000 0.000000 0.000000 0.000000 -0.644340 -0.231796 9.291607 -0.388573 -0.233144 -0.116572 -0.932575 0.000000 -0.155429
679 12:00:06.780 0.000000 0.000000 0.000000 0.000000 -0.671230 -0.246691 9.317445 -0.404508 -0.242705 -0.121353 -0.970820 0.000000 -0.161803
680 12:00:06.790 0.000000 0.000000 0.000000 0.000000 -0.686206 -0.245301 9.271117 -0.419335 -0.251601 -0.125801 -1.006405 0.000000 -0.167734
681 12:00:06.800 0.000000 0.000000 0.000000 0.000000 -0.709387 -0.215835 9.219862 -0.433013 -0.259808 -0.129904 -1.039230 0.000000 -0.173205
682 12:00:06.810 0.000000 0.000000 0.000000 0.000000 -0.725623 -0.208084 9.176265 -0.445503 -0.267302 -0.133651 -1.069208 0.000000 -0.178201
683 12:00:06.820 0.000000 0.000000 0.000000 0.000000 -0.718436 -0.175568 9.182564 -0.456773 -0.274064 -0.137032 -1.096255 0.000000 -0.182709
684 12:00:06.830 0.000000 0.000000 0.000000 0.000000 -0.760991 -0.162219 9.189068 -0.466790 -0.280074 -0.140037 -1.120297 0.000000 -0.186716
685 12:00:06.840 0.000000 0.000000 0.000000 0.000000 -0.776822 -0.087762 9.139101 -0.475528 -0.285317 -0.142658 -1.141268 0.000000 -0.190211
686 12:00:06.850 0.000000 0.000000 0.000000 0.000000 -0.779812 -0.114764 9.178511 -0.482963 -0.289778 -0.144889 -1.159111 0.000000 -0.193185
687 12:00:06.860 0.000000 0.000000 0.000000 0.000000 -0.784828 -0.073280 9.075931 -0.489074 -0.293444 -0.146722 -1.173777 0.000000 -0.195630
688 12:00:06.870 0.000000 0.000000 0.000000 0.000000 -0.786712 -0.053173 9.217775 -0.493844 -0.296307 -0.148153 -1.185226 0.000000 -0.197538
689 12:00:06.880 0.000000 0.000000 0.000000 0.000000 -0.796375 -0.081973 9.120599 -0.497261 -0.298357 -0.149178 -1.193426 0.000000 -0.198904
690 12:00:06.890 0.000000 0.000000 0.000000 0.000000 -0.821043 -0.002375 9.162675 -0.499315 -0.299589 -0.149794 -1.198355 0.000000 -0.199726
691 12:00:06.900 0.000000 0.000000 0.000000 0.000000 -0.766340 -0.015632 9.159473 -0.500000 -0.300000 -0.150000 -1.200000 0.000000 -0.200000
692 12:00:06.910 0.000000 0.000000 0.000000 0.000000 -0.807916 -0.004890 9.124289 -0.499315 -0.299589 -0.149794 -1.198355 0.000000 -0.199726
693 12:00:06.920 0.000000 0.000000 0.000000 0.000000 -0.790166 0.034229 9.121184 -0.497261 -0.298357 -0.149178 -1.193426 0.000000 -0.198904
694 12:00:06.930 0.000000 0.000000 0.000000 0.000000 -0.799979 0.076530 9.099925 -0.493844 -0.296307 -0.148153 -1.185226 0.000000 -0.197538
695 12:00:06.940 0.000000 0.000000 0.000000 0.000000 -0.790457 0.070680 9.127265 -0.489074 -0.293444 -0.146722 -1.173777 0.000000 -0.195630
696 12:00:06.950 0.000000 0.000000 0.000000 0.000000 -0.777543 0.085945 9.147200 -0.482963 -0.289778 -0.144889 -1.159111 0.000000 -0.193185
697 12:00:06.960 0.000000 0.000000 0.000000 0.000000 -0.740282 0.136047 9.123734 -0.475528 -0.285317 -0.142658 -1.141268 0.000000 -0.190211
698 12:00:06.970 0.000000 0.000000 0.000000 0.000000 -0.757593 0.120401 9.154759 -0.466790 -0.280074 -0.140037 -1.120297 0.000000 -0.186716
699 12:00:06.980 0.000000 0.000000 0.000000 0.000000 -0.768777 0.177434 9.208126 -0.456773 -0.274064 -0.137032 -1.096255 0.000000 -0.182709
700 12:00:06.990 0.000000 0.000000 0.000000 0.000000 -0.708564 0.171647 9.197355 -0.445503 -0.267302 -0.133651 -1.069208 0.000000 -0.178201
701 12:00:07.000 0.000000 0.000000 0.000000 0.000000 -0.699251 0.187185 9.228360 -0.433013 -0.259808 -0.129904 -1.039230 0.000000 -0.173205
702 12:00:07.010 0.000000 0.000000 0.000000 0.000000 -0.658902 0.215010 9.219565 -0.419335 -0.251601 -0.125801 -1.006405 0.000000 -0.167734
703 12:00:07.020 0.000000 0.000000 0.000000 0.000000 -0.639425 0.233500 9.276222 -0.404508 -0.242705 -0.121353 -0.970820 0.000000 -0.161803
704 12:00:07.030 0.000000 0.000000 0.000000 0.000000 -0.614725 0.298598 9.338788 -0.388573 -0.233144 -0.116572 -0.932575 0.000000 -0.155429
705 12:00:07.040 0.000000 0.000000 0.000000 0.000000 -0.604404 0.274920 9.310901 -0.371572 -0.222943 -0.111472 -0.891774 0.000000 -0.148629
706 12:00:07.050 0.000000 0.000000 0.000000 0.000000 -0.603632 0.293260 9.305898 -0.353553 -0.212132 -0.106066 -0.848528 0.000000 -0.141421
707 12:00:07.060 0.000000 0.000000 0.000000 0.000000 -0.512713 0.292043 9.354887 -0.334565 -0.200739 -0.100370 -0.802957 0.000000 -0.133826
708 12:00:07.070 0.000000 0.000000 0.000000 0.000000 -0.511078 0.341899 9.377905 -0.314660 -0.188796 -0.094398 -0.755184 0.000000 -0.125864
709 12:00:07.080 0.000000 0.000000 0.000000 0.000000 -0.481167 0.306509 9.344828 -0.293893 -0.176336 -0.088168 -0.705342 0.000000 -0.117557
710 12:00:07.090 0.000000 0.000000 0.000000 0.000000 -0.502002 0.331062 9.435294 -0.272320 -0.163392 -0.081696 -0.653567 0.000000 -0.108928
711 12:00:07.100 0.000000 0.000000 0.000000 0.000000 -0.398917 0.356888 9.475199 -0.250000 -0.150000 -0.075000 -0.600000 0.000000 -0.100000
712 12:00:07.110 0.000000 0.000000 0.000000 0.000000 -0.367437 0.351739 9.506505 -0.226995 -0.136197 -0.068099 -0.544789 0.000000 -0.090798
713 12:00:07.120 0.000000 0.000000 0.000000 0.000000 -0.312010 0.361231 9.499010 -0.203368 -0.122021 -0.061010 -0.488084 0.000000 -0.081347
714 12:00:07.130 0.000000 0.000000 0.000000 0.000000 -0.299874 0.357396 9.490879 -0.179184 -0.107510 -0.053755 -0.430042 0.000000 -0.071674
715 12:00:07.140 0.000000 0.000000 0.000000 0.000000 -0.259615 0.373416 9.548001 -0.154508 -0.092705 -0.046353 -0.370820 0.000000 -0.061803
716 12:00:07.150 0.000000 0.000000 0.000000 0.000000 -0.226915 0.398118 9.600550 -0.129410 -0.077646 -0.038823 -0.310583 0.000000 -0.051764
717 12:00:07.160 0.000000 0.000000 0.000000 0.000000 -0.170334 0.404903 9.685476 -0.103956 -0.062374 -0.031187 -0.249494 0.000000 -0.041582
718 12:00:07.170 0.000000 0.000000 0.000000 0.000000 -0.122599 0.382334 9.751961 -0.078217 -0.046930 -0.023465 -0.187721 0.000000 -0.031287
719 12:00:07.180 0.000000 0.000000 0.000000 0.000000 -0.081066 0.428646 9.742097 -0.052264 -0.031359 -0.015679 -0.125434 0.000000 -0.020906
720 12:00:07.190 0.000000 0.000000 0.000000 0.000000 -0.044343 0.398453 9.814546 -0.026168 -0.015701 -0.007850 -0.062803 0.000000 -0.010467
721 12:00:07.200 0.139910 77.351715 0.000000 0.000000 -0.013679 0.418694 9.795421 0.000000 0.000000 0.000000 0.000000 0.000000 0.000000
722 12:00:07.210 0.000000 92.402280 0.000000 1.308734 0.059929 0.335027 9.869227 0.026168 0.015701 0.007850 0.062803 0.000000 0.010467
723 12:00:07.220 1.477226 108.671853 0.000000 1.984089 0.117816 0.399678 9.855485 0.052264 0.031359 0.015679 0.125434 0.000000 0.020906
724 12:00:07.230 0.478259 123.548790 0.000000 0.000000 0.093444 0.374182 9.927423 0.078217 0.046930 0.023465 0.187721 0.000000 0.031287
725 12:00:07.240 0.283922 139.949061 0.000000 0.180758 0.159946 0.433141 9.940901 0.103956 0.062374 0.031187 0.249494 0.000000 0.041582
726 12:00:07.250 0.000000 155.262362 0.000000 0.000000 0.184594 0.359103 9.956895 0.129410 0.077646 0.038823 0.310583 0.000000 0.051764
727 12:00:07.260 0.000000 170.388213 0.000000 0.561451 0.204402 0.401837 10.010052 0.154508 0.092705 0.046353 0.370820 0.000000 0.061803
728 12:00:07.270 0.000000 183.083148 0.000000 0.483377 0.282532 0.389510 10.059364 0.179184 0.107510 0.053755 0.430042 0.000000 0.071674
729 12:00:07.280 0.000000 194.014125 0.000000 0.000000 0.365792 0.345434 10.071767 0.203368 0.122021 0.061010 0.488084 0.000000 0.081347
730 12:00:07.290 0.000000 203.407469 0.000000 0.000000 0.384291 0.363784 10.114181 0.226995 0.136197 0.068099 0.544789 0.000000 0.090798
731 12:00:07.300 0.628674 207.858317 0.000000 0.000000 0.396903 0.344636 10.175394 0.250000 0.150000 0.075000 0.600000 0.000000 0.100000
732 12:00:07.310 0.635514 208.774810 0.000000 0.761590 0.411753 0.314376 10.137646 0.272320 0.163392 0.081696 0.653567 0.000000 0.108928
733 12:00:07.320 0.000000 208.974899 0.000000 0.000000 0.481043 0.310718 10.215848 0.293893 0.176336 0.088168 0.705342 0.000000 0.117557
734 12:00:07.330 0.208141 203.984832 0.000000 0.460279 0.505555 0.300655 10.197253 0.314660 0.188796 0.094398 0.755184 0.000000 0.125864
735 12:00:07.340 0.000000 194.454506 0.000000 0.640604 0.553666 0.311536 10.291861 0.334565 0.200739 0.100370 0.802957 0.000000 0.133826
736 12:00:07.350 0.661260 184.351979 0.000000 0.467201 0.581913 0.276385 10.332000 0.353553 0.212132 0.106066 0.848528 0.000000 0.141421
737 12:00:07.360 0.798371 168.923036 0.000000 1.465293 0.609440 0.232193 10.351395 0.371572 0.222943 0.111472 0.891774 0.000000 0.148629
738 12:00:07.370 0.000000 154.442116 0.000000 0.000000 0.631512 0.249682 10.323219 0.388573 0.233144 0.116572 0.932575 0.000000 0.155429
739 12:00:07.380 1.617257 139.731716 0.000000 1.896637 0.663726 0.175886 10.321346 0.404508 0.242705 0.121353 0.970820 0.000000 0.161803
740 12:00:07.390 0.787655 123.389174 0.000000 3.146834 0.630747 0.202595 10.386323 0.419335 0.251601 0.125801 1.006405 0.000000 0.167734
741 12:00:07.400 1.374983 106.601579 0.000000 1.387497 0.697621 0.172895 10.430643 0.433013 0.259808 0.129904 1.039230 0.000000 0.173205
742 12:00:07.410 0.691915 91.089039 0.000000 3.529993 0.716656 0.160728 10.412744 0.445503 0.267302 0.133651 1.069208 0.000000 0.178201
743 12:00:07.420 3.950827 74.976445 0.000000 2.737155 0.757888 0.195690 10.419920 0.456773 0.274064 0.137032 1.096255 0.000000 0.182709
744 12:00:07.430 4.239174 63.555217 0.000000 5.053121 0.739802 0.134823 10.470121 0.466790 0.280074 0.140037 1.120297 0.000000 0.186716
745 12:00:07.440 5.013466 51.883009 0.000000 7.291489 0.742384 0.115072 10.438256 0.475528 0.285317 0.142658 1.141268 0.000000 0.190211
746 12:00:07.450 5.528099 40.741081 0.000000 6.671933 0.784482 0.131595 10.502338 0.482963 0.289778 0.144889 1.159111 0.000000 0.193185
747 12:00:07.460 8.438945 32.431618 0.000000 9.086137 0.762961 0.120525 10.472783 0.489074 0.293444 0.146722 1.173777 0.000000 0.195630
748 12:00:07.470 11.687702 24.026470 0.000000 11.696345 0.765585 0.016966 10.499543 0.493844 0.296307 0.148153 1.185226 0.000000 0.197538
749 12:00:07.480 12.169873 19.182616 0.000000 14.727584 0.778494 0.026093 10.519764 0.497261 0.298357 0.149178 1.193426 0.000000 0.198904
750 12:00:07.490 16.755431 16.090132 0.000000 18.790702 0.796818 0.016236 10.491727 0.499315 0.299589 0.149794 1.198355 0.000000 0.199726
751 12:00:07.500 22.142845 9.537051 0.000000 24.510695 0.800446 -0.005923 10.516983 0.500000 0.300000 0.150000 1.200000 0.000000 0.200000
752 12:00:07.510 25.345335 8.316494 0.000000 27.711953 0.802296 -0.046589 10.514118 0.499315 0.299589 0.149794 1.198355 0.000000 0.199726
753 12:00:07.520 27.877565 4.796929 0.000000 33.493289 0.779284 -0.051545 10.528456 0.497261 0.298357 0.149178 1.193426 0.000000 0.198904
754 12:00:07.530 33.758426 4.139720 0.000000 37.008358 0.831449 -0.052987 10.457913 0.493844 0.296307 0.148153 1.185226 0.000000 0.197538
755 12:00:07.540 38.084859 2.311682 0.000000 43.304837 0.799395 -0.092616 10.500933 0.489074 0.293444 0.146722 1.173777 0.000000 0.195630
756 12:00:07.550 45.153515 1.441414 0.000000 48.679175 0.785286 -0.122012 10.475156 0.482963 0.289778 0.144889 1.159111 0.000000 0.193185
757 12:00:07.560 47.235780 1.002699 0.000000 55.488148 0.755009 -0.073882 10.480422 0.475528 0.285317 0.142658 1.141268 0.000000 0.190211
758 12:00:07.570 56.295518 0.434432 0.000000 61.363409 0.724609 -0.110675 10.498001 0.466790 0.280074 0.140037 1.120297 0.000000 0.186716
759 12:00:07.580 61.485341 1.412751 0.000000 68.715630 0.742873 -0.159497 10.443993 0.456773 0.274064 0.137032 1.096255 0.000000 0.182709
760 12:00:07.590 67.218468 0.000000 0.000000 72.829740 0.712057 -0.186559 10.434129 0.445503 0.267302 0.133651 1.069208 0.000000 0.178201
761 12:00:07.600 71.855440 0.000000 0.000000 81.769437 0.703279 -0.226064 10.408071 0.433013 0.259808 0.129904 1.039230 0.000000 0.173205
762 12:00:07.610 76.420934 0.121285 0.000000 86.676020 0.680622 -0.225666 10.372999 0.419335 0.251601 0.125801 1.006405 0.000000 0.167734
763 12:00:07.620 80.859226 0.000000 0.000000 91.430895 0.607719 -0.250705 10.335252 0.404508 0.242705 0.121353 0.970820 0.000000 0.161803
764 12:00:07.630 82.575621 1.250982 0.000000 93.730331 0.657937 -0.238001 10.363977 0.388573 0.233144 0.116572 0.932575 0.000000 0.155429
765 12:00:07.640 86.693609 0.000000 0.000000 97.592987 0.618640 -0.271211 10.329463 0.371572 0.222943 0.111472 0.891774 0.000000 0.148629
766 12:00:07.650 87.283526 1.186171 0.000000 99.946294 0.596071 -0.256105 10.284487 0.353553 0.212132 0.106066 0.848528 0.000000 0.141421
767 12:00:07.660 91.185818 0.272936 0.000000 100.470989 0.561516 -0.318553 10.253418 0.334565 0.200739 0.100370 0.802957 0.000000 0.133826
768 12:00:07.670 87.729086 0.000000 0.000000 100.498451 0.501226 -0.319517 10.262833 0.314660 0.188796 0.094398 0.755184 0.000000 0.125864
769 12:00:07.680 88.218709 0.362935 0.000000 98.687570 0.458869 -0.329134 10.227293 0.293893 0.176336 0.088168 0.705342 0.000000 0.117557
770 12:00:07.690 86.896811 0.102445 0.000000 98.262257 0.422104 -0.334739 10.161253 0.272320 0.163392 0.081696 0.653567 0.000000 0.108928
771 12:00:07.700 81.376005 0.598787 0.000000 93.986737 0.405639 -0.341859 10.216809 0.250000 0.150000 0.075000 0.600000 0.000000 0.100000
772 12:00:07.710 77.383576 0.212308 0.000000 89.562371 0.379133 -0.369353 10.091486 0.226995 0.136197 0.068099 0.544789 0.000000 0.090798
773 12:00:07.720 75.214955 0.886740 0.000000 84.544418 0.363507 -0.349748 10.135873 0.203368 0.122021 0.061010 0.488084 0.000000 0.081347
774 12:00:07.730 69.335646 0.000000 0.000000 79.094146 0.291115 -0.379465 10.087386 0.179184 0.107510 0.053755 0.430042 0.000000 0.071674
775 12:00:07.740 65.045048 0.575526 0.000000 71.090498 0.258389 -0.399901 10.016068 0.154508 0.092705 0.046353 0.370820 0.000000 0.061803
776 12:00:07.750 59.202802 0.892537 0.000000 66.337117 0.230360 -0.373064 9.952587 0.129410 0.077646 0.038823 0.310583 0.000000 0.051764
777 12:00:07.760 53.435766 0.000000 0.000000 61.385913 0.174357 -0.372573 10.000524 0.103956 0.062374 0.031187 0.249494 0.000000 0.041582
778 12:00:07.770 48.672667 0.404033 0.000000 52.262618 0.141251 -0.377384 9.930836 0.078217 0.046930 0.023465 0.187721 0.000000 0.031287
779 12:00:07.780 42.720274 0.000000 0.000000 47.928849 0.076153 -0.417942 9.908586 0.052264 0.031359 0.015679 0.125434 0.000000 0.020906
780 12:00:07.790 36.703603 0.000000 0.000000 42.240911 0.052761 -0.411396 9.827520 0.026168 0.015701 0.007850 0.062803 0.000000 0.010467
781 12:00:07.800 32.342059 1.338193 0.000000 36.145645 -0.003355 -0.385952 9.745571 0.000000 0.000000 0.000000 0.000000 0.000000 0.000000
782 12:00:07.810 27.710633 0.000000 0.000000 30.873526 -0.038567 -0.405731 9.728710 -0.026168 -0.015701 -0.007850 -0.062803 0.000000 -0.010467
783 12:00:07.820 0.000000 0.000000 0.000000 0.000000 -0.053589 -0.417813 9.725856 -0.052264 -0.031359 -0.015679 -0.125434 0.000000 -0.020906
784 12:00:07.830 0.000000 0.000000 0.000000 0.000000 -0.120329 -0.411345 9.744606 -0.078217 -0.046930 -0.023465 -0.187721 0.000000 -0.031287
785 12:00:07.840 0.000000 0.000000 0.000000 0.000000 -0.139252 -0.390476 9.648390 -0.103956 -0.062374 -0.031187 -0.249494 0.000000 -0.041582
786 12:00:07.850 0.000000 0.000000 0.000000 0.000000 -0.200279 -0.398813 9.597906 -0.129410 -0.077646 -0.038823 -0.310583 0.000000 -0.051764
787 12:00:07.860 0.000000 0.000000 0.000000 0.000000 -0.257303 -0.385011 9.611691 -0.154508 -0.092705 -0.046353 -0.370820 0.000000 -0.061803
788 12:00:07.870 0.000000 0.000000 0.000000 0.000000 -0.282805 -0.367328 9.539705 -0.179184 -0.107510 -0.053755 -0.430042 0.000000 -0.071674
789 12:00:07.880 0.000000 0.000000 0.000000 0.000000 -0.368648 -0.373449 9.554526 -0.203368 -0.122021 -0.061010 -0.488084 0.000000 -0.081347
790 12:00:07.890 0.000000 0.000000 0.000000 0.000000 -0.390616 -0.363823 9.460389 -0.226995 -0.136197 -0.068099 -0.544789 0.000000 -0.090798
791 12:00:07.900 0.000000 0.000000 0.000000 0.000000 -0.431850 -0.325832 9.453652 -0.250000 -0.150000 -0.075000 -0.600000 0.000000 -0.100000
792 12:00:07.910 0.000000 0.000000 0.000000 0.000000 -0.443899 -0.334482 9.440068 -0.272320 -0.163392 -0.081696 -0.653567 0.000000 -0.108928
793 12:00:07.920 0.000000 0.000000 0.000000 0.000000 -0.470910 -0.323995 9.410625 -0.293893 -0.176336 -0.088168 -0.705342 0.000000 -0.117557
794 12:00:07.930 0.000000 0.000000 0.000000 0.000000 -0.516376 -0.293860 9.303157 -0.314660 -0.188796 -0.094398 -0.755184 0.000000 -0.125864
795 12:00:07.940 0.000000 0.000000 0.000000 0.000000 -0.518334 -0.289483 9.309890 -0.334565 -0.200739 -0.100370 -0.802957 0.000000 -0.133826
796 12:00:07.950 0.000000 0.000000 0.000000 0.000000 -0.553651 -0.272120 9.285652 -0.353553 -0.212132 -0.106066 -0.848528 0.000000 -0.141421
797 12:00:07.960 0.000000 0.000000 0.000000 0.000000 -0.573270 -0.282218 9.284335 -0.371572 -0.222943 -0.111472 -0.891774 0.000000 -0.148629
798 12:00:07.970 0.000000 0.000000 0.000000 0.000000 -0.626380 -0.254968 9.214995 -0.388573 -0.233144 -0.116572 -0.932575 0.000000 -0.155429
799 12:00:07.980 0.000000 0.000000 0.000000 0.000000 -0.653204 -0.263999 9.228583 -0.404508 -0.242705 -0.121353 -0.970820 0.000000 -0.161803
800 12:00:07.990 0.000000 0.000000 0.000000 0.000000 -0.672708 -0.265134 9.235097 -0.419335 -0.251601 -0.125801 -1.006405 0.000000 -0.167734
801 12:00:08.000 0.000000 0.000000 0.000000 0.000000 -0.687009 -0.169883 9.225058 -0.433013 -0.259808 -0.129904 -1.039230 0.000000 -0.173205
802 12:00:08.010 0.000000 0.000000 0.000000 0.000000 -0.713121 -0.147265 9.180573 -0.445503 -0.267302 -0.133651 -1.069208 0.000000 -0.178201
803 12:00:08.020 0.000000 0.000000 0.000000 0.000000 -0.718196 -0.159792 9.194016 -0.456773 -0.274064 -0.137032 -1.096255 0.000000 -0.182709
804 12:00:08.030 0.000000 0.000000 0.000000 0.000000 -0.726299 -0.149805 9.171110 -0.466790 -0.280074 -0.140037 -1.120297 0.000000 -0.186716
805 12:00:08.040 0.000000 0.000000 0.000000 0.000000 -0.764124 -0.115789 9.145341 -0.475528 -0.285317 -0.142658 -1.141268 0.000000 -0.190211
806 12:00:08.050 0.000000 0.000000 0.000000 0.000000 -0.733389 -0.079784 9.209493 -0.482963 -0.289778 -0.144889 -1.159111 0.000000 -0.193185
807 12:00:08.060 0.000000 0.000000 0.000000 0.000000 -0.749108 -0.059755 9.149874 -0.489074 -0.293444 -0.146722 -1.173777 0.000000 -0.195630
808 12:00:08.070 0.000000 0.000000 0.000000 0.000000 -0.810451 -0.061375 9.142896 -0.493844 -0.296307 -0.148153 -1.185226 0.000000 -0.197538
809 12:00:08.080 0.000000 0.000000 0.000000 0.000000 -0.826015 -0.032116 9.132496 -0.497261 -0.298357 -0.149178 -1.193426 0.000000 -0.198904
810 12:00:08.090 0.000000 0.000000 0.000000 0.000000 -0.800561 -0.012071 9.097908 -0.499315 -0.299589 -0.149794 -1.198355 0.000000 -0.199726
811 12:00:08.100 0.000000 0.000000 0.000000 0.000000 -0.793880 0.015196 9.128390 -0.500000 -0.300000 -0.150000 -1.200000 0.000000 -0.200000
812 12:00:08.110 0.000000 0.000000 0.000000 0.000000 -0.832181 0.002585 9.131998 -0.499315 -0.299589 -0.149794 -1.198355 0.000000 -0.199726
813 12:00:08.120 0.000000 0.000000 0.000000 0.000000 -0.814360 0.042523 9.106961 -0.497261 -0.298357 -0.149178 -1.193426 0.000000 -0.198904
814 12:00:08.130 0.000000 0.000000 0.000000 0.000000 -0.758615 0.048731 9.114224 -0.493844 -0.296307 -0.148153 -1.185226 0.000000 -0.197538
815 12:00:08.140 0.000000 0.000000 0.000000 0.000000 -0.791668 0.080511 9.096197 -0.489074 -0.293444 -0.146722 -1.173777 0.000000 -0.195630
816 12:00:08.150 0.000000 0.000000 0.000000 0.000000 -0.775073 0.077175 9.105899 -0.482963 -0.289778 -0.144889 -1.159111 0.000000 -0.193185
817 12:00:08.160 0.000000 0.000000 0.000000 0.000000 -0.750566 0.122098 9.114527 -0.475528 -0.285317 -0.142658 -1.141268 0.000000 -0.190211
818 12:00:08.170 0.000000 0.000000 0.000000 0.000000 -0.718884 0.125685 9.180783 -0.466790 -0.280074 -0.140037 -1.120297 0.000000 -0.186716
819 12:00:08.180 0.000000 0.000000 0.000000 0.000000 -0.764475 0.151070 9.186985 -0.456773 -0.274064 -0.137032 -1.096255 0.000000 -0.182709
820 12:00:08.190 0.000000 0.000000 0.000000 0.000000 -0.659000 0.156557 9.213133 -0.445503 -0.267302 -0.133651 -1.069208 0.000000 -0.178201
821 12:00:08.200 0.000000 0.000000 0.000000 0.000000 -0.672022 0.181613 9.227327 -0.433013 -0.259808 -0.129904 -1.039230 0.000000 -0.173205
822 12:00:08.210 0.000000 0.000000 0.000000 0.000000 -0.695271 0.229677 9.194692 -0.419335 -0.251601 -0.125801 -1.006405 0.000000 -0.167734
823 12:00:08.220 0.000000 0.000000 0.000000 0.000000 -0.643433 0.239837 9.210622 -0.404508 -0.242705 -0.121353 -0.970820 0.000000 -0.161803
824 12:00:08.230 0.000000 0.000000 0.000000 0.000000 -0.627762 0.261364 9.233359 -0.388573 -0.233144 -0.116572 -0.932575 0.000000 -0.155429
825 12:00:08.240 0.000000 0.000000 0.000000 0.000000 -0.583994 0.299789 9.312443 -0.371572 -0.222943 -0.111472 -0.891774 0.000000 -0.148629
826 12:00:08.250 0.000000 0.000000 0.000000 0.000000 -0.575885 0.301851 9.303518 -0.353553 -0.212132 -0.106066 -0.848528 0.000000 -0.141421
827 12:00:08.260 0.000000 0.000000 0.000000 0.000000 -0.532317 0.282818 9.328005 -0.334565 -0.200739 -0.100370 -0.802957 0.000000 -0.133826
828 12:00:08.270 0.000000 0.000000 0.000000 0.000000 -0.521604 0.321266 9.425960 -0.314660 -0.188796 -0.094398 -0.755184 0.000000 -0.125864
829 12:00:08.280 0.000000 0.000000 0.000000 0.000000 -0.509371 0.321352 9.430703 -0.293893 -0.176336 -0.088168 -0.705342 0.000000 -0.117557
830 12:00:08.290 0.000000 0.000000 0.000000 0.000000 -0.434139 0.327696 9.352187 -0.272320 -0.163392 -0.081696 -0.653567 0.000000 -0.108928
831 12:00:08.300 0.000000 0.000000 0.000000 0.000000 -0.389111 0.348305 9.488270 -0.250000 -0.150000 -0.075000 -0.600000 0.000000 -0.100000
832 12:00:08.310 0.000000 0.000000 0.000000 0.000000 -0.319578 0.377461 9.491870 -0.226995 -0.136197 -0.068099 -0.544789 0.000000 -0.090798
833 12:00:08.320 0.000000 0.000000 0.000000 0.000000 -0.346615 0.346693 9.496153 -0.203368 -0.122021 -0.061010 -0.488084 0.000000 -0.081347
834 12:00:08.330 0.000000 0.000000 0.000000 0.000000 -0.260722 0.372746 9.565515 -0.179184 -0.107510 -0.053755 -0.430042 0.000000 -0.071674
835 12:00:08.340 0.000000 0.000000 0.000000 0.000000 -0.248689 0.387265 9.546427 -0.154508 -0.092705 -0.046353 -0.370820 0.000000 -0.061803
836 12:00:08.350 0.000000 0.000000 0.000000 0.000000 -0.224356 0.366938 9.609163 -0.129410 -0.077646 -0.038823 -0.310583 0.000000 -0.051764
837 12:00:08.360 0.000000 0.000000 0.000000 0.000000 -0.156989 0.385089 9.725735 -0.103956 -0.062374 -0.031187 -0.249494 0.000000 -0.041582
838 12:00:08.370 0.000000 0.000000 0.000000 0.000000 -0.144186 0.406518 9.689612 -0.078217 -0.046930 -0.023465 -0.187721 0.000000 -0.031287
839 12:00:08.380 0.000000 0.000000 0.000000 0.000000 -0.076907 0.413374 9.713698 -0.052264 -0.031359 -0.015679 -0.125434 0.000000 -0.020906
840 12:00:08.390 0.000000 0.000000 0.000000 0.000000 -0.034713 0.405032 9.732018 -0.026168 -0.015701 -0.007850 -0.062803 0.000000 -0.010467
841 12:00:08.400 0.000000 77.925026 0.000000 0.000000 -0.024263 0.419795 9.808607 0.000000 0.000000 0.000000 0.000000 0.000000 0.000000
842 12:00:08.410 0.000000 93.161831 0.000000 0.000000 0.035528 0.380213 9.881370 0.026168 0.015701 0.007850 0.062803 0.000000 0.010467
843 12:00:08.420 0.000000 108.280991 0.000000 0.000000 0.096194 0.398965 9.877498 0.052264 0.031359 0.015679 0.125434 0.000000 0.020906
844 12:00:08.430 0.000000 124.656302 0.000000 0.856893 0.125713 0.380525 9.919283 0.078217 0.046930 0.023465 0.187721 0.000000 0.031287
845 12:00:08.440 0.000000 138.603085 0.000000 3.088879 0.174486 0.395512 9.990818 0.103956 0.062374 0.031187 0.249494 0.000000 0.041582
846 12:00:08.450 0.000000 155.540671 0.000000 0.434523 0.222509 0.393394 10.062288 0.129410 0.077646 0.038823 0.310583 0.000000 0.051764
847 12:00:08.460 0.000000 170.792396 0.000000 0.145980 0.242398 0.359795 10.008268 0.154508 0.092705 0.046353 0.370820 0.000000 0.061803
848 12:00:08.470 0.000000 184.734353 0.000000 0.000000 0.277472 0.383965 10.055983 0.179184 0.107510 0.053755 0.430042 0.000000 0.071674
849 12:00:08.480 0.000000 195.497933 0.000000 0.810214 0.264133 0.357142 10.071961 0.203368 0.122021 0.061010 0.488084 0.000000 0.081347
850 12:00:08.490 0.000000 203.336534 0.000000 0.000000 0.384721 0.343207 10.114912 0.226995 0.136197 0.068099 0.544789 0.000000 0.090798
851 12:00:08.500 0.000000 208.261001 0.000000 0.000000 0.431644 0.393375 10.156858 0.250000 0.150000 0.075000 0.600000 0.000000 0.100000
852 12:00:08.510 1.541071 212.112459 0.000000 0.000000 0.426151 0.307344 10.188470 0.272320 0.163392 0.081696 0.653567 0.000000 0.108928
853 12:00:08.520 0.000000 208.067118 0.000000 2.559815 0.444383 0.324052 10.206449 0.293893 0.176336 0.088168 0.705342 0.000000 0.117557
854 12:00:08.530 0.000000 202.468982 0.000000 0.000000 0.523722 0.279914 10.254041 0.314660 0.188796 0.094398 0.755184 0.000000 0.125864
855 12:00:08.540 2.239601 193.498875 0.000000 0.078060 0.553513 0.335320 10.310898 0.334565 0.200739 0.100370 0.802957 0.000000 0.133826
856 12:00:08.550 2.806949 183.674302 0.000000 1.204904 0.568577 0.263724 10.230876 0.353553 0.212132 0.106066 0.848528 0.000000 0.141421
857 12:00:08.560 1.997197 170.190406 0.000000 0.893065 0.563257 0.240210 10.271598 0.371572 0.222943 0.111472 0.891774 0.000000 0.148629
858 12:00:08.570 0.974322 156.267939 0.000000 0.453394 0.613194 0.287904 10.350281 0.388573 0.233144 0.116572 0.932575 0.000000 0.155429
859 12:00:08.580 0.511608 138.872268 0.000000 3.166001 0.632271 0.251336 10.313946 0.404508 0.242705 0.121353 0.970820 0.000000 0.161803
860 12:00:08.590 1.420692 123.862169 0.000000 2.104739 0.661648 0.215683 10.429854 0.419335 0.251601 0.125801 1.006405 0.000000 0.167734
861 12:00:08.600 2.338113 106.330957 0.000000 1.997571 0.678844 0.171619 10.433643 0.433013 0.259808 0.129904 1.039230 0.000000 0.173205
862 12:00:08.610 2.004343 91.081377 0.000000 3.044140 0.712233 0.193345 10.449828 0.445503 0.267302 0.133651 1.069208 0.000000 0.178201
863 12:00:08.620 3.944380 76.785099 0.000000 2.459298 0.720098 0.146790 10.474382 0.456773 0.274064 0.137032 1.096255 0.000000 0.182709
864 12:00:08.630 2.743574 62.554816 0.000000 5.407150 0.778010 0.145574 10.465202 0.466790 0.280074 0.140037 1.120297 0.000000 0.186716
865 12:00:08.640 5.445186 51.801121 0.000000 5.836025 0.727484 0.108586 10.440079 0.475528 0.285317 0.142658 1.141268 0.000000 0.190211
866 12:00:08.650 7.960933 41.087918 0.000000 7.409461 0.786869 0.099056 10.487961 0.482963 0.289778 0.144889 1.159111 0.000000 0.193185
867 12:00:08.660 9.025936 31.801931 0.000000 9.062205 0.792463 0.089218 10.492483 0.489074 0.293444 0.146722 1.173777 0.000000 0.195630
868 12:00:08.670 10.190169 25.328065 0.000000 11.282485 0.834578 0.084305 10.487565 0.493844 0.296307 0.148153 1.185226 0.000000 0.197538
869 12:00:08.680 12.849633 20.809216 0.000000 15.884067 0.785370 0.075306 10.570536 0.497261 0.298357 0.149178 1.193426 0.000000 0.198904
870 12:00:08.690 17.744283 13.858031 0.000000 19.055379 0.812248 0.079138 10.519923 0.499315 0.299589 0.149794 1.198355 0.000000 0.199726
871 12:00:08.700 18.850674 9.685325 0.000000 23.613850 0.806578 0.051382 10.542674 0.500000 0.300000 0.150000 1.200000 0.000000 0.200000
872 12:00:08.710 25.146064 5.844050 0.000000 26.821497 0.821728 0.006397 10.514552 0.499315 0.299589 0.149794 1.198355 0.000000 0.199726
873 12:00:08.720 28.146808 4.674489 0.000000 31.933665 0.794095 -0.039529 10.523879 0.497261 0.298357 0.149178 1.193426 0.000000 0.198904
874 12:00:08.730 34.262991 3.708743 0.000000 37.840772 0.804878 -0.077383 10.525532 0.493844 0.296307 0.148153 1.185226 0.000000 0.197538
875 12:00:08.740 39.407502 3.232054 0.000000 43.247806 0.762523 -0.049255 10.557702 0.489074 0.293444 0.146722 1.173777 0.000000 0.195630
876 12:00:08.750 42.942118 1.235696 0.000000 50.346205 0.789421 -0.082030 10.507358 0.482963 0.289778 0.144889 1.159111 0.000000 0.193185
877 12:00:08.760 48.507042 2.280570 0.000000 55.986170 0.747442 -0.144874 10.499568 0.475528 0.285317 0.142658 1.141268 0.000000 0.190211
878 12:00:08.770 55.594426 1.829931 0.000000 62.454183 0.732549 -0.165533 10.450608 0.466790 0.280074 0.140037 1.120297 0.000000 0.186716
879 12:00:08.780 60.587813 1.285161 0.000000 68.845661 0.699567 -0.135674 10.425869 0.456773 0.274064 0.137032 1.096255 0.000000 0.182709
880 12:00:08.790 65.828979 0.908539 0.000000 74.136061 0.678123 -0.185422 10.445601 0.445503 0.267302 0.133651 1.069208 0.000000 0.178201
881 12:00:08.800 71.576095 0.203731 0.000000 80.629363 0.701118 -0.187281 10.372516 0.433013 0.259808 0.129904 1.039230 0.000000 0.173205
882 12:00:08.810 77.006705 0.000000 0.000000 86.998461 0.646827 -0.244985 10.416002 0.419335 0.251601 0.125801 1.006405 0.000000 0.167734
883 12:00:08.820 80.220971 0.125314 0.000000 91.893063 0.639668 -0.217705 10.359183 0.404508 0.242705 0.121353 0.970820 0.000000 0.161803
884 12:00:08.830 82.860538 0.000000 0.000000 94.910215 0.622743 -0.271408 10.336174 0.388573 0.233144 0.116572 0.932575 0.000000 0.155429
885 12:00:08.840 86.484043 0.280128 0.000000 99.101597 0.620398 -0.291934 10.351494 0.371572 0.222943 0.111472 0.891774 0.000000 0.148629
886 12:00:08.850 89.550930 0.000000 0.000000 100.529785 0.595012 -0.250526 10.333145 0.353553 0.212132 0.106066 0.848528 0.000000 0.141421
887 12:00:08.860 89.667882 0.114694 0.000000 99.998397 0.584603 -0.281242 10.255218 0.334565 0.200739 0.100370 0.802957 0.000000 0.133826
888 12:00:08.870 89.312964 0.385835 0.000000 100.761088 0.511884 -0.334407 10.262995 0.314660 0.188796 0.094398 0.755184 0.000000 0.125864
889 12:00:08.880 89.041450 0.000000 0.000000 99.166164 0.465522 -0.331544 10.213463 0.293893 0.176336 0.088168 0.705342 0.000000 0.117557
890 12:00:08.890 87.677639 0.000000 0.000000 96.996543 0.429007 -0.311571 10.142875 0.272320 0.163392 0.081696 0.653567 0.000000 0.108928
891 12:00:08.900 84.169242 0.910149 0.000000 93.960377 0.396533 -0.335921 10.185724 0.250000 0.150000 0.075000 0.600000 0.000000 0.100000
892 12:00:08.910 76.720578 0.215580 0.000000 89.560557 0.352246 -0.347029 10.146222 0.226995 0.136197 0.068099 0.544789 0.000000 0.090798
893 12:00:08.920 73.982482 0.000000 0.000000 85.074049 0.304804 -0.387618 10.070998 0.203368 0.122021 0.061010 0.488084 0.000000 0.081347
894 12:00:08.930 71.616260 0.000000 0.000000 80.779510 0.266400 -0.342079 10.062754 0.179184 0.107510 0.053755 0.430042 0.000000 0.071674
895 12:00:08.940 64.560049 1.602258 0.000000 74.269884 0.226228 -0.373947 9.954843 0.154508 0.092705 0.046353 0.370820 0.000000 0.061803
896 12:00:08.950 58.851619 0.120995 0.000000 66.414347 0.242069 -0.365799 9.954892 0.129410 0.077646 0.038823 0.310583 0.000000 0.051764
897 12:00:08.960 51.564230 0.000000 0.000000 60.539583 0.174847 -0.392908 9.981983 0.103956 0.062374 0.031187 0.249494 0.000000 0.041582
898 12:00:08.970 46.520538 1.107664 0.000000 52.162196 0.116324 -0.374343 9.931403 0.078217 0.046930 0.023465 0.187721 0.000000 0.031287
899 12:00:08.980 40.985820 0.180489 0.000000 47.163997 0.052191 -0.424895 9.827317 0.052264 0.031359 0.015679 0.125434 0.000000 0.020906
900 12:00:08.990 36.288728 0.412707 0.000000 42.946805 0.046800 -0.369320 9.821286 0.026168 0.015701 0.007850 0.062803 0.000000 0.010467
901 12:00:09.000 31.524349 1.523647 0.000000 36.555362 -0.019949 -0.377529 9.807129 0.000000 0.000000 0.000000 0.000000 0.000000 0.000000
902 12:00:09.010 25.828076 0.296246 0.000000 29.987427 -0.057960 -0.416854 9.772060 -0.026168 -0.015701 -0.007850 -0.062803 0.000000 -0.010467
903 12:00:09.020 0.000000 0.000000 0.000000 0.000000 -0.074254 -0.367743 9.763887 -0.052264 -0.031359 -0.015679 -0.125434 0.000000 -0.020906
904 12:00:09.030 0.000000 0.000000 0.000000 0.000000 -0.109523 -0.394029 9.690110 -0.078217 -0.046930 -0.023465 -0.187721 0.000000 -0.031287
905 12:00:09.040 0.000000 0.000000 0.000000 0.000000 -0.144019 -0.390418 9.634890 -0.103956 -0.062374 -0.031187 -0.249494 0.000000 -0.041582
906 12:00:09.050 0.000000 0.000000 0.000000 0.000000 -0.189329 -0.403319 9.584770 -0.129410 -0.077646 -0.038823 -0.310583 0.000000 -0.051764
907 12:00:09.060 0.000000 0.000000 0.000000 0.000000 -0.267013 -0.413976 9.665784 -0.154508 -0.092705 -0.046353 -0.370820 0.000000 -0.061803
908 12:00:09.070 0.000000 0.000000 0.000000 0.000000 -0.299694 -0.392255 9.600285 -0.179184 -0.107510 -0.053755 -0.430042 0.000000 -0.071674
909 12:00:09.080 0.000000 0.000000 0.000000 0.000000 -0.312918 -0.351397 9.487714 -0.203368 -0.122021 -0.061010 -0.488084 0.000000 -0.081347
910 12:00:09.090 0.000000 0.000000 0.000000 0.000000 -0.313493 -0.351984 9.474445 -0.226995 -0.136197 -0.068099 -0.544789 0.000000 -0.090798
911 12:00:09.100 0.000000 0.000000 0.000000 0.000000 -0.414811 -0.334163 9.472386 -0.250000 -0.150000 -0.075000 -0.600000 0.000000 -0.100000
912 12:00:09.110 0.000000 0.000000 0.000000 0.000000 -0.434917 -0.351835 9.379494 -0.272320 -0.163392 -0.081696 -0.653567 0.000000 -0.108928
913 12:00:09.120 0.000000 0.000000 0.000000 0.000000 -0.437384 -0.330995 9.353830 -0.293893 -0.176336 -0.088168 -0.705342 0.000000 -0.117557
914 12:00:09.130 0.000000 0.000000 0.000000 0.000000 -0.497999 -0.356613 9.332057 -0.314660 -0.188796 -0.094398 -0.755184 0.000000 -0.125864
915 12:00:09.140 0.000000 0.000000 0.000000 0.000000 -0.495571 -0.323380 9.324499 -0.334565 -0.200739 -0.100370 -0.802957 0.000000 -0.133826
916 12:00:09.150 0.000000 0.000000 0.000000 0.000000 -0.508677 -0.275736 9.322521 -0.353553 -0.212132 -0.106066 -0.848528 0.000000 -0.141421
917 12:00:09.160 0.000000 0.000000 0.000000 0.000000 -0.623878 -0.234019 9.265320 -0.371572 -0.222943 -0.111472 -0.891774 0.000000 -0.148629
918 12:00:09.170 0.000000 0.000000 0.000000 0.000000 -0.635402 -0.250928 9.226646 -0.388573 -0.233144 -0.116572 -0.932575 0.000000 -0.155429
919 12:00:09.180 0.000000 0.000000 0.000000 0.000000 -0.598215 -0.265308 9.279019 -0.404508 -0.242705 -0.121353 -0.970820 0.000000 -0.161803
920 12:00:09.190 0.000000 0.000000 0.000000 0.000000 -0.683540 -0.228339 9.144655 -0.419335 -0.251601 -0.125801 -1.006405 0.000000 -0.167734
921 12:00:09.200 0.000000 0.000000 0.000000 0.000000 -0.692523 -0.214017 9.263019 -0.433013 -0.259808 -0.129904 -1.039230 0.000000 -0.173205
922 12:00:09.210 0.000000 0.000000 0.000000 0.000000 -0.706687 -0.183144 9.190265 -0.445503 -0.267302 -0.133651 -1.069208 0.000000 -0.178201
923 12:00:09.220 0.000000 0.000000 0.000000 0.000000 -0.761182 -0.204977 9.193435 -0.456773 -0.274064 -0.137032 -1.096255 0.000000 -0.182709
924 12:00:09.230 0.000000 0.000000 0.000000 0.000000 -0.736089 -0.117158 9.115181 -0.466790 -0.280074 -0.140037 -1.120297 0.000000 -0.186716
925 12:00:09.240 0.000000 0.000000 0.000000 0.000000 -0.773888 -0.105705 9.166036 -0.475528 -0.285317 -0.142658 -1.141268 0.000000 -0.190211
926 12:00:09.250 0.000000 0.000000 0.000000 0.000000 -0.760075 -0.113494 9.128534 -0.482963 -0.289778 -0.144889 -1.159111 0.000000 -0.193185
927 12:00:09.260 0.000000 0.000000 0.000000 0.000000 -0.781087 -0.111012 9.137124 -0.489074 -0.293444 -0.146722 -1.173777 0.000000 -0.195630
928 12:00:09.270 0.000000 0.000000 0.000000 0.000000 -0.738075 -0.023039 9.078267 -0.493844 -0.296307 -0.148153 -1.185226 0.000000 -0.197538
929 12:00:09.280 0.000000 0.000000 0.000000 0.000000 -0.798218 -0.032115 9.147633 -0.497261 -0.298357 -0.149178 -1.193426 0.000000 -0.198904
930 12:00:09.290 0.000000 0.000000 0.000000 0.000000 -0.784356 -0.013824 9.073406 -0.499315 -0.299589 -0.149794 -1.198355 0.000000 -0.199726
931 12:00:09.300 0.000000 0.000000 0.000000 0.000000 -0.786097 0.007471 9.092381 -0.500000 -0.300000 -0.150000 -1.200000 0.000000 -0.200000
932 12:00:09.310 0.000000 0.000000 0.000000 0.000000 -0.824937 0.022175 9.151086 -0.499315 -0.299589 -0.149794 -1.198355 0.000000 -0.199726
933 12:00:09.320 0.000000 0.000000 0.000000 0.000000 -0.785879 0.056734 9.145705 -0.497261 -0.298357 -0.149178 -1.193426 0.000000 -0.198904
934 12:00:09.330 0.000000 0.000000 0.000000 0.000000 -0.801488 0.061666 9.124953 -0.493844 -0.296307 -0.148153 -1.185226 0.000000 -0.197538
935 12:00:09.340 0.000000 0.000000 0.000000 0.000000 -0.736322 0.072304 9.131664 -0.489074 -0.293444 -0.146722 -1.173777 0.000000 -0.195630
936 12:00:09.350 0.000000 0.000000 0.000000 0.000000 -0.727538 0.082918 9.086359 -0.482963 -0.289778 -0.144889 -1.159111 0.000000 -0.193185
937 12:00:09.360 0.000000 0.000000 0.000000 0.000000 -0.768198 0.111296 9.142633 -0.475528 -0.285317 -0.142658 -1.141268 0.000000 -0.190211
938 12:00:09.370 0.000000 0.000000 0.000000 0.000000 -0.743849 0.136427 9.136179 -0.466790 -0.280074 -0.140037 -1.120297 0.000000 -0.186716
939 12:00:09.380 0.000000 0.000000 0.000000 0.000000 -0.710667 0.153353 9.059151 -0.456773 -0.274064 -0.137032 -1.096255 0.000000 -0.182709
940 12:00:09.390 0.000000 0.000000 0.000000 0.000000 -0.702835 0.217685 9.216563 -0.445503 -0.267302 -0.133651 -1.069208 0.000000 -0.178201
941 12:00:09.400 0.000000 0.000000 0.000000 0.000000 -0.712168 0.182282 9.267749 -0.433013 -0.259808 -0.129904 -1.039230 0.000000 -0.173205
942 12:00:09.410 0.000000 0.000000 0.000000 0.000000 -0.704000 0.255289 9.242035 -0.419335 -0.251601 -0.125801 -1.006405 0.000000 -0.167734
943 12:00:09.420 0.000000 0.000000 0.000000 0.000000 -0.653417 0.255962 9.244213 -0.404508 -0.242705 -0.121353 -0.970820 0.000000 -0.161803
944 12:00:09.430 0.000000 0.000000 0.000000 0.000000 -0.610405 0.266687 9.217131 -0.388573 -0.233144 -0.116572 -0.932575 0.000000 -0.155429
945 12:00:09.440 0.000000 0.000000 0.000000 0.000000 -0.576862 0.271059 9.302358 -0.371572 -0.222943 -0.111472 -0.891774 0.000000 -0.148629
946 12:00:09.450 0.000000 0.000000 0.000000 0.000000 -0.573852 0.272811 9.305450 -0.353553 -0.212132 -0.106066 -0.848528 0.000000 -0.141421
947 12:00:09.460 0.000000 0.000000 0.000000 0.000000 -0.508157 0.298769 9.317718 -0.334565 -0.200739 -0.100370 -0.802957 0.000000 -0.133826
948 12:00:09.470 0.000000 0.000000 0.000000 0.000000 -0.505707 0.315082 9.316866 -0.314660 -0.188796 -0.094398 -0.755184 0.000000 -0.125864
949 12:00:09.480 0.000000 0.000000 0.000000 0.000000 -0.483734 0.356360 9.422656 -0.293893 -0.176336 -0.088168 -0.705342 0.000000 -0.117557
950 12:00:09.490 0.000000 0.000000 0.000000 0.000000 -0.425807 0.318032 9.400131 -0.272320 -0.163392 -0.081696 -0.653567 0.000000 -0.108928
951 12:00:09.500 0.000000 0.000000 0.000000 0.000000 -0.402913 0.334077 9.456919 -0.250000 -0.150000 -0.075000 -0.600000 0.000000 -0.100000
952 12:00:09.510 0.000000 0.000000 0.000000 0.000000 -0.330372 0.336881 9.446228 -0.226995 -0.136197 -0.068099 -0.544789 0.000000 -0.090798
953 12:00:09.520 0.000000 0.000000 0.000000 0.000000 -0.336562 0.351776 9.506030 -0.203368 -0.122021 -0.061010 -0.488084 0.000000 -0.081347
954 12:00:09.530 0.000000 0.000000 0.000000 0.000000 -0.305321 0.382768 9.542619 -0.179184 -0.107510 -0.053755 -0.430042 0.000000 -0.071674
955 12:00:09.540 0.000000 0.000000 0.000000 0.000000 -0.254311 0.363831 9.622018 -0.154508 -0.092705 -0.046353 -0.370820 0.000000 -0.061803
956 12:00:09.550 0.000000 0.000000 0.000000 0.000000 -0.205189 0.355454 9.587907 -0.129410 -0.077646 -0.038823 -0.310583 0.000000 -0.051764
957 12:00:09.560 0.000000 0.000000 0.000000 0.000000 -0.226399 0.388682 9.627585 -0.103956 -0.062374 -0.031187 -0.249494 0.000000 -0.041582
958 12:00:09.570 0.000000 0.000000 0.000000 0.000000 -0.156180 0.368230 9.725886 -0.078217 -0.046930 -0.023465 -0.187721 0.000000 -0.031287
959 12:00:09.580 0.000000 0.000000 0.000000 0.000000 -0.117616 0.415919 9.702685 -0.052264 -0.031359 -0.015679 -0.125434 0.000000 -0.020906
960 12:00:09.590 0.000000 0.000000 0.000000 0.000000 -0.076870 0.366778 9.769996 -0.026168 -0.015701 -0.007850 -0.062803 0.000000 -0.010467
