StepWise synthetic software-test fixture
SYNTHETIC DATA - NOT CLINICAL OR HUMAN-SUBJECT DATA
Generated deterministically for parser, segmentation, API, and demo testing.
Fields: Sample SystemTime P1 P2 P3 P4 AccX AccY AccZ GyrX GyrY GyrZ Pitch Roll Yaw
--------------------------------------------------------------------------------
1 12:00:00.000 0.000000 77.507148 1.908384 1.407999 0.021538 0.377702 9.808036 0.000000 0.000000 0.000000 0.000000 0.000000 0.000000
2 12:00:00.010 0.000000 92.075248 0.442968 1.123941 0.065403 0.408546 9.842593 0.026168 0.015701 0.007850 0.062803 0.000000 0.010467
3 12:00:00.020 0.247688 108.428637 1.975475 0.240400 0.116069 0.419322 9.913614 0.052264 0.031359 0.015679 0.125434 0.000000 0.020906
4 12:00:00.030 0.000000 123.723213 1.579808 0.908589 0.145843 0.417878 9.943489 0.078217 0.046930 0.023465 0.187721 0.000000 0.031287
5 12:00:00.040 0.592283 140.067160 3.465579 0.758164 0.159092 0.410592 9.939694 0.103956 0.062374 0.031187 0.249494 0.000000 0.041582
6 12:00:00.050 0.000000 157.685811 2.407445 0.000000 0.202747 0.348724 9.969888 0.129410 0.077646 0.038823 0.310583 0.000000 0.051764
7 12:00:00.060 0.000000 169.959418 4.765023 1.413490 0.271392 0.404365 10.011003 0.154508 0.092705 0.046353 0.370820 0.000000 0.061803
8 12:00:00.070 0.162546 184.504457 5.141322 2.428378 0.267943 0.358517 10.065518 0.179184 0.107510 0.053755 0.430042 0.000000 0.071674
9 12:00:00.080 0.000000 195.477781 7.164014 0.581764 0.345584 0.398917 10.083832 0.203368 0.122021 0.061010 0.488084 0.000000 0.081347
10 12:00:00.090 0.000000 200.688953 8.625452 0.720084 0.370838 0.351138 10.090400 0.226995 0.136197 0.068099 0.544789 0.000000 0.090798
11 12:00:00.100 0.273367 207.042765 13.305317 0.106402 0.420674 0.359586 10.120958 0.250000 0.150000 0.075000 0.600000 0.000000 0.100000
12 12:00:00.110 0.000000 212.257696 12.533133 1.032128 0.451179 0.338267 10.228327 0.272320 0.163392 0.081696 0.653567 0.000000 0.108928
13 12:00:00.120 0.522999 205.917320 16.000710 0.000000 0.460094 0.294367 10.220641 0.293893 0.176336 0.088168 0.705342 0.000000 0.117557
14 12:00:00.130 0.000000 203.369770 17.541375 0.429942 0.500203 0.327653 10.229526 0.314660 0.188796 0.094398 0.755184 0.000000 0.125864
15 12:00:00.140 0.705764 195.278845 20.823859 0.000000 0.513569 0.314694 10.250835 0.334565 0.200739 0.100370 0.802957 0.000000 0.133826
16 12:00:00.150 1.019751 183.111870 22.896057 0.387207 0.573681 0.276321 10.298133 0.353553 0.212132 0.106066 0.848528 0.000000 0.141421
17 12:00:00.160 1.033809 171.404702 29.879313 0.175728 0.595686 0.261056 10.362570 0.371572 0.222943 0.111472 0.891774 0.000000 0.148629
18 12:00:00.170 1.851360 154.465718 31.029233 1.663618 0.619055 0.279180 10.377059 0.388573 0.233144 0.116572 0.932575 0.000000 0.155429
19 12:00:00.180 2.479017 139.471426 36.148291 1.520770 0.649506 0.253226 10.359992 0.404508 0.242705 0.121353 0.970820 0.000000 0.161803
20 12:00:00.190 0.000000 123.977141 40.580162 0.390054 0.689072 0.209742 10.352273 0.419335 0.251601 0.125801 1.006405 0.000000 0.167734
21 12:00:00.200 0.131140 106.326204 43.197029 2.678161 0.680362 0.205730 10.430476 0.433013 0.259808 0.129904 1.039230 0.000000 0.173205
22 12:00:00.210 2.129789 92.309817 49.005733 2.453824 0.750749 0.183106 10.427467 0.445503 0.267302 0.133651 1.069208 0.000000 0.178201
23 12:00:00.220 2.805893 76.207761 54.287867 3.144060 0.704090 0.139273 10.424220 0.456773 0.274064 0.137032 1.096255 0.000000 0.182709
24 12:00:00.230 2.701450 61.023792 56.006838 5.148472 0.780990 0.181912 10.504222 0.466790 0.280074 0.140037 1.120297 0.000000 0.186716
25 12:00:00.240 6.531793 53.212523 62.331615 7.555229 0.788162 0.120342 10.466638 0.475528 0.285317 0.142658 1.141268 0.000000 0.190211
26 12:00:00.250 6.238751 39.745590 66.760320 7.887575 0.753642 0.054841 10.502962 0.482963 0.289778 0.144889 1.159111 0.000000 0.193185
27 12:00:00.260 8.635790 31.196336 67.677990 12.773426 0.777040 0.090117 10.490394 0.489074 0.293444 0.146722 1.173777 0.000000 0.195630
28 12:00:00.270 11.566240 25.879206 70.988871 13.864981 0.810697 0.061107 10.500741 0.493844 0.296307 0.148153 1.185226 0.000000 0.197538
29 12:00:00.280 14.279847 19.158475 72.687123 16.106829 0.793710 0.042891 10.497847 0.497261 0.298357 0.149178 1.193426 0.000000 0.198904
30 12:00:00.290 17.023837 15.742709 75.067688 18.861250 0.801914 -0.017343 10.501979 0.499315 0.299589 0.149794 1.198355 0.000000 0.199726
31 12:00:00.300 18.844564 10.360327 75.040387 23.213079 0.806838 -0.004292 10.482495 0.500000 0.300000 0.150000 1.200000 0.000000 0.200000
32 12:00:00.310 24.448494 7.821706 77.806835 26.870997 0.815860 -0.018857 10.506231 0.499315 0.299589 0.149794 1.198355 0.000000 0.199726
33 12:00:00.320 28.590934 6.719655 73.041652 33.450497 0.816582 -0.031576 10.529116 0.497261 0.298357 0.149178 1.193426 0.000000 0.198904
34 12:00:00.330 32.335101 3.443751 72.566569 37.475454 0.794368 -0.063533 10.512733 0.493844 0.296307 0.148153 1.185226 0.000000 0.197538
35 12:00:00.340 38.366201 2.238459 71.565766 44.604341 0.778106 -0.086110 10.494437 0.489074 0.293444 0.146722 1.173777 0.000000 0.195630
36 12:00:00.350 42.996633 0.731814 68.100517 48.240632 0.750431 -0.077668 10.481281 0.482963 0.289778 0.144889 1.159111 0.000000 0.193185
37 12:00:00.360 48.851337 2.224012 64.868208 54.268233 0.817503 -0.111458 10.420562 0.475528 0.285317 0.142658 1.141268 0.000000 0.190211
38 12:00:00.370 55.235150 1.851337 62.642004 59.851205 0.758163 -0.138827 10.491599 0.466790 0.280074 0.140037 1.120297 0.000000 0.186716
39 12:00:00.380 61.490471 0.081069 57.666087 68.511740 0.734883 -0.143492 10.407323 0.456773 0.274064 0.137032 1.096255 0.000000 0.182709
40 12:00:00.390 65.454264 0.000000 55.968535 77.282405 0.720469 -0.149049 10.453750 0.445503 0.267302 0.133651 1.069208 0.000000 0.178201
41 12:00:00.400 70.711138 2.327811 48.305257 81.509902 0.696090 -0.227826 10.413655 0.433013 0.259808 0.129904 1.039230 0.000000 0.173205
42 12:00:00.410 77.024340 0.402472 45.157672 85.079949 0.669650 -0.252949 10.419227 0.419335 0.251601 0.125801 1.006405 0.000000 0.167734
43 12:00:00.420 79.971146 0.147957 40.235421 88.342004 0.644954 -0.213874 10.370558 0.404508 0.242705 0.121353 0.970820 0.000000 0.161803
44 12:00:00.430 84.713872 0.000000 35.039053 94.679292 0.646064 -0.232940 10.372878 0.388573 0.233144 0.116572 0.932575 0.000000 0.155429
45 12:00:00.440 86.572532 0.686356 31.103906 97.825807 0.586062 -0.265657 10.304529 0.371572 0.222943 0.111472 0.891774 0.000000 0.148629
46 12:00:00.450 88.525817 0.000000 28.591701 99.083649 0.577019 -0.331090 10.328346 0.353553 0.212132 0.106066 0.848528 0.000000 0.141421
47 12:00:00.460 88.485117 0.000000 25.271631 100.561788 0.549831 -0.302695 10.315625 0.334565 0.200739 0.100370 0.802957 0.000000 0.133826
48 12:00:00.470 91.019315 0.000000 22.150681 98.867622 0.545231 -0.303499 10.236537 0.314660 0.188796 0.094398 0.755184 0.000000 0.125864
49 12:00:00.480 87.692101 1.500215 18.787648 98.955883 0.475151 -0.328014 10.247980 0.293893 0.176336 0.088168 0.705342 0.000000 0.117557
50 12:00:00.490 86.479419 1.257113 15.005187 97.210886 0.424017 -0.312860 10.192700 0.272320 0.163392 0.081696 0.653567 0.000000 0.108928
51 12:00:00.500 83.216477 0.459293 12.844931 93.157061 0.398514 -0.355585 10.179423 0.250000 0.150000 0.075000 0.600000 0.000000 0.100000
52 12:00:00.510 81.397628 0.135285 7.335566 90.244198 0.376947 -0.324517 10.079562 0.226995 0.136197 0.068099 0.544789 0.000000 0.090798
53 12:00:00.520 74.861893 0.000000 7.645424 84.644053 0.285072 -0.354887 10.039512 0.203368 0.122021 0.061010 0.488084 0.000000 0.081347
54 12:00:00.530 67.754210 0.142817 6.313760 78.886956 0.294582 -0.338479 10.057837 0.179184 0.107510 0.053755 0.430042 0.000000 0.071674
55 12:00:00.540 64.309344 0.000000 7.316178 72.149575 0.236137 -0.368854 10.007689 0.154508 0.092705 0.046353 0.370820 0.000000 0.061803
56 12:00:00.550 59.773225 0.886085 3.558921 65.008419 0.219368 -0.389742 9.976336 0.129410 0.077646 0.038823 0.310583 0.000000 0.051764
57 12:00:00.560 54.570269 0.000000 5.038786 61.384102 0.152398 -0.400508 9.932416 0.103956 0.062374 0.031187 0.249494 0.000000 0.041582
58 12:00:00.570 46.236169 0.143881 1.163136 53.750500 0.128963 -0.403274 9.952291 0.078217 0.046930 0.023465 0.187721 0.000000 0.031287
59 12:00:00.580 44.343568 0.000000 1.044854 48.743380 0.101724 -0.390373 9.869260 0.052264 0.031359 0.015679 0.125434 0.000000 0.020906
60 12:00:00.590 36.663867 0.000000 1.503529 43.556462 0.053752 -0.385334 9.838018 0.026168 0.015701 0.007850 0.062803 0.000000 0.010467
61 12:00:00.600 31.901488 0.539916 2.220195 36.438015 0.021573 -0.378371 9.796800 0.000000 0.000000 0.000000 0.000000 0.000000 0.000000
62 12:00:00.610 27.687675 0.936830 0.796029 30.876704 -0.017277 -0.401272 9.800464 -0.026168 -0.015701 -0.007850 -0.062803 0.000000 -0.010467
63 12:00:00.620 0.000000 0.000000 0.000000 0.000000 -0.112352 -0.405379 9.736894 -0.052264 -0.031359 -0.015679 -0.125434 0.000000 -0.020906
64 12:00:00.630 0.000000 0.000000 0.000000 0.000000 -0.114230 -0.409239 9.658280 -0.078217 -0.046930 -0.023465 -0.187721 0.000000 -0.031287
65 12:00:00.640 0.000000 0.000000 0.000000 0.000000 -0.161743 -0.411475 9.690931 -0.103956 -0.062374 -0.031187 -0.249494 0.000000 -0.041582
66 12:00:00.650 0.000000 0.000000 0.000000 0.000000 -0.242168 -0.386265 9.591284 -0.129410 -0.077646 -0.038823 -0.310583 0.000000 -0.051764
67 12:00:00.660 0.000000 0.000000 0.000000 0.000000 -0.232420 -0.367410 9.608867 -0.154508 -0.092705 -0.046353 -0.370820 0.000000 -0.061803
68 12:00:00.670 0.000000 0.000000 0.000000 0.000000 -0.283129 -0.379070 9.572699 -0.179184 -0.107510 -0.053755 -0.430042 0.000000 -0.071674
69 12:00:00.680 0.000000 0.000000 0.000000 0.000000 -0.334699 -0.304458 9.526025 -0.203368 -0.122021 -0.061010 -0.488084 0.000000 -0.081347
70 12:00:00.690 0.000000 0.000000 0.000000 0.000000 -0.395093 -0.352106 9.585357 -0.226995 -0.136197 -0.068099 -0.544789 0.000000 -0.090798
71 12:00:00.700 0.000000 0.000000 0.000000 0.000000 -0.408730 -0.341992 9.439626 -0.250000 -0.150000 -0.075000 -0.600000 0.000000 -0.100000
72 12:00:00.710 0.000000 0.000000 0.000000 0.000000 -0.444249 -0.321040 9.391332 -0.272320 -0.163392 -0.081696 -0.653567 0.000000 -0.108928
73 12:00:00.720 0.000000 0.000000 0.000000 0.000000 -0.473511 -0.311159 9.430424 -0.293893 -0.176336 -0.088168 -0.705342 0.000000 -0.117557
74 12:00:00.730 0.000000 0.000000 0.000000 0.000000 -0.507103 -0.313568 9.392067 -0.314660 -0.188796 -0.094398 -0.755184 0.000000 -0.125864
75 12:00:00.740 0.000000 0.000000 0.000000 0.000000 -0.566897 -0.303540 9.356298 -0.334565 -0.200739 -0.100370 -0.802957 0.000000 -0.133826
76 12:00:00.750 0.000000 0.000000 0.000000 0.000000 -0.562086 -0.278101 9.338074 -0.353553 -0.212132 -0.106066 -0.848528 0.000000 -0.141421
77 12:00:00.760 0.000000 0.000000 0.000000 0.000000 -0.563566 -0.260129 9.295210 -0.371572 -0.222943 -0.111472 -0.891774 0.000000 -0.148629
78 12:00:00.770 0.000000 0.000000 0.000000 0.000000 -0.631046 -0.245866 9.304464 -0.388573 -0.233144 -0.116572 -0.932575 0.000000 -0.155429
79 12:00:00.780 0.000000 0.000000 0.000000 0.000000 -0.626373 -0.231421 9.219426 -0.404508 -0.242705 -0.121353 -0.970820 0.000000 -0.161803
80 12:00:00.790 0.000000 0.000000 0.000000 0.000000 -0.687905 -0.221205 9.237532 -0.419335 -0.251601 -0.125801 -1.006405 0.000000 -0.167734
81 12:00:00.800 0.000000 0.000000 0.000000 0.000000 -0.679415 -0.149886 9.174923 -0.433013 -0.259808 -0.129904 -1.039230 0.000000 -0.173205
82 12:00:00.810 0.000000 0.000000 0.000000 0.000000 -0.699615 -0.188227 9.211932 -0.445503 -0.267302 -0.133651 -1.069208 0.000000 -0.178201
83 12:00:00.820 0.000000 0.000000 0.000000 0.000000 -0.705866 -0.159392 9.219216 -0.456773 -0.274064 -0.137032 -1.096255 0.000000 -0.182709
84 12:00:00.830 0.000000 0.000000 0.000000 0.000000 -0.801091 -0.120685 9.108707 -0.466790 -0.280074 -0.140037 -1.120297 0.000000 -0.186716
85 12:00:00.840 0.000000 0.000000 0.000000 0.000000 -0.767949 -0.083443 9.158840 -0.475528 -0.285317 -0.142658 -1.141268 0.000000 -0.190211
86 12:00:00.850 0.000000 0.000000 0.000000 0.000000 -0.768525 -0.097580 9.105361 -0.482963 -0.289778 -0.144889 -1.159111 0.000000 -0.193185
87 12:00:00.860 0.000000 0.000000 0.000000 0.000000 -0.787716 -0.058494 9.087784 -0.489074 -0.293444 -0.146722 -1.173777 0.000000 -0.195630
88 12:00:00.870 0.000000 0.000000 0.000000 0.000000 -0.739444 -0.054034 9.092009 -0.493844 -0.296307 -0.148153 -1.185226 0.000000 -0.197538
89 12:00:00.880 0.000000 0.000000 0.000000 0.000000 -0.788477 0.007470 9.099296 -0.497261 -0.298357 -0.149178 -1.193426 0.000000 -0.198904
90 12:00:00.890 0.000000 0.000000 0.000000 0.000000 -0.810925 -0.035908 9.061829 -0.499315 -0.299589 -0.149794 -1.198355 0.000000 -0.199726
91 12:00:00.900 0.000000 0.000000 0.000000 0.000000 -0.779606 -0.024719 9.093384 -0.500000 -0.300000 -0.150000 -1.200000 0.000000 -0.200000
92 12:00:00.910 0.000000 0.000000 0.000000 0.000000 -0.841486 0.048223 9.151105 -0.499315 -0.299589 -0.149794 -1.198355 0.000000 -0.199726
93 12:00:00.920 0.000000 0.000000 0.000000 0.000000 -0.818085 0.055838 9.134110 -0.497261 -0.298357 -0.149178 -1.193426 0.000000 -0.198904
94 12:00:00.930 0.000000 0.000000 0.000000 0.000000 -0.764006 0.080692 9.127950 -0.493844 -0.296307 -0.148153 -1.185226 0.000000 -0.197538
95 12:00:00.940 0.000000 0.000000 0.000000 0.000000 -0.772053 0.077399 9.153767 -0.489074 -0.293444 -0.146722 -1.173777 0.000000 -0.195630
96 12:00:00.950 0.000000 0.000000 0.000000 0.000000 -0.766141 0.120360 9.159390 -0.482963 -0.289778 -0.144889 -1.159111 0.000000 -0.193185
97 12:00:00.960 0.000000 0.000000 0.000000 0.000000 -0.749422 0.145710 9.171794 -0.475528 -0.285317 -0.142658 -1.141268 0.000000 -0.190211
98 12:00:00.970 0.000000 0.000000 0.000000 0.000000 -0.764271 0.144202 9.145979 -0.466790 -0.280074 -0.140037 -1.120297 0.000000 -0.186716
99 12:00:00.980 0.000000 0.000000 0.000000 0.000000 -0.748518 0.164737 9.145623 -0.456773 -0.274064 -0.137032 -1.096255 0.000000 -0.182709
100 12:00:00.990 0.000000 0.000000 0.000000 0.000000 -0.720463 0.181082 9.176901 -0.445503 -0.267302 -0.133651 -1.069208 0.000000 -0.178201
101 12:00:01.000 0.000000 0.000000 0.000000 0.000000 -0.672583 0.231328 9.231387 -0.433013 -0.259808 -0.129904 -1.039230 0.000000 -0.173205
102 12:00:01.010 0.000000 0.000000 0.000000 0.000000 -0.658739 0.211455 9.176670 -0.419335 -0.251601 -0.125801 -1.006405 0.000000 -0.167734
103 12:00:01.020 0.000000 0.000000 0.000000 0.000000 -0.661019 0.226869 9.214607 -0.404508 -0.242705 -0.121353 -0.970820 0.000000 -0.161803
104 12:00:01.030 0.000000 0.000000 0.000000 0.000000 -0.620009 0.272610 9.262072 -0.388573 -0.233144 -0.116572 -0.932575 0.000000 -0.155429
105 12:00:01.040 0.000000 0.000000 0.000000 0.000000 -0.604690 0.231093 9.285388 -0.371572 -0.222943 -0.111472 -0.891774 0.000000 -0.148629
106 12:00:01.050 0.000000 0.000000 0.000000 0.000000 -0.595578 0.280487 9.342583 -0.353553 -0.212132 -0.106066 -0.848528 0.000000 -0.141421
107 12:00:01.060 0.000000 0.000000 0.000000 0.000000 -0.532544 0.296720 9.346339 -0.334565 -0.200739 -0.100370 -0.802957 0.000000 -0.133826
108 12:00:01.070 0.000000 0.000000 0.000000 0.000000 -0.505497 0.318647 9.333325 -0.314660 -0.188796 -0.094398 -0.755184 0.000000 -0.125864
109 12:00:01.080 0.000000 0.000000 0.000000 0.000000 -0.456987 0.327184 9.336708 -0.293893 -0.176336 -0.088168 -0.705342 0.000000 -0.117557
110 12:00:01.090 0.000000 0.000000 0.000000 0.000000 -0.429876 0.328048 9.486322 -0.272320 -0.163392 -0.081696 -0.653567 0.000000 -0.108928
111 12:00:01.100 0.000000 0.000000 0.000000 0.000000 -0.402993 0.335462 9.419268 -0.250000 -0.150000 -0.075000 -0.600000 0.000000 -0.100000
112 12:00:01.110 0.000000 0.000000 0.000000 0.000000 -0.344987 0.359209 9.502451 -0.226995 -0.136197 -0.068099 -0.544789 0.000000 -0.090798
113 12:00:01.120 0.000000 0.000000 0.000000 0.000000 -0.356331 0.391917 9.533479 -0.203368 -0.122021 -0.061010 -0.488084 0.000000 -0.081347
114 12:00:01.130 0.000000 0.000000 0.000000 0.000000 -0.336685 0.356312 9.496653 -0.179184 -0.107510 -0.053755 -0.430042 0.000000 -0.071674
115 12:00:01.140 0.000000 0.000000 0.000000 0.000000 -0.247878 0.400017 9.600543 -0.154508 -0.092705 -0.046353 -0.370820 0.000000 -0.061803
116 12:00:01.150 0.000000 0.000000 0.000000 0.000000 -0.212702 0.390071 9.663976 -0.129410 -0.077646 -0.038823 -0.310583 0.000000 -0.051764
117 12:00:01.160 0.000000 0.000000 0.000000 0.000000 -0.162967 0.359200 9.630698 -0.103956 -0.062374 -0.031187 -0.249494 0.000000 -0.041582
118 12:00:01.170 0.000000 0.000000 0.000000 0.000000 -0.113322 0.367711 9.706207 -0.078217 -0.046930 -0.023465 -0.187721 0.000000 -0.031287
119 12:00:01.180 0.000000 0.000000 0.000000 0.000000 -0.116303 0.408221 9.705959 -0.052264 -0.031359 -0.015679 -0.125434 0.000000 -0.020906
120 12:00:01.190 0.000000 0.000000 0.000000 0.000000 -0.035852 0.393584 9.803659 -0.026168 -0.015701 -0.007850 -0.062803 0.000000 -0.010467
121 12:00:01.200 1.048318 79.247811 1.997279 1.641591 -0.004997 0.390773 9.842945 0.000000 0.000000 0.000000 0.000000 0.000000 0.000000
122 12:00:01.210 1.450217 91.085746 0.000000 0.000000 0.066524 0.410637 9.823379 0.026168 0.015701 0.007850 0.062803 0.000000 0.010467
123 12:00:01.220 1.135404 107.538922 1.217172 1.425076 0.082970 0.390952 9.906599 0.052264 0.031359 0.015679 0.125434 0.000000 0.020906
124 12:00:01.230 0.000000 124.810296 3.168274 0.735952 0.139810 0.416987 9.912932 0.078217 0.046930 0.023465 0.187721 0.000000 0.031287
125 12:00:01.240 0.022513 141.217823 1.981049 0.089671 0.136828 0.392467 9.982955 0.103956 0.062374 0.031187 0.249494 0.000000 0.041582
126 12:00:01.250 0.774996 157.631688 3.919620 1.410796 0.198136 0.394358 9.972765 0.129410 0.077646 0.038823 0.310583 0.000000 0.051764
127 12:00:01.260 0.689288 172.088284 4.624764 0.000000 0.246836 0.375419 9.985601 0.154508 0.092705 0.046353 0.370820 0.000000 0.061803
128 12:00:01.270 0.569812 184.196275 8.132425 0.000000 0.280412 0.368758 10.064883 0.179184 0.107510 0.053755 0.430042 0.000000 0.071674
129 12:00:01.280 0.000000 193.560873 6.994957 0.809735 0.313513 0.367433 10.115341 0.203368 0.122021 0.061010 0.488084 0.000000 0.081347
130 12:00:01.290 1.088949 203.599686 8.103739 0.000000 0.364096 0.323770 10.049852 0.226995 0.136197 0.068099 0.544789 0.000000 0.090798
131 12:00:01.300 0.579846 207.240376 11.313933 0.000000 0.432934 0.349474 10.188830 0.250000 0.150000 0.075000 0.600000 0.000000 0.100000
132 12:00:01.310 0.606905 210.508574 12.484894 0.000000 0.417803 0.297827 10.220214 0.272320 0.163392 0.081696 0.653567 0.000000 0.108928
133 12:00:01.320 0.000000 207.249859 16.115601 0.326420 0.475617 0.360335 10.229605 0.293893 0.176336 0.088168 0.705342 0.000000 0.117557
134 12:00:01.330 0.411239 202.329423 16.657493 0.331501 0.519092 0.366007 10.252847 0.314660 0.188796 0.094398 0.755184 0.000000 0.125864
135 12:00:01.340 0.000000 194.653982 21.028796 0.364704 0.529617 0.257033 10.273759 0.334565 0.200739 0.100370 0.802957 0.000000 0.133826
136 12:00:01.350 0.000000 183.173208 24.186157 0.000000 0.546117 0.259516 10.275409 0.353553 0.212132 0.106066 0.848528 0.000000 0.141421
137 12:00:01.360 0.586364 170.408900 28.908052 1.995345 0.585131 0.289796 10.372851 0.371572 0.222943 0.111472 0.891774 0.000000 0.148629
138 12:00:01.370 0.541964 154.629444 33.060278 2.438770 0.631243 0.226845 10.389364 0.388573 0.233144 0.116572 0.932575 0.000000 0.155429
139 12:00:01.380 1.767753 138.925650 35.260282 0.190453 0.660229 0.259269 10.375570 0.404508 0.242705 0.121353 0.970820 0.000000 0.161803
140 12:00:01.390 1.157166 122.365223 42.069153 0.918745 0.650541 0.226736 10.408836 0.419335 0.251601 0.125801 1.006405 0.000000 0.167734
141 12:00:01.400 2.711177 106.753723 44.776396 2.502505 0.697572 0.238119 10.402828 0.433013 0.259808 0.129904 1.039230 0.000000 0.173205
142 12:00:01.410 3.405562 90.232476 49.447500 1.403446 0.694389 0.187442 10.425596 0.445503 0.267302 0.133651 1.069208 0.000000 0.178201
143 12:00:01.420 3.156394 76.444138 53.486159 5.740761 0.763914 0.151795 10.460026 0.456773 0.274064 0.137032 1.096255 0.000000 0.182709
144 12:00:01.430 3.047542 63.057308 58.591600 4.681892 0.736337 0.157629 10.437991 0.466790 0.280074 0.140037 1.120297 0.000000 0.186716
145 12:00:01.440 5.338900 50.668684 60.938278 6.981467 0.727697 0.071536 10.477952 0.475528 0.285317 0.142658 1.141268 0.000000 0.190211
146 12:00:01.450 5.510501 40.394560 64.582458 7.648185 0.754733 0.104848 10.560974 0.482963 0.289778 0.144889 1.159111 0.000000 0.193185
147 12:00:01.460 8.177420 31.377306 67.766202 10.330716 0.782305 0.096961 10.476504 0.489074 0.293444 0.146722 1.173777 0.000000 0.195630
148 12:00:01.470 10.694889 24.240445 70.088181 11.651592 0.794439 0.063665 10.511451 0.493844 0.296307 0.148153 1.185226 0.000000 0.197538
149 12:00:01.480 13.378464 18.602121 73.580080 15.362750 0.771885 0.035423 10.518462 0.497261 0.298357 0.149178 1.193426 0.000000 0.198904
150 12:00:01.490 18.256683 13.933178 74.740346 18.637862 0.803637 0.023137 10.480388 0.499315 0.299589 0.149794 1.198355 0.000000 0.199726
151 12:00:01.500 19.958266 10.132394 74.169515 24.286914 0.829594 -0.017852 10.487394 0.500000 0.300000 0.150000 1.200000 0.000000 0.200000
152 12:00:01.510 24.059050 6.880511 73.900146 27.753674 0.793364 0.014350 10.490666 0.499315 0.299589 0.149794 1.198355 0.000000 0.199726
153 12:00:01.520 30.439734 5.758237 73.679054 31.254697 0.786912 -0.015297 10.501438 0.497261 0.298357 0.149178 1.193426 0.000000 0.198904
154 12:00:01.530 32.344091 4.527770 73.171017 38.578275 0.793440 -0.075003 10.498998 0.493844 0.296307 0.148153 1.185226 0.000000 0.197538
155 12:00:01.540 37.467245 2.140997 71.069352 43.353087 0.785730 -0.075573 10.500329 0.489074 0.293444 0.146722 1.173777 0.000000 0.195630
156 12:00:01.550 43.673201 1.654092 69.327531 48.610033 0.767733 -0.138526 10.544082 0.482963 0.289778 0.144889 1.159111 0.000000 0.193185
157 12:00:01.560 48.986578 0.000000 64.257214 55.199161 0.770630 -0.111352 10.488983 0.475528 0.285317 0.142658 1.141268 0.000000 0.190211
158 12:00:01.570 54.121643 0.061948 61.741268 60.851274 0.725394 -0.138102 10.421092 0.466790 0.280074 0.140037 1.120297 0.000000 0.186716
159 12:00:01.580 59.649660 1.817978 57.257093 68.535985 0.723667 -0.156262 10.446797 0.456773 0.274064 0.137032 1.096255 0.000000 0.182709
160 12:00:01.590 65.349345 0.000000 51.901792 74.385551 0.711413 -0.174857 10.413902 0.445503 0.267302 0.133651 1.069208 0.000000 0.178201
161 12:00:01.600 72.938332 0.097269 49.278269 80.404635 0.702605 -0.189880 10.409941 0.433013 0.259808 0.129904 1.039230 0.000000 0.173205
162 12:00:01.610 74.700863 0.000000 46.465166 87.605303 0.681452 -0.220028 10.400329 0.419335 0.251601 0.125801 1.006405 0.000000 0.167734
163 12:00:01.620 81.876439 0.000000 39.672699 90.739461 0.642792 -0.235974 10.307348 0.404508 0.242705 0.121353 0.970820 0.000000 0.161803
164 12:00:01.630 84.160466 0.000000 35.746590 95.973769 0.603996 -0.263959 10.373605 0.388573 0.233144 0.116572 0.932575 0.000000 0.155429
165 12:00:01.640 88.415058 1.302036 29.499472 97.305394 0.604326 -0.304828 10.307897 0.371572 0.222943 0.111472 0.891774 0.000000 0.148629
166 12:00:01.650 88.069750 2.026794 28.632264 99.237349 0.574760 -0.248208 10.283962 0.353553 0.212132 0.106066 0.848528 0.000000 0.141421
167 12:00:01.660 86.162330 0.211481 24.815244 99.711627 0.570073 -0.296976 10.240419 0.334565 0.200739 0.100370 0.802957 0.000000 0.133826
168 12:00:01.670 88.699236 0.241153 22.529180 100.192073 0.462431 -0.311590 10.231737 0.314660 0.188796 0.094398 0.755184 0.000000 0.125864
169 12:00:01.680 86.239302 0.000000 18.276470 100.289440 0.478191 -0.328955 10.179424 0.293893 0.176336 0.088168 0.705342 0.000000 0.117557
170 12:00:01.690 85.311935 0.000000 13.676107 97.838382 0.441304 -0.337065 10.187395 0.272320 0.163392 0.081696 0.653567 0.000000 0.108928
171 12:00:01.700 82.312327 0.253731 13.734259 95.214862 0.394329 -0.323073 10.165271 0.250000 0.150000 0.075000 0.600000 0.000000 0.100000
172 12:00:01.710 79.665729 0.000000 11.335603 89.822771 0.358833 -0.348794 10.091170 0.226995 0.136197 0.068099 0.544789 0.000000 0.090798
173 12:00:01.720 74.138442 0.107152 8.700690 83.967895 0.280618 -0.375782 10.058305 0.203368 0.122021 0.061010 0.488084 0.000000 0.081347
174 12:00:01.730 68.453763 0.000000 6.293474 78.617625 0.276142 -0.375025 10.076802 0.179184 0.107510 0.053755 0.430042 0.000000 0.071674
175 12:00:01.740 65.955348 0.304423 4.519487 73.062988 0.220629 -0.409408 10.037512 0.154508 0.092705 0.046353 0.370820 0.000000 0.061803
176 12:00:01.750 61.333825 0.000000 5.831962 67.076254 0.218660 -0.366337 9.951134 0.129410 0.077646 0.038823 0.310583 0.000000 0.051764
177 12:00:01.760 52.949432 0.000000 2.318471 59.704213 0.128623 -0.408457 9.970901 0.103956 0.062374 0.031187 0.249494 0.000000 0.041582
178 12:00:01.770 46.594626 0.000000 2.955991 52.687333 0.122805 -0.358931 9.899494 0.078217 0.046930 0.023465 0.187721 0.000000 0.031287
179 12:00:01.780 44.212178 1.253432 2.158870 45.975550 0.086404 -0.397276 9.896359 0.052264 0.031359 0.015679 0.125434 0.000000 0.020906
180 12:00:01.790 36.439263 0.000000 1.789040 43.262023 0.019712 -0.421569 9.863158 0.026168 0.015701 0.007850 0.062803 0.000000 0.010467
181 12:00:01.800 30.259963 0.957318 2.838404 36.475692 0.025166 -0.398729 9.843986 0.000000 0.000000 0.000000 0.000000 0.000000 0.000000
182 12:00:01.810 27.505691 0.000000 2.010932 29.978919 -0.074597 -0.361051 9.754918 -0.026168 -0.015701 -0.007850 -0.062803 0.000000 -0.010467
183 12:00:01.820 0.000000 0.000000 0.000000 0.000000 -0.046417 -0.424710 9.729741 -0.052264 -0.031359 -0.015679 -0.125434 0.000000 -0.020906
184 12:00:01.830 0.000000 0.000000 0.000000 0.000000 -0.108316 -0.391329 9.721128 -0.078217 -0.046930 -0.023465 -0.187721 0.000000 -0.031287
185 12:00:01.840 0.000000 0.000000 0.000000 0.000000 -0.193749 -0.381231 9.617271 -0.103956 -0.062374 -0.031187 -0.249494 0.000000 -0.041582
186 12:00:01.850 0.000000 0.000000 0.000000 0.000000 -0.214821 -0.386728 9.622017 -0.129410 -0.077646 -0.038823 -0.310583 0.000000 -0.051764
187 12:00:01.860 0.000000 0.000000 0.000000 0.000000 -0.250932 -0.374220 9.619445 -0.154508 -0.092705 -0.046353 -0.370820 0.000000 -0.061803
188 12:00:01.870 0.000000 0.000000 0.000000 0.000000 -0.309097 -0.365520 9.567777 -0.179184 -0.107510 -0.053755 -0.430042 0.000000 -0.071674
189 12:00:01.880 0.000000 0.000000 0.000000 0.000000 -0.306687 -0.363535 9.517216 -0.203368 -0.122021 -0.061010 -0.488084 0.000000 -0.081347
190 12:00:01.890 0.000000 0.000000 0.000000 0.000000 -0.370336 -0.326100 9.542210 -0.226995 -0.136197 -0.068099 -0.544789 0.000000 -0.090798
191 12:00:01.900 0.000000 0.000000 0.000000 0.000000 -0.386111 -0.340065 9.446722 -0.250000 -0.150000 -0.075000 -0.600000 0.000000 -0.100000
192 12:00:01.910 0.000000 0.000000 0.000000 0.000000 -0.440535 -0.366793 9.403522 -0.272320 -0.163392 -0.081696 -0.653567 0.000000 -0.108928
193 12:00:01.920 0.000000 0.000000 0.000000 0.000000 -0.451532 -0.337758 9.373404 -0.293893 -0.176336 -0.088168 -0.705342 0.000000 -0.117557
194 12:00:01.930 0.000000 0.000000 0.000000 0.000000 -0.513071 -0.283014 9.387804 -0.314660 -0.188796 -0.094398 -0.755184 0.000000 -0.125864
195 12:00:01.940 0.000000 0.000000 0.000000 0.000000 -0.533670 -0.300392 9.351723 -0.334565 -0.200739 -0.100370 -0.802957 0.000000 -0.133826
196 12:00:01.950 0.000000 0.000000 0.000000 0.000000 -0.576775 -0.256081 9.281293 -0.353553 -0.212132 -0.106066 -0.848528 0.000000 -0.141421
197 12:00:01.960 0.000000 0.000000 0.000000 0.000000 -0.609298 -0.261100 9.300727 -0.371572 -0.222943 -0.111472 -0.891774 0.000000 -0.148629
198 12:00:01.970 0.000000 0.000000 0.000000 0.000000 -0.610929 -0.285712 9.239580 -0.388573 -0.233144 -0.116572 -0.932575 0.000000 -0.155429
199 12:00:01.980 0.000000 0.000000 0.000000 0.000000 -0.642763 -0.240894 9.181666 -0.404508 -0.242705 -0.121353 -0.970820 0.000000 -0.161803
200 12:00:01.990 0.000000 0.000000 0.000000 0.000000 -0.645764 -0.209100 9.212102 -0.419335 -0.251601 -0.125801 -1.006405 0.000000 -0.167734
201 12:00:02.000 0.000000 0.000000 0.000000 0.000000 -0.711178 -0.214003 9.181633 -0.433013 -0.259808 -0.129904 -1.039230 0.000000 -0.173205
202 12:00:02.010 0.000000 0.000000 0.000000 0.000000 -0.712744 -0.172652 9.236365 -0.445503 -0.267302 -0.133651 -1.069208 0.000000 -0.178201
203 12:00:02.020 0.000000 0.000000 0.000000 0.000000 -0.738427 -0.141867 9.160700 -0.456773 -0.274064 -0.137032 -1.096255 0.000000 -0.182709
204 12:00:02.030 0.000000 0.000000 0.000000 0.000000 -0.741606 -0.147045 9.133055 -0.466790 -0.280074 -0.140037 -1.120297 0.000000 -0.186716
205 12:00:02.040 0.000000 0.000000 0.000000 0.000000 -0.760847 -0.121895 9.120374 -0.475528 -0.285317 -0.142658 -1.141268 0.000000 -0.190211
206 12:00:02.050 0.000000 0.000000 0.000000 0.000000 -0.756604 -0.130493 9.111089 -0.482963 -0.289778 -0.144889 -1.159111 0.000000 -0.193185
207 12:00:02.060 0.000000 0.000000 0.000000 0.000000 -0.756636 -0.077860 9.191930 -0.489074 -0.293444 -0.146722 -1.173777 0.000000 -0.195630
208 12:00:02.070 0.000000 0.000000 0.000000 0.000000 -0.764699 -0.056148 9.109627 -0.493844 -0.296307 -0.148153 -1.185226 0.000000 -0.197538
209 12:00:02.080 0.000000 0.000000 0.000000 0.000000 -0.787496 -0.059904 9.130190 -0.497261 -0.298357 -0.149178 -1.193426 0.000000 -0.198904
210 12:00:02.090 0.000000 0.000000 0.000000 0.000000 -0.811507 -0.015841 9.076418 -0.499315 -0.299589 -0.149794 -1.198355 0.000000 -0.199726
211 12:00:02.100 0.000000 0.000000 0.000000 0.000000 -0.797881 -0.000850 9.078986 -0.500000 -0.300000 -0.150000 -1.200000 0.000000 -0.200000
212 12:00:02.110 0.000000 0.000000 0.000000 0.000000 -0.815524 0.044817 9.166327 -0.499315 -0.299589 -0.149794 -1.198355 0.000000 -0.199726
213 12:00:02.120 0.000000 0.000000 0.000000 0.000000 -0.786545 0.028993 9.185709 -0.497261 -0.298357 -0.149178 -1.193426 0.000000 -0.198904
214 12:00:02.130 0.000000 0.000000 0.000000 0.000000 -0.763280 0.080955 9.146252 -0.493844 -0.296307 -0.148153 -1.185226 0.000000 -0.197538
215 12:00:02.140 0.000000 0.000000 0.000000 0.000000 -0.760447 0.104509 9.122442 -0.489074 -0.293444 -0.146722 -1.173777 0.000000 -0.195630
216 12:00:02.150 0.000000 0.000000 0.000000 0.000000 -0.759159 0.096412 9.129638 -0.482963 -0.289778 -0.144889 -1.159111 0.000000 -0.193185
217 12:00:02.160 0.000000 0.000000 0.000000 0.000000 -0.748268 0.136965 9.182415 -0.475528 -0.285317 -0.142658 -1.141268 0.000000 -0.190211
218 12:00:02.170 0.000000 0.000000 0.000000 0.000000 -0.761811 0.147625 9.232475 -0.466790 -0.280074 -0.140037 -1.120297 0.000000 -0.186716
219 12:00:02.180 0.000000 0.000000 0.000000 0.000000 -0.734245 0.174371 9.171755 -0.456773 -0.274064 -0.137032 -1.096255 0.000000 -0.182709
220 12:00:02.190 0.000000 0.000000 0.000000 0.000000 -0.722628 0.187866 9.098424 -0.445503 -0.267302 -0.133651 -1.069208 0.000000 -0.178201
221 12:00:02.200 0.000000 0.000000 0.000000 0.000000 -0.657818 0.220647 9.208843 -0.433013 -0.259808 -0.129904 -1.039230 0.000000 -0.173205
222 12:00:02.210 0.000000 0.000000 0.000000 0.000000 -0.648799 0.218479 9.258076 -0.419335 -0.251601 -0.125801 -1.006405 0.000000 -0.167734
223 12:00:02.220 0.000000 0.000000 0.000000 0.000000 -0.669015 0.234282 9.234469 -0.404508 -0.242705 -0.121353 -0.970820 0.000000 -0.161803
224 12:00:02.230 0.000000 0.000000 0.000000 0.000000 -0.637480 0.254930 9.286251 -0.388573 -0.233144 -0.116572 -0.932575 0.000000 -0.155429
225 12:00:02.240 0.000000 0.000000 0.000000 0.000000 -0.571417 0.274665 9.267783 -0.371572 -0.222943 -0.111472 -0.891774 0.000000 -0.148629
226 12:00:02.250 0.000000 0.000000 0.000000 0.000000 -0.563935 0.267704 9.304582 -0.353553 -0.212132 -0.106066 -0.848528 0.000000 -0.141421
227 12:00:02.260 0.000000 0.000000 0.000000 0.000000 -0.534152 0.303939 9.340961 -0.334565 -0.200739 -0.100370 -0.802957 0.000000 -0.133826
228 12:00:02.270 0.000000 0.000000 0.000000 0.000000 -0.501553 0.287497 9.393433 -0.314660 -0.188796 -0.094398 -0.755184 0.000000 -0.125864
229 12:00:02.280 0.000000 0.000000 0.000000 0.000000 -0.488744 0.347703 9.420373 -0.293893 -0.176336 -0.088168 -0.705342 0.000000 -0.117557
230 12:00:02.290 0.000000 0.000000 0.000000 0.000000 -0.434287 0.319076 9.424404 -0.272320 -0.163392 -0.081696 -0.653567 0.000000 -0.108928
231 12:00:02.300 0.000000 0.000000 0.000000 0.000000 -0.382205 0.340825 9.480198 -0.250000 -0.150000 -0.075000 -0.600000 0.000000 -0.100000
232 12:00:02.310 0.000000 0.000000 0.000000 0.000000 -0.376384 0.328604 9.490053 -0.226995 -0.136197 -0.068099 -0.544789 0.000000 -0.090798
233 12:00:02.320 0.000000 0.000000 0.000000 0.000000 -0.307958 0.381755 9.563266 -0.203368 -0.122021 -0.061010 -0.488084 0.000000 -0.081347
234 12:00:02.330 0.000000 0.000000 0.000000 0.000000 -0.291715 0.378850 9.580150 -0.179184 -0.107510 -0.053755 -0.430042 0.000000 -0.071674
235 12:00:02.340 0.000000 0.000000 0.000000 0.000000 -0.225501 0.381703 9.587525 -0.154508 -0.092705 -0.046353 -0.370820 0.000000 -0.061803
236 12:00:02.350 0.000000 0.000000 0.000000 0.000000 -0.246133 0.401928 9.651844 -0.129410 -0.077646 -0.038823 -0.310583 0.000000 -0.051764
237 12:00:02.360 0.000000 0.000000 0.000000 0.000000 -0.191828 0.390667 9.653494 -0.103956 -0.062374 -0.031187 -0.249494 0.000000 -0.041582
238 12:00:02.370 0.000000 0.000000 0.000000 0.000000 -0.096165 0.356609 9.667348 -0.078217 -0.046930 -0.023465 -0.187721 0.000000 -0.031287
239 12:00:02.380 0.000000 0.000000 0.000000 0.000000 -0.067441 0.417382 9.753890 -0.052264 -0.031359 -0.015679 -0.125434 0.000000 -0.020906
240 12:00:02.390 0.000000 0.000000 0.000000 0.000000 -0.064453 0.368710 9.725844 -0.026168 -0.015701 -0.007850 -0.062803 0.000000 -0.010467
241 12:00:02.400 0.000000 76.176789 0.309750 0.000000 0.007050 0.386166 9.813598 0.000000 0.000000 0.000000 0.000000 0.000000 0.000000
242 12:00:02.410 0.000000 91.373142 0.789632 0.000000 0.046395 0.413890 9.851457 0.026168 0.015701 0.007850 0.062803 0.000000 0.010467
243 12:00:02.420 0.000000 106.417260 1.837285 0.000000 0.072006 0.369112 9.910041 0.052264 0.031359 0.015679 0.125434 0.000000 0.020906
244 12:00:02.430 0.635521 124.766930 0.727825 0.076365 0.130875 0.369196 9.848712 0.078217 0.046930 0.023465 0.187721 0.000000 0.031287
245 12:00:02.440 0.102400 140.236551 3.533460 0.000000 0.177738 0.385177 9.934782 0.103956 0.062374 0.031187 0.249494 0.000000 0.041582
246 12:00:02.450 0.000000 156.384428 5.375943 0.583621 0.222372 0.389047 10.049570 0.129410 0.077646 0.038823 0.310583 0.000000 0.051764
247 12:00:02.460 0.592816 171.417821 3.960933 0.000000 0.185029 0.366656 10.003737 0.154508 0.092705 0.046353 0.370820 0.000000 0.061803
248 12:00:02.470 0.220374 183.311541 5.866295 0.000000 0.304960 0.402672 10.047700 0.179184 0.107510 0.053755 0.430042 0.000000 0.071674
249 12:00:02.480 1.230895 195.042276 9.264275 0.576614 0.291030 0.367869 10.066773 0.203368 0.122021 0.061010 0.488084 0.000000 0.081347
250 12:00:02.490 0.747678 203.550370 8.856277 0.000000 0.385027 0.391035 10.145019 0.226995 0.136197 0.068099 0.544789 0.000000 0.090798
251 12:00:02.500 0.292006 206.590463 10.249003 1.150967 0.416279 0.359954 10.102411 0.250000 0.150000 0.075000 0.600000 0.000000 0.100000
252 12:00:02.510 0.000000 210.261664 14.405304 0.000000 0.396429 0.363929 10.166035 0.272320 0.163392 0.081696 0.653567 0.000000 0.108928
253 12:00:02.520 0.250042 206.506364 16.460747 0.000000 0.501122 0.335261 10.243704 0.293893 0.176336 0.088168 0.705342 0.000000 0.117557
254 12:00:02.530 0.000000 204.455488 17.739099 1.893775 0.518298 0.298669 10.231715 0.314660 0.188796 0.094398 0.755184 0.000000 0.125864
255 12:00:02.540 0.000000 195.100075 20.538096 0.181920 0.503936 0.278042 10.314114 0.334565 0.200739 0.100370 0.802957 0.000000 0.133826
256 12:00:02.550 0.000000 183.963489 23.341860 1.783134 0.594956 0.284216 10.269124 0.353553 0.212132 0.106066 0.848528 0.000000 0.141421
257 12:00:02.560 0.000000 170.331495 28.052535 0.145271 0.602629 0.280263 10.295834 0.371572 0.222943 0.111472 0.891774 0.000000 0.148629
258 12:00:02.570 0.244032 156.215692 31.442104 1.681155 0.609574 0.280675 10.367031 0.388573 0.233144 0.116572 0.932575 0.000000 0.155429
259 12:00:02.580 2.873118 139.967085 38.869969 0.000000 0.615806 0.208792 10.382154 0.404508 0.242705 0.121353 0.970820 0.000000 0.161803
260 12:00:02.590 1.814110 123.159840 38.977894 0.570022 0.709570 0.251862 10.406913 0.419335 0.251601 0.125801 1.006405 0.000000 0.167734
261 12:00:02.600 2.017095 107.128336 44.803758 3.324916 0.705492 0.194037 10.418575 0.433013 0.259808 0.129904 1.039230 0.000000 0.173205
262 12:00:02.610 1.848228 90.650497 49.173657 3.804911 0.740475 0.156380 10.475540 0.445503 0.267302 0.133651 1.069208 0.000000 0.178201
263 12:00:02.620 4.061876 77.144000 54.366780 3.958497 0.766450 0.162911 10.480826 0.456773 0.274064 0.137032 1.096255 0.000000 0.182709
264 12:00:02.630 2.504683 63.499961 58.249278 2.579305 0.752687 0.140161 10.448276 0.466790 0.280074 0.140037 1.120297 0.000000 0.186716
265 12:00:02.640 3.901895 53.295663 61.588522 6.753888 0.762106 0.103348 10.478727 0.475528 0.285317 0.142658 1.141268 0.000000 0.190211
266 12:00:02.650 6.982299 41.336542 65.802695 6.043160 0.749531 0.113617 10.504235 0.482963 0.289778 0.144889 1.159111 0.000000 0.193185
267 12:00:02.660 9.779616 31.292122 69.893272 10.450432 0.804881 0.058535 10.466779 0.489074 0.293444 0.146722 1.173777 0.000000 0.195630
268 12:00:02.670 9.659620 25.025010 69.747652 14.498860 0.781101 0.042419 10.489104 0.493844 0.296307 0.148153 1.185226 0.000000 0.197538
269 12:00:02.680 14.590744 17.576425 73.166740 15.629938 0.792283 0.063228 10.481960 0.497261 0.298357 0.149178 1.193426 0.000000 0.198904
270 12:00:02.690 15.916728 14.804188 74.633294 20.875224 0.825526 -0.001229 10.486967 0.499315 0.299589 0.149794 1.198355 0.000000 0.199726
271 12:00:02.700 19.955528 10.566457 75.218732 24.609388 0.781631 -0.030456 10.470998 0.500000 0.300000 0.150000 1.200000 0.000000 0.200000
272 12:00:02.710 23.211742 7.338916 75.498052 27.808104 0.812889 0.001211 10.541706 0.499315 0.299589 0.149794 1.198355 0.000000 0.199726
273 12:00:02.720 28.911214 5.099952 76.713952 31.514441 0.779411 -0.047604 10.491663 0.497261 0.298357 0.149178 1.193426 0.000000 0.198904
274 12:00:02.730 33.389467 4.505097 72.477594 38.488258 0.782271 -0.068133 10.472682 0.493844 0.296307 0.148153 1.185226 0.000000 0.197538
275 12:00:02.740 38.512588 3.428341 69.722507 44.175620 0.784093 -0.056984 10.467375 0.489074 0.293444 0.146722 1.173777 0.000000 0.195630
276 12:00:02.750 44.783689 1.134071 66.438764 49.798883 0.767026 -0.113826 10.495047 0.482963 0.289778 0.144889 1.159111 0.000000 0.193185
277 12:00:02.760 48.266689 0.613644 65.761710 57.148840 0.741388 -0.128394 10.516704 0.475528 0.285317 0.142658 1.141268 0.000000 0.190211
278 12:00:02.770 53.997557 0.986506 62.513814 61.868202 0.733449 -0.138003 10.404981 0.466790 0.280074 0.140037 1.120297 0.000000 0.186716
279 12:00:02.780 59.909659 0.000000 58.420077 69.265592 0.717757 -0.143295 10.464525 0.456773 0.274064 0.137032 1.096255 0.000000 0.182709
280 12:00:02.790 65.955252 0.143553 53.923745 73.546212 0.744549 -0.166798 10.398205 0.445503 0.267302 0.133651 1.069208 0.000000 0.178201
281 12:00:02.800 70.820670 1.062641 48.644154 82.480929 0.694594 -0.197223 10.439017 0.433013 0.259808 0.129904 1.039230 0.000000 0.173205
282 12:00:02.810 75.755856 0.549561 43.858265 84.775459 0.680464 -0.213284 10.364330 0.419335 0.251601 0.125801 1.006405 0.000000 0.167734
283 12:00:02.820 81.700522 1.394571 39.677070 91.311103 0.655992 -0.222140 10.359067 0.404508 0.242705 0.121353 0.970820 0.000000 0.161803
284 12:00:02.830 85.233026 0.222806 37.227898 95.901174 0.618145 -0.248034 10.342900 0.388573 0.233144 0.116572 0.932575 0.000000 0.155429
285 12:00:02.840 85.273635 0.000000 32.887434 98.459470 0.579643 -0.289473 10.331961 0.371572 0.222943 0.111472 0.891774 0.000000 0.148629
286 12:00:02.850 88.631762 0.733598 28.410964 100.734751 0.544809 -0.281900 10.303288 0.353553 0.212132 0.106066 0.848528 0.000000 0.141421
287 12:00:02.860 88.238983 0.000000 24.249602 100.519154 0.546861 -0.265655 10.341483 0.334565 0.200739 0.100370 0.802957 0.000000 0.133826
288 12:00:02.870 87.870789 1.027769 21.938523 99.973194 0.524700 -0.316749 10.272845 0.314660 0.188796 0.094398 0.755184 0.000000 0.125864
289 12:00:02.880 88.265925 0.000000 18.212947 98.784660 0.511486 -0.340913 10.253980 0.293893 0.176336 0.088168 0.705342 0.000000 0.117557
290 12:00:02.890 84.205772 0.000000 14.494206 96.360848 0.429839 -0.332013 10.143607 0.272320 0.163392 0.081696 0.653567 0.000000 0.108928
291 12:00:02.900 83.204885 0.000000 12.699064 93.386313 0.401787 -0.374715 10.117297 0.250000 0.150000 0.075000 0.600000 0.000000 0.100000
292 12:00:02.910 79.351168 0.000000 9.210234 88.921825 0.363989 -0.329058 10.128015 0.226995 0.136197 0.068099 0.544789 0.000000 0.090798
293 12:00:02.920 74.893878 0.000000 8.991690 84.451878 0.344708 -0.361038 10.110720 0.203368 0.122021 0.061010 0.488084 0.000000 0.081347
294 12:00:02.930 69.890377 0.140761 6.162306 81.073871 0.310079 -0.396504 10.000135 0.179184 0.107510 0.053755 0.430042 0.000000 0.071674
295 12:00:02.940 64.903451 0.000000 6.115186 71.967318 0.257351 -0.355992 9.995113 0.154508 0.092705 0.046353 0.370820 0.000000 0.061803
296 12:00:02.950 60.934046 0.198686 6.598463 65.094775 0.216399 -0.371755 10.031955 0.129410 0.077646 0.038823 0.310583 0.000000 0.051764
297 12:00:02.960 55.371166 0.000000 4.686975 60.271322 0.178538 -0.403212 9.968605 0.103956 0.062374 0.031187 0.249494 0.000000 0.041582
298 12:00:02.970 47.193756 0.000000 3.878145 52.946086 0.117523 -0.418840 9.878203 0.078217 0.046930 0.023465 0.187721 0.000000 0.031287
299 12:00:02.980 40.893685 0.000000 1.739807 47.706639 0.091541 -0.398513 9.888235 0.052264 0.031359 0.015679 0.125434 0.000000 0.020906
300 12:00:02.990 36.955841 1.517829 1.985509 41.767208 0.073385 -0.375823 9.823516 0.026168 0.015701 0.007850 0.062803 0.000000 0.010467
301 12:00:03.000 31.868726 1.059401 2.393585 36.941991 -0.016427 -0.402404 9.815440 0.000000 0.000000 0.000000 0.000000 0.000000 0.000000
302 12:00:03.010 28.934107 0.007123 0.368622 29.346676 -0.044325 -0.395395 9.771390 -0.026168 -0.015701 -0.007850 -0.062803 0.000000 -0.010467
303 12:00:03.020 0.000000 0.000000 0.000000 0.000000 -0.085000 -0.401546 9.724152 -0.052264 -0.031359 -0.015679 -0.125434 0.000000 -0.020906
304 12:00:03.030 0.000000 0.000000 0.000000 0.000000 -0.125059 -0.395081 9.674029 -0.078217 -0.046930 -0.023465 -0.187721 0.000000 -0.031287
305 12:00:03.040 0.000000 0.000000 0.000000 0.000000 -0.198672 -0.365495 9.668521 -0.103956 -0.062374 -0.031187 -0.249494 0.000000 -0.041582
306 12:00:03.050 0.000000 0.000000 0.000000 0.000000 -0.167609 -0.418584 9.583921 -0.129410 -0.077646 -0.038823 -0.310583 0.000000 -0.051764
307 12:00:03.060 0.000000 0.000000 0.000000 0.000000 -0.232722 -0.393529 9.598237 -0.154508 -0.092705 -0.046353 -0.370820 0.000000 -0.061803
308 12:00:03.070 0.000000 0.000000 0.000000 0.000000 -0.291692 -0.391738 9.517578 -0.179184 -0.107510 -0.053755 -0.430042 0.000000 -0.071674
309 12:00:03.080 0.000000 0.000000 0.000000 0.000000 -0.264099 -0.396344 9.507404 -0.203368 -0.122021 -0.061010 -0.488084 0.000000 -0.081347
310 12:00:03.090 0.000000 0.000000 0.000000 0.000000 -0.383971 -0.319780 9.525941 -0.226995 -0.136197 -0.068099 -0.544789 0.000000 -0.090798
311 12:00:03.100 0.000000 0.000000 0.000000 0.000000 -0.423134 -0.377120 9.479508 -0.250000 -0.150000 -0.075000 -0.600000 0.000000 -0.100000
312 12:00:03.110 0.000000 0.000000 0.000000 0.000000 -0.444712 -0.316527 9.432938 -0.272320 -0.163392 -0.081696 -0.653567 0.000000 -0.108928
313 12:00:03.120 0.000000 0.000000 0.000000 0.000000 -0.447113 -0.345769 9.432330 -0.293893 -0.176336 -0.088168 -0.705342 0.000000 -0.117557
314 12:00:03.130 0.000000 0.000000 0.000000 0.000000 -0.493253 -0.312008 9.423494 -0.314660 -0.188796 -0.094398 -0.755184 0.000000 -0.125864
315 12:00:03.140 0.000000 0.000000 0.000000 0.000000 -0.545791 -0.327997 9.355058 -0.334565 -0.200739 -0.100370 -0.802957 0.000000 -0.133826
316 12:00:03.150 0.000000 0.000000 0.000000 0.000000 -0.571392 -0.276543 9.293499 -0.353553 -0.212132 -0.106066 -0.848528 0.000000 -0.141421
317 12:00:03.160 0.000000 0.000000 0.000000 0.000000 -0.595190 -0.273623 9.310380 -0.371572 -0.222943 -0.111472 -0.891774 0.000000 -0.148629
318 12:00:03.170 0.000000 0.000000 0.000000 0.000000 -0.615787 -0.246133 9.287922 -0.388573 -0.233144 -0.116572 -0.932575 0.000000 -0.155429
319 12:00:03.180 0.000000 0.000000 0.000000 0.000000 -0.660054 -0.231192 9.263759 -0.404508 -0.242705 -0.121353 -0.970820 0.000000 -0.161803
320 12:00:03.190 0.000000 0.000000 0.000000 0.000000 -0.664757 -0.239646 9.204467 -0.419335 -0.251601 -0.125801 -1.006405 0.000000 -0.167734
321 12:00:03.200 0.000000 0.000000 0.000000 0.000000 -0.731437 -0.231470 9.212484 -0.433013 -0.259808 -0.129904 -1.039230 0.000000 -0.173205
322 12:00:03.210 0.000000 0.000000 0.000000 0.000000 -0.686091 -0.180535 9.192566 -0.445503 -0.267302 -0.133651 -1.069208 0.000000 -0.178201
323 12:00:03.220 0.000000 0.000000 0.000000 0.000000 -0.750311 -0.176069 9.214212 -0.456773 -0.274064 -0.137032 -1.096255 0.000000 -0.182709
324 12:00:03.230 0.000000 0.000000 0.000000 0.000000 -0.734490 -0.139030 9.140219 -0.466790 -0.280074 -0.140037 -1.120297 0.000000 -0.186716
325 12:00:03.240 0.000000 0.000000 0.000000 0.000000 -0.763763 -0.132355 9.152490 -0.475528 -0.285317 -0.142658 -1.141268 0.000000 -0.190211
326 12:00:03.250 0.000000 0.000000 0.000000 0.000000 -0.742065 -0.105200 9.129953 -0.482963 -0.289778 -0.144889 -1.159111 0.000000 -0.193185
327 12:00:03.260 0.000000 0.000000 0.000000 0.000000 -0.786115 -0.071219 9.136662 -0.489074 -0.293444 -0.146722 -1.173777 0.000000 -0.195630
328 12:00:03.270 0.000000 0.000000 0.000000 0.000000 -0.755042 -0.053118 9.133124 -0.493844 -0.296307 -0.148153 -1.185226 0.000000 -0.197538
329 12:00:03.280 0.000000 0.000000 0.000000 0.000000 -0.794518 -0.044339 9.116248 -0.497261 -0.298357 -0.149178 -1.193426 0.000000 -0.198904
330 12:00:03.290 0.000000 0.000000 0.000000 0.000000 -0.809232 0.000035 9.096693 -0.499315 -0.299589 -0.149794 -1.198355 0.000000 -0.199726
331 12:00:03.300 0.000000 0.000000 0.000000 0.000000 -0.837595 -0.019544 9.105145 -0.500000 -0.300000 -0.150000 -1.200000 0.000000 -0.200000
332 12:00:03.310 0.000000 0.000000 0.000000 0.000000 -0.810674 0.022258 9.098276 -0.499315 -0.299589 -0.149794 -1.198355 0.000000 -0.199726
333 12:00:03.320 0.000000 0.000000 0.000000 0.000000 -0.800861 0.053597 9.162345 -0.497261 -0.298357 -0.149178 -1.193426 0.000000 -0.198904
334 12:00:03.330 0.000000 0.000000 0.000000 0.000000 -0.779966 0.051776 9.099186 -0.493844 -0.296307 -0.148153 -1.185226 0.000000 -0.197538
335 12:00:03.340 0.000000 0.000000 0.000000 0.000000 -0.782203 0.062347 9.137453 -0.489074 -0.293444 -0.146722 -1.173777 0.000000 -0.195630
336 12:00:03.350 0.000000 0.000000 0.000000 0.000000 -0.762327 0.116497 9.151414 -0.482963 -0.289778 -0.144889 -1.159111 0.000000 -0.193185
337 12:00:03.360 0.000000 0.000000 0.000000 0.000000 -0.752444 0.147581 9.153787 -0.475528 -0.285317 -0.142658 -1.141268 0.000000 -0.190211
338 12:00:03.370 0.000000 0.000000 0.000000 0.000000 -0.745392 0.145613 9.108971 -0.466790 -0.280074 -0.140037 -1.120297 0.000000 -0.186716
339 12:00:03.380 0.000000 0.000000 0.000000 0.000000 -0.707208 0.121498 9.167153 -0.456773 -0.274064 -0.137032 -1.096255 0.000000 -0.182709
340 12:00:03.390 0.000000 0.000000 0.000000 0.000000 -0.687968 0.173185 9.178328 -0.445503 -0.267302 -0.133651 -1.069208 0.000000 -0.178201
341 12:00:03.400 0.000000 0.000000 0.000000 0.000000 -0.660124 0.208383 9.203484 -0.433013 -0.259808 -0.129904 -1.039230 0.000000 -0.173205
342 12:00:03.410 0.000000 0.000000 0.000000 0.000000 -0.641136 0.220313 9.269260 -0.419335 -0.251601 -0.125801 -1.006405 0.000000 -0.167734
343 12:00:03.420 0.000000 0.000000 0.000000 0.000000 -0.624931 0.255931 9.295936 -0.404508 -0.242705 -0.121353 -0.970820 0.000000 -0.161803
344 12:00:03.430 0.000000 0.000000 0.000000 0.000000 -0.646800 0.247007 9.258210 -0.388573 -0.233144 -0.116572 -0.932575 0.000000 -0.155429
345 12:00:03.440 0.000000 0.000000 0.000000 0.000000 -0.608973 0.269941 9.288672 -0.371572 -0.222943 -0.111472 -0.891774 0.000000 -0.148629
346 12:00:03.450 0.000000 0.000000 0.000000 0.000000 -0.569633 0.287225 9.300963 -0.353553 -0.212132 -0.106066 -0.848528 0.000000 -0.141421
347 12:00:03.460 0.000000 0.000000 0.000000 0.000000 -0.542610 0.265774 9.314446 -0.334565 -0.200739 -0.100370 -0.802957 0.000000 -0.133826
348 12:00:03.470 0.000000 0.000000 0.000000 0.000000 -0.501801 0.333429 9.342529 -0.314660 -0.188796 -0.094398 -0.755184 0.000000 -0.125864
349 12:00:03.480 0.000000 0.000000 0.000000 0.000000 -0.496532 0.340405 9.405820 -0.293893 -0.176336 -0.088168 -0.705342 0.000000 -0.117557
350 12:00:03.490 0.000000 0.000000 0.000000 0.000000 -0.459315 0.341647 9.416441 -0.272320 -0.163392 -0.081696 -0.653567 0.000000 -0.108928
351 12:00:03.500 0.000000 0.000000 0.000000 0.000000 -0.366628 0.340353 9.451871 -0.250000 -0.150000 -0.075000 -0.600000 0.000000 -0.100000
352 12:00:03.510 0.000000 0.000000 0.000000 0.000000 -0.348287 0.341964 9.501672 -0.226995 -0.136197 -0.068099 -0.544789 0.000000 -0.090798
353 12:00:03.520 0.000000 0.000000 0.000000 0.000000 -0.348970 0.401130 9.494528 -0.203368 -0.122021 -0.061010 -0.488084 0.000000 -0.081347
354 12:00:03.530 0.000000 0.000000 0.000000 0.000000 -0.321815 0.366961 9.572031 -0.179184 -0.107510 -0.053755 -0.430042 0.000000 -0.071674
355 12:00:03.540 0.000000 0.000000 0.000000 0.000000 -0.271425 0.396514 9.610504 -0.154508 -0.092705 -0.046353 -0.370820 0.000000 -0.061803
356 12:00:03.550 0.000000 0.000000 0.000000 0.000000 -0.217800 0.384170 9.672816 -0.129410 -0.077646 -0.038823 -0.310583 0.000000 -0.051764
357 12:00:03.560 0.000000 0.000000 0.000000 0.000000 -0.180230 0.400159 9.642257 -0.103956 -0.062374 -0.031187 -0.249494 0.000000 -0.041582
358 12:00:03.570 0.000000 0.000000 0.000000 0.000000 -0.087534 0.378605 9.672075 -0.078217 -0.046930 -0.023465 -0.187721 0.000000 -0.031287
359 12:00:03.580 0.000000 0.000000 0.000000 0.000000 -0.089691 0.423610 9.755787 -0.052264 -0.031359 -0.015679 -0.125434 0.000000 -0.020906
360 12:00:03.590 0.000000 0.000000 0.000000 0.000000 -0.011911 0.439728 9.787904 -0.026168 -0.015701 -0.007850 -0.062803 0.000000 -0.010467
361 12:00:03.600 0.000000 77.105760 0.000000 0.000000 0.009927 0.412273 9.772412 0.000000 0.000000 0.000000 0.000000 0.000000 0.000000
362 12:00:03.610 0.659876 91.673529 0.517770 1.102892 0.048932 0.396347 9.868705 0.026168 0.015701 0.007850 0.062803 0.000000 0.010467
363 12:00:03.620 0.301743 107.876402 1.295647 0.000000 0.078429 0.401781 9.866218 0.052264 0.031359 0.015679 0.125434 0.000000 0.020906
364 12:00:03.630 1.065419 123.913044 2.064937 0.233522 0.127996 0.382898 9.865755 0.078217 0.046930 0.023465 0.187721 0.000000 0.031287
365 12:00:03.640 0.312080 141.017368 3.671438 0.041990 0.166551 0.400648 9.964998 0.103956 0.062374 0.031187 0.249494 0.000000 0.041582
366 12:00:03.650 0.000000 156.008161 3.657119 1.980461 0.184818 0.402991 9.996494 0.129410 0.077646 0.038823 0.310583 0.000000 0.051764
367 12:00:03.660 0.000000 169.413825 5.261563 2.089594 0.286044 0.358912 9.989294 0.154508 0.092705 0.046353 0.370820 0.000000 0.061803
368 12:00:03.670 0.000000 183.591081 3.499324 0.847533 0.251197 0.357338 10.096407 0.179184 0.107510 0.053755 0.430042 0.000000 0.071674
369 12:00:03.680 1.683868 196.023179 9.123328 0.000000 0.307720 0.387346 10.115600 0.203368 0.122021 0.061010 0.488084 0.000000 0.081347
370 12:00:03.690 0.000000 203.517310 7.469170 0.504925 0.365748 0.384703 10.164050 0.226995 0.136197 0.068099 0.544789 0.000000 0.090798
371 12:00:03.700 0.000000 207.463231 10.664593 1.066265 0.414386 0.363505 10.133198 0.250000 0.150000 0.075000 0.600000 0.000000 0.100000
372 12:00:03.710 0.421124 211.054987 12.682711 0.895851 0.447424 0.322336 10.179511 0.272320 0.163392 0.081696 0.653567 0.000000 0.108928
373 12:00:03.720 0.000000 209.154312 15.650026 0.038533 0.453603 0.304220 10.183530 0.293893 0.176336 0.088168 0.705342 0.000000 0.117557
374 12:00:03.730 0.000000 204.262947 18.110839 0.097653 0.491518 0.313563 10.294886 0.314660 0.188796 0.094398 0.755184 0.000000 0.125864
375 12:00:03.740 0.000000 195.361331 20.673619 0.000000 0.557559 0.308797 10.295273 0.334565 0.200739 0.100370 0.802957 0.000000 0.133826
376 12:00:03.750 0.000000 183.571875 24.930224 0.269219 0.553681 0.276407 10.317288 0.353553 0.212132 0.106066 0.848528 0.000000 0.141421
377 12:00:03.760 0.000000 171.747885 29.406904 0.000000 0.570956 0.289092 10.419271 0.371572 0.222943 0.111472 0.891774 0.000000 0.148629
378 12:00:03.770 0.287300 154.725544 31.618242 1.626748 0.614196 0.269001 10.356350 0.388573 0.233144 0.116572 0.932575 0.000000 0.155429
379 12:00:03.780 2.077368 137.935090 35.908526 1.213932 0.633537 0.236574 10.411574 0.404508 0.242705 0.121353 0.970820 0.000000 0.161803
380 12:00:03.790 1.682251 121.762820 42.338089 1.573752 0.684086 0.209418 10.377288 0.419335 0.251601 0.125801 1.006405 0.000000 0.167734
381 12:00:03.800 3.115906 107.333811 43.867677 2.305598 0.741933 0.189907 10.477031 0.433013 0.259808 0.129904 1.039230 0.000000 0.173205
382 12:00:03.810 1.936465 91.632598 49.718862 2.554086 0.695729 0.167807 10.440996 0.445503 0.267302 0.133651 1.069208 0.000000 0.178201
383 12:00:03.820 2.933780 76.283802 51.759742 2.108447 0.722780 0.169685 10.440195 0.456773 0.274064 0.137032 1.096255 0.000000 0.182709
384 12:00:03.830 4.875293 62.173485 57.789100 5.534678 0.748100 0.148478 10.480142 0.466790 0.280074 0.140037 1.120297 0.000000 0.186716
385 12:00:03.840 5.823060 51.993470 60.505897 6.443611 0.743289 0.103656 10.535136 0.475528 0.285317 0.142658 1.141268 0.000000 0.190211
386 12:00:03.850 7.341882 42.289219 65.775956 9.566697 0.768740 0.073827 10.448729 0.482963 0.289778 0.144889 1.159111 0.000000 0.193185
387 12:00:03.860 10.826748 31.158822 68.703542 9.104980 0.790034 0.083859 10.535652 0.489074 0.293444 0.146722 1.173777 0.000000 0.195630
388 12:00:03.870 10.285711 26.817892 70.463316 13.201617 0.760607 0.063369 10.515423 0.493844 0.296307 0.148153 1.185226 0.000000 0.197538
389 12:00:03.880 13.523953 19.059926 73.311164 16.082774 0.799190 0.033064 10.512360 0.497261 0.298357 0.149178 1.193426 0.000000 0.198904
390 12:00:03.890 17.011456 14.306470 74.662960 17.900191 0.809305 0.036811 10.556252 0.499315 0.299589 0.149794 1.198355 0.000000 0.199726
391 12:00:03.900 21.392130 10.641204 74.348360 22.095363 0.792992 0.011828 10.453594 0.500000 0.300000 0.150000 1.200000 0.000000 0.200000
392 12:00:03.910 24.950299 7.379479 76.263471 26.351171 0.797198 0.000895 10.523760 0.499315 0.299589 0.149794 1.198355 0.000000 0.199726
393 12:00:03.920 27.901861 5.085036 72.647900 30.353177 0.800449 -0.068590 10.545980 0.497261 0.298357 0.149178 1.193426 0.000000 0.198904
394 12:00:03.930 33.969252 2.799040 73.829786 36.522530 0.783248 -0.088851 10.516540 0.493844 0.296307 0.148153 1.185226 0.000000 0.197538
395 12:00:03.940 37.095245 2.455902 71.126407 43.708051 0.813176 -0.096629 10.526057 0.489074 0.293444 0.146722 1.173777 0.000000 0.195630
396 12:00:03.950 44.625949 2.671592 68.222756 47.074591 0.766733 -0.077449 10.484440 0.482963 0.289778 0.144889 1.159111 0.000000 0.193185
397 12:00:03.960 47.440681 1.718160 63.227746 57.199231 0.763567 -0.135753 10.436037 0.475528 0.285317 0.142658 1.141268 0.000000 0.190211
398 12:00:03.970 55.595364 0.872394 60.155886 63.089035 0.771880 -0.161957 10.482551 0.466790 0.280074 0.140037 1.120297 0.000000 0.186716
399 12:00:03.980 60.351728 0.000000 60.310093 69.452148 0.711664 -0.153108 10.435119 0.456773 0.274064 0.137032 1.096255 0.000000 0.182709
400 12:00:03.990 67.411382 1.058392 52.712489 71.849494 0.734758 -0.164142 10.461130 0.445503 0.267302 0.133651 1.069208 0.000000 0.178201
401 12:00:04.000 69.263943 0.087286 50.217066 81.431676 0.692246 -0.207748 10.433972 0.433013 0.259808 0.129904 1.039230 0.000000 0.173205
402 12:00:04.010 74.855218 0.986600 44.540125 85.221983 0.658259 -0.237005 10.454454 0.419335 0.251601 0.125801 1.006405 0.000000 0.167734
403 12:00:04.020 80.724934 0.000000 40.788512 89.985422 0.691728 -0.219955 10.390979 0.404508 0.242705 0.121353 0.970820 0.000000 0.161803
404 12:00:04.030 83.176325 0.601585 34.703600 96.648380 0.630643 -0.265642 10.341771 0.388573 0.233144 0.116572 0.932575 0.000000 0.155429
405 12:00:04.040 86.471196 0.000000 33.034675 98.400036 0.570774 -0.271034 10.350401 0.371572 0.222943 0.111472 0.891774 0.000000 0.148629
406 12:00:04.050 89.139877 0.000000 28.801074 99.120534 0.572562 -0.283256 10.322376 0.353553 0.212132 0.106066 0.848528 0.000000 0.141421
407 12:00:04.060 89.542972 0.000000 24.694202 101.144800 0.523776 -0.300186 10.265852 0.334565 0.200739 0.100370 0.802957 0.000000 0.133826
408 12:00:04.070 89.529173 0.000000 21.261525 99.776532 0.532352 -0.320688 10.239047 0.314660 0.188796 0.094398 0.755184 0.000000 0.125864
409 12:00:04.080 88.241776 0.000000 18.516233 98.872209 0.467109 -0.347533 10.236816 0.293893 0.176336 0.088168 0.705342 0.000000 0.117557
410 12:00:04.090 85.340817 0.066473 14.736824 95.428589 0.439525 -0.371194 10.124306 0.272320 0.163392 0.081696 0.653567 0.000000 0.108928
411 12:00:04.100 81.911809 0.013404 12.037842 94.607025 0.389356 -0.368248 10.164648 0.250000 0.150000 0.075000 0.600000 0.000000 0.100000
412 12:00:04.110 79.170770 0.000000 10.300679 90.706148 0.347261 -0.359212 10.073244 0.226995 0.136197 0.068099 0.544789 0.000000 0.090798
413 12:00:04.120 75.796504 0.602396 10.498180 84.090820 0.347440 -0.405611 10.097369 0.203368 0.122021 0.061010 0.488084 0.000000 0.081347
414 12:00:04.130 69.755099 0.000000 9.427732 79.190122 0.282863 -0.373676 10.048294 0.179184 0.107510 0.053755 0.430042 0.000000 0.071674
415 12:00:04.140 62.493194 0.000000 4.089895 72.701743 0.238720 -0.358018 10.020932 0.154508 0.092705 0.046353 0.370820 0.000000 0.061803
416 12:00:04.150 60.197630 0.306873 4.497028 67.713305 0.216189 -0.398075 9.991111 0.129410 0.077646 0.038823 0.310583 0.000000 0.051764
417 12:00:04.160 53.633757 1.298258 3.700372 62.094885 0.135177 -0.397973 9.935606 0.103956 0.062374 0.031187 0.249494 0.000000 0.041582
418 12:00:04.170 49.774108 0.000000 2.779309 55.418363 0.117810 -0.378323 9.930254 0.078217 0.046930 0.023465 0.187721 0.000000 0.031287
419 12:00:04.180 40.884161 0.000000 1.385709 47.884575 0.060822 -0.380066 9.907637 0.052264 0.031359 0.015679 0.125434 0.000000 0.020906
420 12:00:04.190 37.105360 0.000000 1.041982 41.521219 0.002937 -0.372215 9.824260 0.026168 0.015701 0.007850 0.062803 0.000000 0.010467
421 12:00:04.200 31.880768 0.365319 2.722756 36.312772 0.045011 -0.353425 9.776246 0.000000 0.000000 0.000000 0.000000 0.000000 0.000000
422 12:00:04.210 25.922296 1.044287 0.918696 30.758132 -0.052542 -0.397718 9.821593 -0.026168 -0.015701 -0.007850 -0.062803 0.000000 -0.010467
423 12:00:04.220 0.000000 0.000000 0.000000 0.000000 -0.108694 -0.396427 9.743014 -0.052264 -0.031359 -0.015679 -0.125434 0.000000 -0.020906
424 12:00:04.230 0.000000 0.000000 0.000000 0.000000 -0.149996 -0.371775 9.700507 -0.078217 -0.046930 -0.023465 -0.187721 0.000000 -0.031287
425 12:00:04.240 0.000000 0.000000 0.000000 0.000000 -0.183071 -0.362014 9.650399 -0.103956 -0.062374 -0.031187 -0.249494 0.000000 -0.041582
426 12:00:04.250 0.000000 0.000000 0.000000 0.000000 -0.168371 -0.385447 9.673200 -0.129410 -0.077646 -0.038823 -0.310583 0.000000 -0.051764
427 12:00:04.260 0.000000 0.000000 0.000000 0.000000 -0.233242 -0.354267 9.603134 -0.154508 -0.092705 -0.046353 -0.370820 0.000000 -0.061803
428 12:00:04.270 0.000000 0.000000 0.000000 0.000000 -0.274863 -0.334287 9.568654 -0.179184 -0.107510 -0.053755 -0.430042 0.000000 -0.071674
429 12:00:04.280 0.000000 0.000000 0.000000 0.000000 -0.334730 -0.341398 9.542445 -0.203368 -0.122021 -0.061010 -0.488084 0.000000 -0.081347
430 12:00:04.290 0.000000 0.000000 0.000000 0.000000 -0.371307 -0.376687 9.490351 -0.226995 -0.136197 -0.068099 -0.544789 0.000000 -0.090798
431 12:00:04.300 0.000000 0.000000 0.000000 0.000000 -0.398796 -0.353815 9.498982 -0.250000 -0.150000 -0.075000 -0.600000 0.000000 -0.100000
432 12:00:04.310 0.000000 0.000000 0.000000 0.000000 -0.419612 -0.308108 9.462809 -0.272320 -0.163392 -0.081696 -0.653567 0.000000 -0.108928
433 12:00:04.320 0.000000 0.000000 0.000000 0.000000 -0.441337 -0.317821 9.417062 -0.293893 -0.176336 -0.088168 -0.705342 0.000000 -0.117557
434 12:00:04.330 0.000000 0.000000 0.000000 0.000000 -0.491475 -0.292902 9.404589 -0.314660 -0.188796 -0.094398 -0.755184 0.000000 -0.125864
435 12:00:04.340 0.000000 0.000000 0.000000 0.000000 -0.563365 -0.321387 9.326867 -0.334565 -0.200739 -0.100370 -0.802957 0.000000 -0.133826
436 12:00:04.350 0.000000 0.000000 0.000000 0.000000 -0.559529 -0.258980 9.318760 -0.353553 -0.212132 -0.106066 -0.848528 0.000000 -0.141421
437 12:00:04.360 0.000000 0.000000 0.000000 0.000000 -0.590456 -0.276468 9.297339 -0.371572 -0.222943 -0.111472 -0.891774 0.000000 -0.148629
438 12:00:04.370 0.000000 0.000000 0.000000 0.000000 -0.615214 -0.251029 9.246836 -0.388573 -0.233144 -0.116572 -0.932575 0.000000 -0.155429
439 12:00:04.380 0.000000 0.000000 0.000000 0.000000 -0.679094 -0.252785 9.220500 -0.404508 -0.242705 -0.121353 -0.970820 0.000000 -0.161803
440 12:00:04.390 0.000000 0.000000 0.000000 0.000000 -0.682583 -0.213156 9.215755 -0.419335 -0.251601 -0.125801 -1.006405 0.000000 -0.167734
441 12:00:04.400 0.000000 0.000000 0.000000 0.000000 -0.689593 -0.191068 9.193159 -0.433013 -0.259808 -0.129904 -1.039230 0.000000 -0.173205
442 12:00:04.410 0.000000 0.000000 0.000000 0.000000 -0.721218 -0.158567 9.149075 -0.445503 -0.267302 -0.133651 -1.069208 0.000000 -0.178201
443 12:00:04.420 0.000000 0.000000 0.000000 0.000000 -0.713142 -0.136348 9.193789 -0.456773 -0.274064 -0.137032 -1.096255 0.000000 -0.182709
444 12:00:04.430 0.000000 0.000000 0.000000 0.000000 -0.735202 -0.165720 9.136638 -0.466790 -0.280074 -0.140037 -1.120297 0.000000 -0.186716
445 12:00:04.440 0.000000 0.000000 0.000000 0.000000 -0.749677 -0.131676 9.106845 -0.475528 -0.285317 -0.142658 -1.141268 0.000000 -0.190211
446 12:00:04.450 0.000000 0.000000 0.000000 0.000000 -0.766719 -0.100883 9.122787 -0.482963 -0.289778 -0.144889 -1.159111 0.000000 -0.193185
447 12:00:04.460 0.000000 0.000000 0.000000 0.000000 -0.751077 -0.077051 9.123254 -0.489074 -0.293444 -0.146722 -1.173777 0.000000 -0.195630
448 12:00:04.470 0.000000 0.000000 0.000000 0.000000 -0.757827 -0.093464 9.077148 -0.493844 -0.296307 -0.148153 -1.185226 0.000000 -0.197538
449 12:00:04.480 0.000000 0.000000 0.000000 0.000000 -0.806551 -0.071293 9.079343 -0.497261 -0.298357 -0.149178 -1.193426 0.000000 -0.198904
450 12:00:04.490 0.000000 0.000000 0.000000 0.000000 -0.797396 -0.035669 9.087261 -0.499315 -0.299589 -0.149794 -1.198355 0.000000 -0.199726
451 12:00:04.500 0.000000 0.000000 0.000000 0.000000 -0.795983 -0.006497 9.102261 -0.500000 -0.300000 -0.150000 -1.200000 0.000000 -0.200000
452 12:00:04.510 0.000000 0.000000 0.000000 0.000000 -0.789586 0.031531 9.118930 -0.499315 -0.299589 -0.149794 -1.198355 0.000000 -0.199726
453 12:00:04.520 0.000000 0.000000 0.000000 0.000000 -0.832914 0.048160 9.103437 -0.497261 -0.298357 -0.149178 -1.193426 0.000000 -0.198904
454 12:00:04.530 0.000000 0.000000 0.000000 0.000000 -0.809937 0.057864 9.105552 -0.493844 -0.296307 -0.148153 -1.185226 0.000000 -0.197538
455 12:00:04.540 0.000000 0.000000 0.000000 0.000000 -0.781640 0.073194 9.189511 -0.489074 -0.293444 -0.146722 -1.173777 0.000000 -0.195630
456 12:00:04.550 0.000000 0.000000 0.000000 0.000000 -0.777346 0.089255 9.174906 -0.482963 -0.289778 -0.144889 -1.159111 0.000000 -0.193185
457 12:00:04.560 0.000000 0.000000 0.000000 0.000000 -0.749231 0.082218 9.164827 -0.475528 -0.285317 -0.142658 -1.141268 0.000000 -0.190211
458 12:00:04.570 0.000000 0.000000 0.000000 0.000000 -0.795796 0.164122 9.154330 -0.466790 -0.280074 -0.140037 -1.120297 0.000000 -0.186716
459 12:00:04.580 0.000000 0.000000 0.000000 0.000000 -0.733315 0.186743 9.160139 -0.456773 -0.274064 -0.137032 -1.096255 0.000000 -0.182709
460 12:00:04.590 0.000000 0.000000 0.000000 0.000000 -0.709963 0.179846 9.164985 -0.445503 -0.267302 -0.133651 -1.069208 0.000000 -0.178201
461 12:00:04.600 0.000000 0.000000 0.000000 0.000000 -0.688776 0.248010 9.246796 -0.433013 -0.259808 -0.129904 -1.039230 0.000000 -0.173205
462 12:00:04.610 0.000000 0.000000 0.000000 0.000000 -0.684018 0.229403 9.190237 -0.419335 -0.251601 -0.125801 -1.006405 0.000000 -0.167734
463 12:00:04.620 0.000000 0.000000 0.000000 0.000000 -0.607395 0.224309 9.303146 -0.404508 -0.242705 -0.121353 -0.970820 0.000000 -0.161803
464 12:00:04.630 0.000000 0.000000 0.000000 0.000000 -0.583518 0.273548 9.257336 -0.388573 -0.233144 -0.116572 -0.932575 0.000000 -0.155429
465 12:00:04.640 0.000000 0.000000 0.000000 0.000000 -0.571533 0.269564 9.340565 -0.371572 -0.222943 -0.111472 -0.891774 0.000000 -0.148629
466 12:00:04.650 0.000000 0.000000 0.000000 0.000000 -0.546036 0.284942 9.346019 -0.353553 -0.212132 -0.106066 -0.848528 0.000000 -0.141421
467 12:00:04.660 0.000000 0.000000 0.000000 0.000000 -0.536916 0.295554 9.350398 -0.334565 -0.200739 -0.100370 -0.802957 0.000000 -0.133826
468 12:00:04.670 0.000000 0.000000 0.000000 0.000000 -0.501379 0.323001 9.369317 -0.314660 -0.188796 -0.094398 -0.755184 0.000000 -0.125864
469 12:00:04.680 0.000000 0.000000 0.000000 0.000000 -0.472712 0.364785 9.423707 -0.293893 -0.176336 -0.088168 -0.705342 0.000000 -0.117557
470 12:00:04.690 0.000000 0.000000 0.000000 0.000000 -0.426930 0.319547 9.452439 -0.272320 -0.163392 -0.081696 -0.653567 0.000000 -0.108928
471 12:00:04.700 0.000000 0.000000 0.000000 0.000000 -0.410491 0.356328 9.461601 -0.250000 -0.150000 -0.075000 -0.600000 0.000000 -0.100000
472 12:00:04.710 0.000000 0.000000 0.000000 0.000000 -0.367257 0.332250 9.502032 -0.226995 -0.136197 -0.068099 -0.544789 0.000000 -0.090798
473 12:00:04.720 0.000000 0.000000 0.000000 0.000000 -0.340289 0.354286 9.499971 -0.203368 -0.122021 -0.061010 -0.488084 0.000000 -0.081347
474 12:00:04.730 0.000000 0.000000 0.000000 0.000000 -0.284918 0.356611 9.566960 -0.179184 -0.107510 -0.053755 -0.430042 0.000000 -0.071674
475 12:00:04.740 0.000000 0.000000 0.000000 0.000000 -0.280966 0.384746 9.567653 -0.154508 -0.092705 -0.046353 -0.370820 0.000000 -0.061803
476 12:00:04.750 0.000000 0.000000 0.000000 0.000000 -0.197220 0.378295 9.578561 -0.129410 -0.077646 -0.038823 -0.310583 0.000000 -0.051764
477 12:00:04.760 0.000000 0.000000 0.000000 0.000000 -0.203107 0.418321 9.620073 -0.103956 -0.062374 -0.031187 -0.249494 0.000000 -0.041582
478 12:00:04.770 0.000000 0.000000 0.000000 0.000000 -0.129195 0.379247 9.691225 -0.078217 -0.046930 -0.023465 -0.187721 0.000000 -0.031287
479 12:00:04.780 0.000000 0.000000 0.000000 0.000000 -0.085247 0.400917 9.743521 -0.052264 -0.031359 -0.015679 -0.125434 0.000000 -0.020906
480 12:00:04.790 0.000000 0.000000 0.000000 0.000000 -0.045097 0.420055 9.773770 -0.026168 -0.015701 -0.007850 -0.062803 0.000000 -0.010467
481 12:00:04.800 0.000000 74.089984 0.000000 0.000000 0.008247 0.419025 9.779141 0.000000 0.000000 0.000000 0.000000 0.000000 0.000000
482 12:00:04.810 0.000000 92.411751 2.384706 0.000000 0.056694 0.392961 9.839776 0.026168 0.015701 0.007850 0.062803 0.000000 0.010467
483 12:00:04.820 0.000000 107.003093 1.117508 0.000000 0.104797 0.374390 9.866993 0.052264 0.031359 0.015679 0.125434 0.000000 0.020906
484 12:00:04.830 0.000000 124.467820 2.079148 0.000000 0.132555 0.375684 9.957281 0.078217 0.046930 0.023465 0.187721 0.000000 0.031287
485 12:00:04.840 0.948197 142.462815 2.768873 0.000000 0.169030 0.405796 9.954137 0.103956 0.062374 0.031187 0.249494 0.000000 0.041582
486 12:00:04.850 0.000000 155.156713 3.399270 0.000000 0.231898 0.373026 10.012076 0.129410 0.077646 0.038823 0.310583 0.000000 0.051764
487 12:00:04.860 1.821901 170.920787 4.939625 0.000000 0.253503 0.396591 10.028531 0.154508 0.092705 0.046353 0.370820 0.000000 0.061803
488 12:00:04.870 0.000000 183.417551 4.814595 0.183739 0.273006 0.376533 10.025864 0.179184 0.107510 0.053755 0.430042 0.000000 0.071674
489 12:00:04.880 0.000000 195.552317 6.553305 0.679086 0.360501 0.364318 10.135005 0.203368 0.122021 0.061010 0.488084 0.000000 0.081347
490 12:00:04.890 0.632411 204.366751 8.361173 0.000000 0.389337 0.372436 10.177679 0.226995 0.136197 0.068099 0.544789 0.000000 0.090798
491 12:00:04.900 0.490848 209.552722 11.353902 0.308654 0.378743 0.356351 10.172329 0.250000 0.150000 0.075000 0.600000 0.000000 0.100000
492 12:00:04.910 0.238781 210.465408 12.656967 0.000000 0.433505 0.332302 10.179238 0.272320 0.163392 0.081696 0.653567 0.000000 0.108928
493 12:00:04.920 0.000000 208.768137 14.670848 0.000000 0.477260 0.339291 10.229660 0.293893 0.176336 0.088168 0.705342 0.000000 0.117557
494 12:00:04.930 1.057086 204.199725 18.718351 0.623584 0.513248 0.325760 10.236454 0.314660 0.188796 0.094398 0.755184 0.000000 0.125864
495 12:00:04.940 0.000000 194.569999 20.628479 0.000000 0.527557 0.296771 10.265026 0.334565 0.200739 0.100370 0.802957 0.000000 0.133826
496 12:00:04.950 0.239205 184.168303 25.448421 0.000000 0.531891 0.266743 10.312650 0.353553 0.212132 0.106066 0.848528 0.000000 0.141421
497 12:00:04.960 0.970707 170.378876 27.835241 1.195859 0.581644 0.282075 10.410669 0.371572 0.222943 0.111472 0.891774 0.000000 0.148629
498 12:00:04.970 0.000000 155.215945 31.087391 0.000000 0.622470 0.255976 10.328508 0.388573 0.233144 0.116572 0.932575 0.000000 0.155429
499 12:00:04.980 0.958256 138.270976 34.702915 2.084205 0.671406 0.216664 10.369843 0.404508 0.242705 0.121353 0.970820 0.000000 0.161803
500 12:00:04.990 1.402765 124.114409 41.792846 1.600480 0.652648 0.185052 10.398993 0.419335 0.251601 0.125801 1.006405 0.000000 0.167734
501 12:00:05.000 0.905900 105.553659 43.802496 3.543274 0.682046 0.223590 10.402493 0.433013 0.259808 0.129904 1.039230 0.000000 0.173205
502 12:00:05.010 3.473142 91.402193 49.896279 2.448940 0.724633 0.184227 10.453985 0.445503 0.267302 0.133651 1.069208 0.000000 0.178201
503 12:00:05.020 3.479862 77.277401 54.217444 3.689094 0.745364 0.159983 10.460633 0.456773 0.274064 0.137032 1.096255 0.000000 0.182709
504 12:00:05.030 3.536733 63.505914 58.009522 3.102040 0.757964 0.167222 10.476943 0.466790 0.280074 0.140037 1.120297 0.000000 0.186716
505 12:00:05.040 4.079087 51.409427 60.678501 4.164840 0.780909 0.113418 10.458970 0.475528 0.285317 0.142658 1.141268 0.000000 0.190211
506 12:00:05.050 7.365210 41.616024 64.624424 8.067564 0.768499 0.065236 10.438174 0.482963 0.289778 0.144889 1.159111 0.000000 0.193185
507 12:00:05.060 9.625975 33.857457 68.088310 9.977052 0.793959 0.071145 10.422543 0.489074 0.293444 0.146722 1.173777 0.000000 0.195630
508 12:00:05.070 11.117019 24.931564 70.417285 11.583591 0.771473 0.065260 10.504552 0.493844 0.296307 0.148153 1.185226 0.000000 0.197538
509 12:00:05.080 13.809438 18.881523 73.051106 16.342386 0.806147 0.048352 10.502001 0.497261 0.298357 0.149178 1.193426 0.000000 0.198904
510 12:00:05.090 15.452215 15.497212 74.498642 18.387590 0.811491 -0.022084 10.515945 0.499315 0.299589 0.149794 1.198355 0.000000 0.199726
511 12:00:05.100 21.393487 10.229164 76.109435 23.672203 0.798602 -0.029146 10.485247 0.500000 0.300000 0.150000 1.200000 0.000000 0.200000
512 12:00:05.110 24.194881 7.041498 75.345595 26.248867 0.798571 -0.013923 10.488011 0.499315 0.299589 0.149794 1.198355 0.000000 0.199726
513 12:00:05.120 30.621068 5.104975 73.643218 30.703686 0.787809 -0.084722 10.487108 0.497261 0.298357 0.149178 1.193426 0.000000 0.198904
514 12:00:05.130 30.490641 2.462861 71.479705 35.943936 0.786957 -0.057832 10.504180 0.493844 0.296307 0.148153 1.185226 0.000000 0.197538
515 12:00:05.140 38.823429 1.947597 71.059073 42.482353 0.787619 -0.079102 10.536028 0.489074 0.293444 0.146722 1.173777 0.000000 0.195630
516 12:00:05.150 44.712986 1.445610 67.474545 47.577235 0.795619 -0.111202 10.524880 0.482963 0.289778 0.144889 1.159111 0.000000 0.193185
517 12:00:05.160 50.907164 2.330087 65.445458 54.917506 0.758127 -0.109691 10.445683 0.475528 0.285317 0.142658 1.141268 0.000000 0.190211
518 12:00:05.170 51.777212 0.000000 61.642165 63.168866 0.760514 -0.134192 10.406439 0.466790 0.280074 0.140037 1.120297 0.000000 0.186716
519 12:00:05.180 60.570487 0.927633 58.157033 69.369439 0.736553 -0.198439 10.463622 0.456773 0.274064 0.137032 1.096255 0.000000 0.182709
520 12:00:05.190 65.823571 0.927373 51.403143 74.055340 0.777831 -0.192291 10.426474 0.445503 0.267302 0.133651 1.069208 0.000000 0.178201
521 12:00:05.200 71.500388 1.681289 47.130575 79.726330 0.708741 -0.197067 10.404848 0.433013 0.259808 0.129904 1.039230 0.000000 0.173205
522 12:00:05.210 76.072932 0.536415 43.691610 84.872561 0.662228 -0.237322 10.375688 0.419335 0.251601 0.125801 1.006405 0.000000 0.167734
523 12:00:05.220 82.024175 1.301960 39.864534 91.086039 0.655237 -0.217798 10.298345 0.404508 0.242705 0.121353 0.970820 0.000000 0.161803
524 12:00:05.230 85.686568 0.000000 33.937645 93.971437 0.594089 -0.275289 10.315412 0.388573 0.233144 0.116572 0.932575 0.000000 0.155429
525 12:00:05.240 87.203585 1.613950 32.645321 98.758010 0.590515 -0.254414 10.338789 0.371572 0.222943 0.111472 0.891774 0.000000 0.148629
526 12:00:05.250 88.514787 1.806234 28.504275 98.889945 0.544891 -0.280897 10.313094 0.353553 0.212132 0.106066 0.848528 0.000000 0.141421
527 12:00:05.260 89.904479 0.000000 23.380211 100.579577 0.531894 -0.315147 10.295731 0.334565 0.200739 0.100370 0.802957 0.000000 0.133826
528 12:00:05.270 89.794276 0.192784 21.428767 100.377724 0.477778 -0.312759 10.236254 0.314660 0.188796 0.094398 0.755184 0.000000 0.125864
529 12:00:05.280 87.222626 0.000000 19.614069 97.376995 0.490389 -0.304051 10.221877 0.293893 0.176336 0.088168 0.705342 0.000000 0.117557
530 12:00:05.290 86.918421 1.356592 13.755120 97.243957 0.452900 -0.360331 10.154165 0.272320 0.163392 0.081696 0.653567 0.000000 0.108928
531 12:00:05.300 81.757363 0.000000 12.191504 92.780096 0.409997 -0.334076 10.130676 0.250000 0.150000 0.075000 0.600000 0.000000 0.100000
532 12:00:05.310 78.204583 0.000000 10.820999 87.407467 0.361706 -0.355365 10.080398 0.226995 0.136197 0.068099 0.544789 0.000000 0.090798
533 12:00:05.320 74.554831 0.000000 8.251775 83.862918 0.327756 -0.339019 10.094269 0.203368 0.122021 0.061010 0.488084 0.000000 0.081347
534 12:00:05.330 70.686345 0.000000 6.527961 77.626896 0.296079 -0.378927 10.037243 0.179184 0.107510 0.053755 0.430042 0.000000 0.071674
535 12:00:05.340 63.666302 0.000000 5.551401 73.982282 0.201238 -0.395646 10.059047 0.154508 0.092705 0.046353 0.370820 0.000000 0.061803
536 12:00:05.350 61.824235 0.000000 2.751923 66.624679 0.227735 -0.366865 9.971903 0.129410 0.077646 0.038823 0.310583 0.000000 0.051764
537 12:00:05.360 53.643922 1.939804 2.602687 61.669549 0.217727 -0.398067 9.949362 0.103956 0.062374 0.031187 0.249494 0.000000 0.041582
538 12:00:05.370 49.002323 0.484615 2.992976 53.636720 0.146368 -0.414154 9.940230 0.078217 0.046930 0.023465 0.187721 0.000000 0.031287
539 12:00:05.380 43.638767 0.000000 1.976118 45.923743 0.065414 -0.391452 9.841032 0.052264 0.031359 0.015679 0.125434 0.000000 0.020906
540 12:00:05.390 36.538577 1.527778 0.936048 41.259579 0.045120 -0.394940 9.820583 0.026168 0.015701 0.007850 0.062803 0.000000 0.010467
541 12:00:05.400 31.927678 0.000000 0.893667 35.057745 0.036657 -0.382882 9.877000 0.000000 0.000000 0.000000 0.000000 0.000000 0.000000
542 12:00:05.410 25.824060 0.000000 0.990130 31.550944 -0.073330 -0.409948 9.775780 -0.026168 -0.015701 -0.007850 -0.062803 0.000000 -0.010467
543 12:00:05.420 0.000000 0.000000 0.000000 0.000000 -0.112665 -0.408772 9.700358 -0.052264 -0.031359 -0.015679 -0.125434 0.000000 -0.020906
544 12:00:05.430 0.000000 0.000000 0.000000 0.000000 -0.135948 -0.395615 9.718854 -0.078217 -0.046930 -0.023465 -0.187721 0.000000 -0.031287
545 12:00:05.440 0.000000 0.000000 0.000000 0.000000 -0.153765 -0.394175 9.634243 -0.103956 -0.062374 -0.031187 -0.249494 0.000000 -0.041582
546 12:00:05.450 0.000000 0.000000 0.000000 0.000000 -0.201734 -0.382965 9.644509 -0.129410 -0.077646 -0.038823 -0.310583 0.000000 -0.051764
547 12:00:05.460 0.000000 0.000000 0.000000 0.000000 -0.221954 -0.381064 9.600906 -0.154508 -0.092705 -0.046353 -0.370820 0.000000 -0.061803
548 12:00:05.470 0.000000 0.000000 0.000000 0.000000 -0.235922 -0.312420 9.573806 -0.179184 -0.107510 -0.053755 -0.430042 0.000000 -0.071674
549 12:00:05.480 0.000000 0.000000 0.000000 0.000000 -0.337402 -0.373982 9.504975 -0.203368 -0.122021 -0.061010 -0.488084 0.000000 -0.081347
550 12:00:05.490 0.000000 0.000000 0.000000 0.000000 -0.354281 -0.335853 9.497462 -0.226995 -0.136197 -0.068099 -0.544789 0.000000 -0.090798
551 12:00:05.500 0.000000 0.000000 0.000000 0.000000 -0.390032 -0.298396 9.434897 -0.250000 -0.150000 -0.075000 -0.600000 0.000000 -0.100000
552 12:00:05.510 0.000000 0.000000 0.000000 0.000000 -0.417488 -0.325592 9.415034 -0.272320 -0.163392 -0.081696 -0.653567 0.000000 -0.108928
553 12:00:05.520 0.000000 0.000000 0.000000 0.000000 -0.510115 -0.330914 9.366841 -0.293893 -0.176336 -0.088168 -0.705342 0.000000 -0.117557
554 12:00:05.530 0.000000 0.000000 0.000000 0.000000 -0.525804 -0.331247 9.364988 -0.314660 -0.188796 -0.094398 -0.755184 0.000000 -0.125864
555 12:00:05.540 0.000000 0.000000 0.000000 0.000000 -0.513631 -0.287944 9.367014 -0.334565 -0.200739 -0.100370 -0.802957 0.000000 -0.133826
556 12:00:05.550 0.000000 0.000000 0.000000 0.000000 -0.544390 -0.276825 9.296395 -0.353553 -0.212132 -0.106066 -0.848528 0.000000 -0.141421
557 12:00:05.560 0.000000 0.000000 0.000000 0.000000 -0.599715 -0.271476 9.283182 -0.371572 -0.222943 -0.111472 -0.891774 0.000000 -0.148629
558 12:00:05.570 0.000000 0.000000 0.000000 0.000000 -0.628572 -0.243193 9.309021 -0.388573 -0.233144 -0.116572 -0.932575 0.000000 -0.155429
559 12:00:05.580 0.000000 0.000000 0.000000 0.000000 -0.655677 -0.199973 9.247910 -0.404508 -0.242705 -0.121353 -0.970820 0.000000 -0.161803
560 12:00:05.590 0.000000 0.000000 0.000000 0.000000 -0.649228 -0.235678 9.171742 -0.419335 -0.251601 -0.125801 -1.006405 0.000000 -0.167734
561 12:00:05.600 0.000000 0.000000 0.000000 0.000000 -0.707047 -0.192389 9.158295 -0.433013 -0.259808 -0.129904 -1.039230 0.000000 -0.173205
562 12:00:05.610 0.000000 0.000000 0.000000 0.000000 -0.695329 -0.186266 9.168514 -0.445503 -0.267302 -0.133651 -1.069208 0.000000 -0.178201
563 12:00:05.620 0.000000 0.000000 0.000000 0.000000 -0.724375 -0.195092 9.123958 -0.456773 -0.274064 -0.137032 -1.096255 0.000000 -0.182709
564 12:00:05.630 0.000000 0.000000 0.000000 0.000000 -0.741809 -0.139857 9.162528 -0.466790 -0.280074 -0.140037 -1.120297 0.000000 -0.186716
565 12:00:05.640 0.000000 0.000000 0.000000 0.000000 -0.775632 -0.131647 9.124621 -0.475528 -0.285317 -0.142658 -1.141268 0.000000 -0.190211
566 12:00:05.650 0.000000 0.000000 0.000000 0.000000 -0.765486 -0.089096 9.142667 -0.482963 -0.289778 -0.144889 -1.159111 0.000000 -0.193185
567 12:00:05.660 0.000000 0.000000 0.000000 0.000000 -0.808150 -0.135608 9.161714 -0.489074 -0.293444 -0.146722 -1.173777 0.000000 -0.195630
568 12:00:05.670 0.000000 0.000000 0.000000 0.000000 -0.776314 -0.089848 9.149183 -0.493844 -0.296307 -0.148153 -1.185226 0.000000 -0.197538
569 12:00:05.680 0.000000 0.000000 0.000000 0.000000 -0.818117 -0.047077 9.056991 -0.497261 -0.298357 -0.149178 -1.193426 0.000000 -0.198904
570 12:00:05.690 0.000000 0.000000 0.000000 0.000000 -0.807393 0.006116 9.083944 -0.499315 -0.299589 -0.149794 -1.198355 0.000000 -0.199726
571 12:00:05.700 0.000000 0.000000 0.000000 0.000000 -0.775991 0.018443 9.038687 -0.500000 -0.300000 -0.150000 -1.200000 0.000000 -0.200000
572 12:00:05.710 0.000000 0.000000 0.000000 0.000000 -0.771381 0.043281 9.125113 -0.499315 -0.299589 -0.149794 -1.198355 0.000000 -0.199726
573 12:00:05.720 0.000000 0.000000 0.000000 0.000000 -0.797920 0.015511 9.054469 -0.497261 -0.298357 -0.149178 -1.193426 0.000000 -0.198904
574 12:00:05.730 0.000000 0.000000 0.000000 0.000000 -0.835926 0.077094 9.110085 -0.493844 -0.296307 -0.148153 -1.185226 0.000000 -0.197538
575 12:00:05.740 0.000000 0.000000 0.000000 0.000000 -0.777193 0.104022 9.079459 -0.489074 -0.293444 -0.146722 -1.173777 0.000000 -0.195630
576 12:00:05.750 0.000000 0.000000 0.000000 0.000000 -0.729049 0.111995 9.197048 -0.482963 -0.289778 -0.144889 -1.159111 0.000000 -0.193185
577 12:00:05.760 0.000000 0.000000 0.000000 0.000000 -0.756257 0.123156 9.150802 -0.475528 -0.285317 -0.142658 -1.141268 0.000000 -0.190211
578 12:00:05.770 0.000000 0.000000 0.000000 0.000000 -0.734262 0.173287 9.160680 -0.466790 -0.280074 -0.140037 -1.120297 0.000000 -0.186716
579 12:00:05.780 0.000000 0.000000 0.000000 0.000000 -0.724109 0.128919 9.171711 -0.456773 -0.274064 -0.137032 -1.096255 0.000000 -0.182709
580 12:00:05.790 0.000000 0.000000 0.000000 0.000000 -0.752415 0.233582 9.164659 -0.445503 -0.267302 -0.133651 -1.069208 0.000000 -0.178201
581 12:00:05.800 0.000000 0.000000 0.000000 0.000000 -0.645966 0.205319 9.195646 -0.433013 -0.259808 -0.129904 -1.039230 0.000000 -0.173205
582 12:00:05.810 0.000000 0.000000 0.000000 0.000000 -0.656828 0.241227 9.222127 -0.419335 -0.251601 -0.125801 -1.006405 0.000000 -0.167734
583 12:00:05.820 0.000000 0.000000 0.000000 0.000000 -0.642023 0.203266 9.226665 -0.404508 -0.242705 -0.121353 -0.970820 0.000000 -0.161803
584 12:00:05.830 0.000000 0.000000 0.000000 0.000000 -0.618910 0.249384 9.274001 -0.388573 -0.233144 -0.116572 -0.932575 0.000000 -0.155429
585 12:00:05.840 0.000000 0.000000 0.000000 0.000000 -0.572677 0.263746 9.312055 -0.371572 -0.222943 -0.111472 -0.891774 0.000000 -0.148629
586 12:00:05.850 0.000000 0.000000 0.000000 0.000000 -0.553160 0.284321 9.380241 -0.353553 -0.212132 -0.106066 -0.848528 0.000000 -0.141421
587 12:00:05.860 0.000000 0.000000 0.000000 0.000000 -0.531875 0.294709 9.314263 -0.334565 -0.200739 -0.100370 -0.802957 0.000000 -0.133826
588 12:00:05.870 0.000000 0.000000 0.000000 0.000000 -0.514013 0.315059 9.359807 -0.314660 -0.188796 -0.094398 -0.755184 0.000000 -0.125864
589 12:00:05.880 0.000000 0.000000 0.000000 0.000000 -0.455194 0.310307 9.396753 -0.293893 -0.176336 -0.088168 -0.705342 0.000000 -0.117557
590 12:00:05.890 0.000000 0.000000 0.000000 0.000000 -0.428403 0.323346 9.385664 -0.272320 -0.163392 -0.081696 -0.653567 0.000000 -0.108928
591 12:00:05.900 0.000000 0.000000 0.000000 0.000000 -0.405827 0.355715 9.436961 -0.250000 -0.150000 -0.075000 -0.600000 0.000000 -0.100000
592 12:00:05.910 0.000000 0.000000 0.000000 0.000000 -0.363718 0.352684 9.494919 -0.226995 -0.136197 -0.068099 -0.544789 0.000000 -0.090798
593 12:00:05.920 0.000000 0.000000 0.000000 0.000000 -0.336726 0.344326 9.585859 -0.203368 -0.122021 -0.061010 -0.488084 0.000000 -0.081347
594 12:00:05.930 0.000000 0.000000 0.000000 0.000000 -0.290417 0.349328 9.562329 -0.179184 -0.107510 -0.053755 -0.430042 0.000000 -0.071674
595 12:00:05.940 0.000000 0.000000 0.000000 0.000000 -0.240385 0.410246 9.591321 -0.154508 -0.092705 -0.046353 -0.370820 0.000000 -0.061803
596 12:00:05.950 0.000000 0.000000 0.000000 0.000000 -0.166973 0.392687 9.645553 -0.129410 -0.077646 -0.038823 -0.310583 0.000000 -0.051764
597 12:00:05.960 0.000000 0.000000 0.000000 0.000000 -0.178541 0.404925 9.607287 -0.103956 -0.062374 -0.031187 -0.249494 0.000000 -0.041582
598 12:00:05.970 0.000000 0.000000 0.000000 0.000000 -0.133124 0.390057 9.638566 -0.078217 -0.046930 -0.023465 -0.187721 0.000000 -0.031287
599 12:00:05.980 0.000000 0.000000 0.000000 0.000000 -0.099669 0.385401 9.779265 -0.052264 -0.031359 -0.015679 -0.125434 0.000000 -0.020906
600 12:00:05.990 0.000000 0.000000 0.000000 0.000000 -0.042201 0.390168 9.719402 -0.026168 -0.015701 -0.007850 -0.062803 0.000000 -0.010467
601 12:00:06.000 0.084270 78.027146 0.898951 0.000000 -0.008905 0.413549 9.806497 0.000000 0.000000 0.000000 0.000000 0.000000 0.000000
602 12:00:06.010 0.115831 91.051293 0.000000 0.000000 0.028900 0.397403 9.854639 0.026168 0.015701 0.007850 0.062803 0.000000 0.010467
603 12:00:06.020 0.555903 107.771059 1.928185 0.214006 0.094569 0.434491 9.924794 0.052264 0.031359 0.015679 0.125434 0.000000 0.020906
604 12:00:06.030 0.000000 124.175972 1.091954 0.000000 0.154527 0.377423 9.920769 0.078217 0.046930 0.023465 0.187721 0.000000 0.031287
605 12:00:06.040 0.000000 140.346544 4.582388 0.235953 0.161695 0.383753 9.972970 0.103956 0.062374 0.031187 0.249494 0.000000 0.041582
606 12:00:06.050 0.208291 156.270634 4.345716 0.858087 0.197324 0.396325 9.924787 0.129410 0.077646 0.038823 0.310583 0.000000 0.051764
607 12:00:06.060 0.000000 171.534897 5.559702 0.227933 0.240284 0.381881 9.987934 0.154508 0.092705 0.046353 0.370820 0.000000 0.061803
608 12:00:06.070 0.034831 184.157621 8.144026 0.000000 0.243558 0.368663 10.034400 0.179184 0.107510 0.053755 0.430042 0.000000 0.071674
609 12:00:06.080 0.120301 195.403639 6.057395 0.000000 0.351785 0.359363 10.108478 0.203368 0.122021 0.061010 0.488084 0.000000 0.081347
610 12:00:06.090 0.278329 204.403435 10.393610 1.433338 0.334604 0.349259 10.100397 0.226995 0.136197 0.068099 0.544789 0.000000 0.090798
611 12:00:06.100 0.000000 208.525111 9.945761 0.000000 0.421872 0.345118 10.162441 0.250000 0.150000 0.075000 0.600000 0.000000 0.100000
612 12:00:06.110 0.000000 210.088531 12.632392 0.972044 0.473936 0.364655 10.216752 0.272320 0.163392 0.081696 0.653567 0.000000 0.108928
613 12:00:06.120 0.000000 208.798702 15.256780 0.000000 0.455671 0.287401 10.254804 0.293893 0.176336 0.088168 0.705342 0.000000 0.117557
614 12:00:06.130 0.117578 202.577531 16.666758 0.850596 0.481146 0.331418 10.279154 0.314660 0.188796 0.094398 0.755184 0.000000 0.125864
615 12:00:06.140 0.093968 195.616020 19.516163 0.000000 0.559974 0.301233 10.292741 0.334565 0.200739 0.100370 0.802957 0.000000 0.133826
616 12:00:06.150 0.993639 183.403056 22.667609 0.424602 0.552130 0.279672 10.273704 0.353553 0.212132 0.106066 0.848528 0.000000 0.141421
617 12:00:06.160 0.593375 170.101053 27.798321 2.776014 0.614321 0.262433 10.256301 0.371572 0.222943 0.111472 0.891774 0.000000 0.148629
618 12:00:06.170 0.586913 156.330555 33.309397 1.011392 0.613700 0.228893 10.354972 0.388573 0.233144 0.116572 0.932575 0.000000 0.155429
619 12:00:06.180 2.154412 139.218526 35.543071 0.602811 0.672056 0.252429 10.403380 0.404508 0.242705 0.121353 0.970820 0.000000 0.161803
620 12:00:06.190 0.196511 123.628980 42.004629 2.454858 0.673466 0.211856 10.417954 0.419335 0.251601 0.125801 1.006405 0.000000 0.167734
621 12:00:06.200 0.572272 106.235494 45.734133 1.880450 0.665870 0.194008 10.425261 0.433013 0.259808 0.129904 1.039230 0.000000 0.173205
622 12:00:06.210 0.892092 91.377370 48.752689 3.012060 0.712323 0.198868 10.446488 0.445503 0.267302 0.133651 1.069208 0.000000 0.178201
623 12:00:06.220 2.927265 77.247910 53.301822 3.182971 0.713544 0.176051 10.461721 0.456773 0.274064 0.137032 1.096255 0.000000 0.182709
624 12:00:06.230 6.262103 62.600816 56.745355 4.067928 0.790972 0.123391 10.502810 0.466790 0.280074 0.140037 1.120297 0.000000 0.186716
625 12:00:06.240 5.603847 51.435647 61.445513 4.857932 0.769497 0.143492 10.492830 0.475528 0.285317 0.142658 1.141268 0.000000 0.190211
626 12:00:06.250 7.496226 39.192051 63.821918 8.389318 0.789673 0.139497 10.457119 0.482963 0.289778 0.144889 1.159111 0.000000 0.193185
627 12:00:06.260 10.145222 31.424906 68.347743 9.387932 0.780854 0.082055 10.513754 0.489074 0.293444 0.146722 1.173777 0.000000 0.195630
628 12:00:06.270 11.705251 23.309037 71.473623 13.239034 0.788697 0.075246 10.456517 0.493844 0.296307 0.148153 1.185226 0.000000 0.197538
629 12:00:06.280 13.177214 19.701357 71.541779 14.939883 0.799540 0.035541 10.477435 0.497261 0.298357 0.149178 1.193426 0.000000 0.198904
630 12:00:06.290 16.397909 14.929053 73.926411 18.006455 0.762056 -0.002585 10.513330 0.499315 0.299589 0.149794 1.198355 0.000000 0.199726
631 12:00:06.300 19.666617 9.661319 74.969478 22.704253 0.802485 0.010640 10.499961 0.500000 0.300000 0.150000 1.200000 0.000000 0.200000
632 12:00:06.310 25.533560 8.402040 75.124387 27.916581 0.796023 -0.020855 10.492486 0.499315 0.299589 0.149794 1.198355 0.000000 0.199726
633 12:00:06.320 28.066344 7.429835 75.470092 32.503486 0.817152 -0.057294 10.537911 0.497261 0.298357 0.149178 1.193426 0.000000 0.198904
634 12:00:06.330 33.982778 2.255063 73.088361 37.536224 0.784881 -0.070255 10.487394 0.493844 0.296307 0.148153 1.185226 0.000000 0.197538
635 12:00:06.340 38.342608 3.145245 72.751517 42.593207 0.782166 -0.064093 10.521557 0.489074 0.293444 0.146722 1.173777 0.000000 0.195630
636 12:00:06.350 43.088802 2.089320 68.556014 48.865962 0.770087 -0.115652 10.503332 0.482963 0.289778 0.144889 1.159111 0.000000 0.193185
637 12:00:06.360 49.463071 1.194572 64.340180 55.445501 0.746941 -0.099302 10.399663 0.475528 0.285317 0.142658 1.141268 0.000000 0.190211
638 12:00:06.370 53.305496 1.133681 60.888529 64.874449 0.736538 -0.169023 10.425361 0.466790 0.280074 0.140037 1.120297 0.000000 0.186716
639 12:00:06.380 60.188052 0.000000 57.846679 68.481490 0.709563 -0.207493 10.476130 0.456773 0.274064 0.137032 1.096255 0.000000 0.182709
640 12:00:06.390 65.641543 1.729992 53.304188 73.122942 0.705287 -0.172073 10.456312 0.445503 0.267302 0.133651 1.069208 0.000000 0.178201
641 12:00:06.400 69.225899 0.000000 48.794970 79.954341 0.704666 -0.222372 10.433534 0.433013 0.259808 0.129904 1.039230 0.000000 0.173205
642 12:00:06.410 76.005194 0.000000 46.953460 84.416936 0.696310 -0.255784 10.443067 0.419335 0.251601 0.125801 1.006405 0.000000 0.167734
643 12:00:06.420 81.430683 0.000000 39.261703 91.563811 0.648266 -0.223592 10.386780 0.404508 0.242705 0.121353 0.970820 0.000000 0.161803
644 12:00:06.430 83.808998 0.000000 37.091945 95.339083 0.613203 -0.276959 10.376218 0.388573 0.233144 0.116572 0.932575 0.000000 0.155429
645 12:00:06.440 86.747065 0.980040 31.451624 98.438889 0.613775 -0.266242 10.310283 0.371572 0.222943 0.111472 0.891774 0.000000 0.148629
646 12:00:06.450 86.506951 0.227133 26.919234 100.195491 0.559410 -0.291271 10.295030 0.353553 0.212132 0.106066 0.848528 0.000000 0.141421
647 12:00:06.460 88.700213 1.628837 23.323619 100.135490 0.511629 -0.284149 10.248500 0.334565 0.200739 0.100370 0.802957 0.000000 0.133826
648 12:00:06.470 89.140711 2.203679 21.564420 100.891484 0.548143 -0.325413 10.203100 0.314660 0.188796 0.094398 0.755184 0.000000 0.125864
649 12:00:06.480 87.159616 0.000000 19.450152 98.948863 0.499217 -0.292545 10.288021 0.293893 0.176336 0.088168 0.705342 0.000000 0.117557
650 12:00:06.490 86.534755 0.000000 15.419814 96.916548 0.428957 -0.353237 10.224175 0.272320 0.163392 0.081696 0.653567 0.000000 0.108928
651 12:00:06.500 82.859923 0.000000 11.982272 93.280664 0.446796 -0.351608 10.130403 0.250000 0.150000 0.075000 0.600000 0.000000 0.100000
652 12:00:06.510 79.759952 0.078264 8.868926 88.037595 0.378100 -0.351552 10.102894 0.226995 0.136197 0.068099 0.544789 0.000000 0.090798
653 12:00:06.520 75.008944 0.414514 7.593697 83.767636 0.340912 -0.351448 10.094965 0.203368 0.122021 0.061010 0.488084 0.000000 0.081347
654 12:00:06.530 69.700133 0.025354 4.920480 79.834849 0.317735 -0.378034 10.056927 0.179184 0.107510 0.053755 0.430042 0.000000 0.071674
655 12:00:06.540 66.389673 0.000000 4.602677 73.257643 0.234326 -0.380723 9.971762 0.154508 0.092705 0.046353 0.370820 0.000000 0.061803
656 12:00:06.550 60.124161 0.778196 5.115227 65.962240 0.205284 -0.390902 10.006468 0.129410 0.077646 0.038823 0.310583 0.000000 0.051764
657 12:00:06.560 53.608175 0.214127 3.668787 61.836892 0.125328 -0.414182 9.944167 0.103956 0.062374 0.031187 0.249494 0.000000 0.041582
658 12:00:06.570 48.726064 0.145120 3.604729 52.893815 0.141725 -0.372845 9.936398 0.078217 0.046930 0.023465 0.187721 0.000000 0.031287
659 12:00:06.580 40.127824 0.000000 3.334710 47.591692 0.086217 -0.418654 9.895318 0.052264 0.031359 0.015679 0.125434 0.000000 0.020906
660 12:00:06.590 38.335019 0.000000 1.797503 43.290823 0.061533 -0.401263 9.829998 0.026168 0.015701 0.007850 0.062803 0.000000 0.010467
661 12:00:06.600 30.793172 0.600013 1.010948 37.217089 0.014839 -0.392087 9.831870 0.000000 0.000000 0.000000 0.000000 0.000000 0.000000
662 12:00:06.610 27.541270 0.728101 0.894034 30.278261 -0.081356 -0.394411 9.714666 -0.026168 -0.015701 -0.007850 -0.062803 0.000000 -0.010467
663 12:00:06.620 0.000000 0.000000 0.000000 0.000000 -0.084480 -0.395531 9.704910 -0.052264 -0.031359 -0.015679 -0.125434 0.000000 -0.020906
664 12:00:06.630 0.000000 0.000000 0.000000 0.000000 -0.126573 -0.400280 9.736075 -0.078217 -0.046930 -0.023465 -0.187721 0.000000 -0.031287
665 12:00:06.640 0.000000 0.000000 0.000000 0.000000 -0.179557 -0.391547 9.659974 -0.103956 -0.062374 -0.031187 -0.249494 0.000000 -0.041582
666 12:00:06.650 0.000000 0.000000 0.000000 0.000000 -0.191788 -0.402970 9.633033 -0.129410 -0.077646 -0.038823 -0.310583 0.000000 -0.051764
667 12:00:06.660 0.000000 0.000000 0.000000 0.000000 -0.214497 -0.381904 9.629447 -0.154508 -0.092705 -0.046353 -0.370820 0.000000 -0.061803
668 12:00:06.670 0.000000 0.000000 0.000000 0.000000 -0.298679 -0.377344 9.550285 -0.179184 -0.107510 -0.053755 -0.430042 0.000000 -0.071674
669 12:00:06.680 0.000000 0.000000 0.000000 0.000000 -0.329285 -0.389369 9.507773 -0.203368 -0.122021 -0.061010 -0.488084 0.000000 -0.081347
670 12:00:06.690 0.000000 0.000000 0.000000 0.000000 -0.356820 -0.317853 9.474341 -0.226995 -0.136197 -0.068099 -0.544789 0.000000 -0.090798
671 12:00:06.700 0.000000 0.000000 0.000000 0.000000 -0.395149 -0.355255 9.456420 -0.250000 -0.150000 -0.075000 -0.600000 0.000000 -0.100000
672 12:00:06.710 0.000000 0.000000 0.000000 0.000000 -0.428915 -0.308625 9.433079 -0.272320 -0.163392 -0.081696 -0.653567 0.000000 -0.108928
673 12:00:06.720 0.000000 0.000000 0.000000 0.000000 -0.487382 -0.301853 9.415105 -0.293893 -0.176336 -0.088168 -0.705342 0.000000 -0.117557
674 12:00:06.730 0.000000 0.000000 0.000000 0.000000 -0.490087 -0.336409 9.424520 -0.314660 -0.188796 -0.094398 -0.755184 0.000000 -0.125864
675 12:00:06.740 0.000000 0.000000 0.000000 0.000000 -0.546031 -0.297784 9.336341 -0.334565 -0.200739 -0.100370 -0.802957 0.000000 -0.133826
676 12:00:06.750 0.000000 0.000000 0.000000 0.000000 -0.587650 -0.290307 9.311474 -0.353553 -0.212132 -0.106066 -0.848528 0.000000 -0.141421
677 12:00:06.760 0.000000 0.000000 0.000000 0.000000 -0.605789 -0.275666 9.236574 -0.371572 -0.222943 -0.111472 -0.891774 0.000000 -0.148629
678 12:00:06.770 0.000000 0.000000 0.000000 0.000000 -0.637411 -0.247323 9.289597 -0.388573 -0.233144 -0.116572 -0.932575 0.000000 -0.155429
679 12:00:06.780 0.000000 0.000000 0.000000 0.000000 -0.640654 -0.251244 9.209168 -0.404508 -0.242705 -0.121353 -0.970820 0.000000 -0.161803
680 12:00:06.790 0.000000 0.000000 0.000000 0.000000 -0.682168 -0.220131 9.248096 -0.419335 -0.251601 -0.125801 -1.006405 0.000000 -0.167734
681 12:00:06.800 0.000000 0.000000 0.000000 0.000000 -0.716706 -0.251389 9.214931 -0.433013 -0.259808 -0.129904 -1.039230 0.000000 -0.173205
682 12:00:06.810 0.000000 0.000000 0.000000 0.000000 -0.721639 -0.161418 9.150859 -0.445503 -0.267302 -0.133651 -1.069208 0.000000 -0.178201
683 12:00:06.820 0.000000 0.000000 0.000000 0.000000 -0.726374 -0.178672 9.191336 -0.456773 -0.274064 -0.137032 -1.096255 0.000000 -0.182709
684 12:00:06.830 0.000000 0.000000 0.000000 0.000000 -0.731611 -0.154737 9.189830 -0.466790 -0.280074 -0.140037 -1.120297 0.000000 -0.186716
685 12:00:06.840 0.000000 0.000000 0.000000 0.000000 -0.805309 -0.132814 9.141103 -0.475528 -0.285317 -0.142658 -1.141268 0.000000 -0.190211
686 12:00:06.850 0.000000 0.000000 0.000000 0.000000 -0.784093 -0.127647 9.155387 -0.482963 -0.289778 -0.144889 -1.159111 0.000000 -0.193185
687 12:00:06.860 0.000000 0.000000 0.000000 0.000000 -0.796851 -0.074983 9.146095 -0.489074 -0.293444 -0.146722 -1.173777 0.000000 -0.195630
688 12:00:06.870 0.000000 0.000000 0.000000 0.000000 -0.818700 -0.063383 9.167989 -0.493844 -0.296307 -0.148153 -1.185226 0.000000 -0.197538
689 12:00:06.880 0.000000 0.000000 0.000000 0.000000 -0.793873 -0.053190 9.072786 -0.497261 -0.298357 -0.149178 -1.193426 0.000000 -0.198904
690 12:00:06.890 0.000000 0.000000 0.000000 0.000000 -0.782967 -0.024965 9.122672 -0.499315 -0.299589 -0.149794 -1.198355 0.000000 -0.199726
691 12:00:06.900 0.000000 0.000000 0.000000 0.000000 -0.776773 -0.002380 9.100018 -0.500000 -0.300000 -0.150000 -1.200000 0.000000 -0.200000
692 12:00:06.910 0.000000 0.000000 0.000000 0.000000 -0.793524 0.020698 9.107546 -0.499315 -0.299589 -0.149794 -1.198355 0.000000 -0.199726
693 12:00:06.920 0.000000 0.000000 0.000000 0.000000 -0.769848 0.022157 9.112205 -0.497261 -0.298357 -0.149178 -1.193426 0.000000 -0.198904
694 12:00:06.930 0.000000 0.000000 0.000000 0.000000 -0.778846 0.096923 9.101856 -0.493844 -0.296307 -0.148153 -1.185226 0.000000 -0.197538
695 12:00:06.940 0.000000 0.000000 0.000000 0.000000 -0.785933 0.064728 9.145969 -0.489074 -0.293444 -0.146722 -1.173777 0.000000 -0.195630
696 12:00:06.950 0.000000 0.000000 0.000000 0.000000 -0.770947 0.121633 9.152226 -0.482963 -0.289778 -0.144889 -1.159111 0.000000 -0.193185
697 12:00:06.960 0.000000 0.000000 0.000000 0.000000 -0.780143 0.071760 9.124210 -0.475528 -0.285317 -0.142658 -1.141268 0.000000 -0.190211
698 12:00:06.970 0.000000 0.000000 0.000000 0.000000 -0.747083 0.167820 9.137434 -0.466790 -0.280074 -0.140037 -1.120297 0.000000 -0.186716
699 12:00:06.980 0.000000 0.000000 0.000000 0.000000 -0.731022 0.197231 9.181224 -0.456773 -0.274064 -0.137032 -1.096255 0.000000 -0.182709
700 12:00:06.990 0.000000 0.000000 0.000000 0.000000 -0.720668 0.180365 9.187847 -0.445503 -0.267302 -0.133651 -1.069208 0.000000 -0.178201
701 12:00:07.000 0.000000 0.000000 0.000000 0.000000 -0.722554 0.185434 9.182889 -0.433013 -0.259808 -0.129904 -1.039230 0.000000 -0.173205
702 12:00:07.010 0.000000 0.000000 0.000000 0.000000 -0.673307 0.211212 9.249611 -0.419335 -0.251601 -0.125801 -1.006405 0.000000 -0.167734
703 12:00:07.020 0.000000 0.000000 0.000000 0.000000 -0.672625 0.210011 9.232370 -0.404508 -0.242705 -0.121353 -0.970820 0.000000 -0.161803
704 12:00:07.030 0.000000 0.000000 0.000000 0.000000 -0.625642 0.249410 9.255341 -0.388573 -0.233144 -0.116572 -0.932575 0.000000 -0.155429
705 12:00:07.040 0.000000 0.000000 0.000000 0.000000 -0.600353 0.282353 9.324476 -0.371572 -0.222943 -0.111472 -0.891774 0.000000 -0.148629
706 12:00:07.050 0.000000 0.000000 0.000000 0.000000 -0.538713 0.253650 9.363273 -0.353553 -0.212132 -0.106066 -0.848528 0.000000 -0.141421
707 12:00:07.060 0.000000 0.000000 0.000000 0.000000 -0.548800 0.311075 9.355992 -0.334565 -0.200739 -0.100370 -0.802957 0.000000 -0.133826
708 12:00:07.070 0.000000 0.000000 0.000000 0.000000 -0.509850 0.308062 9.353145 -0.314660 -0.188796 -0.094398 -0.755184 0.000000 -0.125864
709 12:00:07.080 0.000000 0.000000 0.000000 0.000000 -0.485586 0.302000 9.426066 -0.293893 -0.176336 -0.088168 -0.705342 0.000000 -0.117557
710 12:00:07.090 0.000000 0.000000 0.000000 0.000000 -0.431486 0.370692 9.391163 -0.272320 -0.163392 -0.081696 -0.653567 0.000000 -0.108928
711 12:00:07.100 0.000000 0.000000 0.000000 0.000000 -0.393418 0.341797 9.419588 -0.250000 -0.150000 -0.075000 -0.600000 0.000000 -0.100000
712 12:00:07.110 0.000000 0.000000 0.000000 0.000000 -0.351718 0.310522 9.435947 -0.226995 -0.136197 -0.068099 -0.544789 0.000000 -0.090798
713 12:00:07.120 0.000000 0.000000 0.000000 0.000000 -0.317022 0.356058 9.500860 -0.203368 -0.122021 -0.061010 -0.488084 0.000000 -0.081347
714 12:00:07.130 0.000000 0.000000 0.000000 0.000000 -0.298029 0.383485 9.556731 -0.179184 -0.107510 -0.053755 -0.430042 0.000000 -0.071674
715 12:00:07.140 0.000000 0.000000 0.000000 0.000000 -0.237702 0.370232 9.577526 -0.154508 -0.092705 -0.046353 -0.370820 0.000000 -0.061803
716 12:00:07.150 0.000000 0.000000 0.000000 0.000000 -0.216829 0.376541 9.655676 -0.129410 -0.077646 -0.038823 -0.310583 0.000000 -0.051764
717 12:00:07.160 0.000000 0.000000 0.000000 0.000000 -0.213271 0.413915 9.652089 -0.103956 -0.062374 -0.031187 -0.249494 0.000000 -0.041582
718 12:00:07.170 0.000000 0.000000 0.000000 0.000000 -0.145644 0.365083 9.688799 -0.078217 -0.046930 -0.023465 -0.187721 0.000000 -0.031287
719 12:00:07.180 0.000000 0.000000 0.000000 0.000000 -0.091551 0.387466 9.713258 -0.052264 -0.031359 -0.015679 -0.125434 0.000000 -0.020906
720 12:00:07.190 0.000000 0.000000 0.000000 0.000000 -0.059168 0.399691 9.749157 -0.026168 -0.015701 -0.007850 -0.062803 0.000000 -0.010467
721 12:00:07.200 0.235566 77.785540 0.466014 0.839425 0.028232 0.411999 9.838005 0.000000 0.000000 0.000000 0.000000 0.000000 0.000000
722 12:00:07.210 1.200071 92.003736 2.043783 0.235596 0.032837 0.394370 9.857616 0.026168 0.015701 0.007850 0.062803 0.000000 0.010467
723 12:00:07.220 0.000000 107.379348 1.289316 0.000000 0.070080 0.403955 9.846574 0.052264 0.031359 0.015679 0.125434 0.000000 0.020906
724 12:00:07.230 0.000000 123.104903 2.315733 0.016248 0.110042 0.417870 9.976884 0.078217 0.046930 0.023465 0.187721 0.000000 0.031287
725 12:00:07.240 0.000000 137.925757 2.856547 0.000000 0.172922 0.383292 9.947433 0.103956 0.062374 0.031187 0.249494 0.000000 0.041582
726 12:00:07.250 0.157567 157.379024 3.092657 0.000000 0.224020 0.368527 10.003766 0.129410 0.077646 0.038823 0.310583 0.000000 0.051764
727 12:00:07.260 0.000000 171.721619 3.257403 0.000000 0.285008 0.381214 10.015920 0.154508 0.092705 0.046353 0.370820 0.000000 0.061803
728 12:00:07.270 0.568474 183.172647 6.468548 0.000000 0.286234 0.359271 10.043381 0.179184 0.107510 0.053755 0.430042 0.000000 0.071674
729 12:00:07.280 0.000000 193.554304 8.165786 0.228736 0.338211 0.345606 10.080705 0.203368 0.122021 0.061010 0.488084 0.000000 0.081347
730 12:00:07.290 0.000000 203.657820 9.774724 0.553465 0.334425 0.335318 10.126080 0.226995 0.136197 0.068099 0.544789 0.000000 0.090798
731 12:00:07.300 0.000000 208.275494 8.952537 0.000000 0.381767 0.324320 10.113150 0.250000 0.150000 0.075000 0.600000 0.000000 0.100000
732 12:00:07.310 0.331579 210.268497 12.639595 0.000000 0.443285 0.313182 10.188152 0.272320 0.163392 0.081696 0.653567 0.000000 0.108928
733 12:00:07.320 0.000000 209.234097 14.983415 0.000000 0.475818 0.355425 10.272121 0.293893 0.176336 0.088168 0.705342 0.000000 0.117557
734 12:00:07.330 0.180620 203.566283 19.011537 0.708065 0.517040 0.333666 10.231324 0.314660 0.188796 0.094398 0.755184 0.000000 0.125864
735 12:00:07.340 0.000000 194.243357 22.212826 0.638718 0.500107 0.298787 10.286733 0.334565 0.200739 0.100370 0.802957 0.000000 0.133826
736 12:00:07.350 0.000000 182.666822 23.668107 1.099233 0.545650 0.321526 10.318472 0.353553 0.212132 0.106066 0.848528 0.000000 0.141421
737 12:00:07.360 0.598841 170.253365 29.492539 0.000000 0.599255 0.247374 10.341129 0.371572 0.222943 0.111472 0.891774 0.000000 0.148629
738 12:00:07.370 0.490339 155.142701 32.527646 0.846771 0.622671 0.245631 10.365676 0.388573 0.233144 0.116572 0.932575 0.000000 0.155429
739 12:00:07.380 0.000000 139.879491 35.043844 1.509802 0.648682 0.247533 10.368884 0.404508 0.242705 0.121353 0.970820 0.000000 0.161803
740 12:00:07.390 1.159726 121.965423 40.456973 0.953539 0.666301 0.235593 10.378645 0.419335 0.251601 0.125801 1.006405 0.000000 0.167734
741 12:00:07.400 3.145322 106.387060 44.749437 2.261637 0.693350 0.183790 10.417543 0.433013 0.259808 0.129904 1.039230 0.000000 0.173205
742 12:00:07.410 2.738424 92.924370 49.439419 2.439691 0.705180 0.192850 10.441281 0.445503 0.267302 0.133651 1.069208 0.000000 0.178201
743 12:00:07.420 2.797193 76.685654 53.798530 3.664117 0.706308 0.144678 10.475805 0.456773 0.274064 0.137032 1.096255 0.000000 0.182709
744 12:00:07.430 3.870788 63.625049 58.164003 5.746428 0.737394 0.133040 10.521544 0.466790 0.280074 0.140037 1.120297 0.000000 0.186716
745 12:00:07.440 5.571003 53.572979 60.891339 7.680604 0.739097 0.115881 10.514418 0.475528 0.285317 0.142658 1.141268 0.000000 0.190211
746 12:00:07.450 7.720484 41.244899 65.514761 8.101137 0.774488 0.105457 10.500637 0.482963 0.289778 0.144889 1.159111 0.000000 0.193185
747 12:00:07.460 8.260129 33.415965 68.079885 10.652850 0.759817 0.058163 10.523008 0.489074 0.293444 0.146722 1.173777 0.000000 0.195630
748 12:00:07.470 12.381753 25.761757 72.603745 12.123027 0.805504 0.070787 10.491945 0.493844 0.296307 0.148153 1.185226 0.000000 0.197538
749 12:00:07.480 13.493052 18.635640 74.195964 16.143166 0.780567 0.047812 10.427786 0.497261 0.298357 0.149178 1.193426 0.000000 0.198904
750 12:00:07.490 17.550246 13.503550 73.937923 19.744154 0.752141 0.019612 10.502756 0.499315 0.299589 0.149794 1.198355 0.000000 0.199726
751 12:00:07.500 20.317530 10.097359 77.564648 24.519352 0.777591 -0.027938 10.515956 0.500000 0.300000 0.150000 1.200000 0.000000 0.200000
752 12:00:07.510 21.836166 7.399647 75.062002 26.794827 0.838548 -0.015251 10.510175 0.499315 0.299589 0.149794 1.198355 0.000000 0.199726
753 12:00:07.520 28.458979 4.983176 74.135688 31.633054 0.765206 -0.027216 10.467709 0.497261 0.298357 0.149178 1.193426 0.000000 0.198904
754 12:00:07.530 32.649841 4.133602 73.502920 37.614588 0.804735 -0.041323 10.477984 0.493844 0.296307 0.148153 1.185226 0.000000 0.197538
755 12:00:07.540 39.534645 3.094651 70.599673 43.251194 0.801111 -0.099177 10.484520 0.489074 0.293444 0.146722 1.173777 0.000000 0.195630
756 12:00:07.550 44.124695 1.673793 67.253277 48.894857 0.794856 -0.108480 10.491002 0.482963 0.289778 0.144889 1.159111 0.000000 0.193185
757 12:00:07.560 48.471702 2.073768 63.840228 56.939149 0.760676 -0.136016 10.517735 0.475528 0.285317 0.142658 1.141268 0.000000 0.190211
758 12:00:07.570 54.513315 1.259882 62.561541 61.976002 0.805376 -0.133208 10.432119 0.466790 0.280074 0.140037 1.120297 0.000000 0.186716
759 12:00:07.580 60.635260 0.000000 57.320916 69.115519 0.753313 -0.177022 10.453426 0.456773 0.274064 0.137032 1.096255 0.000000 0.182709
760 12:00:07.590 66.792829 0.000000 55.062069 74.253983 0.695953 -0.178784 10.443930 0.445503 0.267302 0.133651 1.069208 0.000000 0.178201
761 12:00:07.600 71.940125 0.000000 49.724140 79.168785 0.714362 -0.165301 10.429255 0.433013 0.259808 0.129904 1.039230 0.000000 0.173205
762 12:00:07.610 75.837904 1.862048 46.209581 83.920744 0.699180 -0.227153 10.321923 0.419335 0.251601 0.125801 1.006405 0.000000 0.167734
763 12:00:07.620 80.716761 0.000000 39.388892 89.863580 0.633550 -0.217248 10.359663 0.404508 0.242705 0.121353 0.970820 0.000000 0.161803
764 12:00:07.630 84.712624 0.392669 35.911140 94.926016 0.636234 -0.213537 10.399004 0.388573 0.233144 0.116572 0.932575 0.000000 0.155429
765 12:00:07.640 87.802197 0.000000 34.060612 98.166089 0.562459 -0.246052 10.294903 0.371572 0.222943 0.111472 0.891774 0.000000 0.148629
766 12:00:07.650 89.797487 0.000000 29.614375 100.486854 0.552813 -0.289097 10.328584 0.353553 0.212132 0.106066 0.848528 0.000000 0.141421
767 12:00:07.660 89.000839 0.494367 24.040121 100.036610 0.535097 -0.323991 10.247807 0.334565 0.200739 0.100370 0.802957 0.000000 0.133826
768 12:00:07.670 89.636787 0.353434 20.097822 102.356219 0.496830 -0.311560 10.176883 0.314660 0.188796 0.094398 0.755184 0.000000 0.125864
769 12:00:07.680 88.158306 0.000000 17.457559 99.219892 0.474262 -0.345677 10.251244 0.293893 0.176336 0.088168 0.705342 0.000000 0.117557
770 12:00:07.690 86.501525 0.650835 15.096348 98.706107 0.429534 -0.356114 10.191920 0.272320 0.163392 0.081696 0.653567 0.000000 0.108928
771 12:00:07.700 81.769118 0.000000 12.898775 91.737234 0.419685 -0.303492 10.149378 0.250000 0.150000 0.075000 0.600000 0.000000 0.100000
772 12:00:07.710 78.305886 0.000000 10.295470 88.661244 0.367722 -0.389216 10.098273 0.226995 0.136197 0.068099 0.544789 0.000000 0.090798
773 12:00:07.720 74.800922 0.000000 7.998958 84.510472 0.346357 -0.374217 10.134836 0.203368 0.122021 0.061010 0.488084 0.000000 0.081347
774 12:00:07.730 69.417524 0.300617 9.032635 78.430167 0.276517 -0.347959 10.058368 0.179184 0.107510 0.053755 0.430042 0.000000 0.071674
775 12:00:07.740 63.312848 0.031720 6.384043 73.827868 0.243323 -0.409362 9.998985 0.154508 0.092705 0.046353 0.370820 0.000000 0.061803
776 12:00:07.750 60.850517 0.268765 4.426591 66.953208 0.185039 -0.364480 9.958700 0.129410 0.077646 0.038823 0.310583 0.000000 0.051764
777 12:00:07.760 52.679420 0.298984 4.319639 60.385544 0.195813 -0.389821 9.971764 0.103956 0.062374 0.031187 0.249494 0.000000 0.041582
778 12:00:07.770 47.165344 0.000000 1.626964 53.248096 0.144925 -0.403933 9.917133 0.078217 0.046930 0.023465 0.187721 0.000000 0.031287
779 12:00:07.780 42.349845 0.965588 2.914126 48.723395 0.042117 -0.396317 9.851247 0.052264 0.031359 0.015679 0.125434 0.000000 0.020906
780 12:00:07.790 36.445064 0.088035 3.323067 42.298077 0.027997 -0.401671 9.889480 0.026168 0.015701 0.007850 0.062803 0.000000 0.010467
781 12:00:07.800 29.662278 0.000000 1.524942 33.168673 -0.013531 -0.394153 9.791106 0.000000 0.000000 0.000000 0.000000 0.000000 0.000000
782 12:00:07.810 27.331386 0.000000 1.124332 28.970526 -0.022389 -0.398952 9.756176 -0.026168 -0.015701 -0.007850 -0.062803 0.000000 -0.010467
783 12:00:07.820 0.000000 0.000000 0.000000 0.000000 -0.058799 -0.440511 9.803945 -0.052264 -0.031359 -0.015679 -0.125434 0.000000 -0.020906
784 12:00:07.830 0.000000 0.000000 0.000000 0.000000 -0.117249 -0.416670 9.711532 -0.078217 -0.046930 -0.023465 -0.187721 0.000000 -0.031287
785 12:00:07.840 0.000000 0.000000 0.000000 0.000000 -0.153854 -0.364686 9.697967 -0.103956 -0.062374 -0.031187 -0.249494 0.000000 -0.041582
786 12:00:07.850 0.000000 0.000000 0.000000 0.000000 -0.190999 -0.366449 9.643885 -0.129410 -0.077646 -0.038823 -0.310583 0.000000 -0.051764
787 12:00:07.860 0.000000 0.000000 0.000000 0.000000 -0.233418 -0.390711 9.591604 -0.154508 -0.092705 -0.046353 -0.370820 0.000000 -0.061803
788 12:00:07.870 0.000000 0.000000 0.000000 0.000000 -0.285432 -0.366015 9.543330 -0.179184 -0.107510 -0.053755 -0.430042 0.000000 -0.071674
789 12:00:07.880 0.000000 0.000000 0.000000 0.000000 -0.333448 -0.342343 9.535184 -0.203368 -0.122021 -0.061010 -0.488084 0.000000 -0.081347
790 12:00:07.890 0.000000 0.000000 0.000000 0.000000 -0.374200 -0.364199 9.511761 -0.226995 -0.136197 -0.068099 -0.544789 0.000000 -0.090798
791 12:00:07.900 0.000000 0.000000 0.000000 0.000000 -0.403033 -0.333354 9.439899 -0.250000 -0.150000 -0.075000 -0.600000 0.000000 -0.100000
792 12:00:07.910 0.000000 0.000000 0.000000 0.000000 -0.428560 -0.334275 9.442240 -0.272320 -0.163392 -0.081696 -0.653567 0.000000 -0.108928
793 12:00:07.920 0.000000 0.000000 0.000000 0.000000 -0.444350 -0.298812 9.437082 -0.293893 -0.176336 -0.088168 -0.705342 0.000000 -0.117557
794 12:00:07.930 0.000000 0.000000 0.000000 0.000000 -0.517273 -0.310292 9.400114 -0.314660 -0.188796 -0.094398 -0.755184 0.000000 -0.125864
795 12:00:07.940 0.000000 0.000000 0.000000 0.000000 -0.498961 -0.322950 9.348666 -0.334565 -0.200739 -0.100370 -0.802957 0.000000 -0.133826
796 12:00:07.950 0.000000 0.000000 0.000000 0.000000 -0.582675 -0.289849 9.325406 -0.353553 -0.212132 -0.106066 -0.848528 0.000000 -0.141421
797 12:00:07.960 0.000000 0.000000 0.000000 0.000000 -0.569373 -0.251470 9.228870 -0.371572 -0.222943 -0.111472 -0.891774 0.000000 -0.148629
798 12:00:07.970 0.000000 0.000000 0.000000 0.000000 -0.610989 -0.239379 9.327751 -0.388573 -0.233144 -0.116572 -0.932575 0.000000 -0.155429
799 12:00:07.980 0.000000 0.000000 0.000000 0.000000 -0.630745 -0.193790 9.263235 -0.404508 -0.242705 -0.121353 -0.970820 0.000000 -0.161803
800 12:00:07.990 0.000000 0.000000 0.000000 0.000000 -0.659419 -0.196070 9.181676 -0.419335 -0.251601 -0.125801 -1.006405 0.000000 -0.167734
801 12:00:08.000 0.000000 0.000000 0.000000 0.000000 -0.681643 -0.222794 9.194474 -0.433013 -0.259808 -0.129904 -1.039230 0.000000 -0.173205
802 12:00:08.010 0.000000 0.000000 0.000000 0.000000 -0.705603 -0.127811 9.193222 -0.445503 -0.267302 -0.133651 -1.069208 0.000000 -0.178201
803 12:00:08.020 0.000000 0.000000 0.000000 0.000000 -0.750523 -0.186748 9.235183 -0.456773 -0.274064 -0.137032 -1.096255 0.000000 -0.182709
804 12:00:08.030 0.000000 0.000000 0.000000 0.000000 -0.757648 -0.146761 9.174682 -0.466790 -0.280074 -0.140037 -1.120297 0.000000 -0.186716
805 12:00:08.040 0.000000 0.000000 0.000000 0.000000 -0.724436 -0.100169 9.150837 -0.475528 -0.285317 -0.142658 -1.141268 0.000000 -0.190211
806 12:00:08.050 0.000000 0.000000 0.000000 0.000000 -0.775611 -0.075189 9.154984 -0.482963 -0.289778 -0.144889 -1.159111 0.000000 -0.193185
807 12:00:08.060 0.000000 0.000000 0.000000 0.000000 -0.789670 -0.098100 9.090575 -0.489074 -0.293444 -0.146722 -1.173777 0.000000 -0.195630
808 12:00:08.070 0.000000 0.000000 0.000000 0.000000 -0.813205 -0.064066 9.159072 -0.493844 -0.296307 -0.148153 -1.185226 0.000000 -0.197538
809 12:00:08.080 0.000000 0.000000 0.000000 0.000000 -0.813930 -0.025789 9.117361 -0.497261 -0.298357 -0.149178 -1.193426 0.000000 -0.198904
810 12:00:08.090 0.000000 0.000000 0.000000 0.000000 -0.804448 -0.032788 9.062109 -0.499315 -0.299589 -0.149794 -1.198355 0.000000 -0.199726
811 12:00:08.100 0.000000 0.000000 0.000000 0.000000 -0.835970 -0.014600 9.139725 -0.500000 -0.300000 -0.150000 -1.200000 0.000000 -0.200000
812 12:00:08.110 0.000000 0.000000 0.000000 0.000000 -0.797917 0.038275 9.037992 -0.499315 -0.299589 -0.149794 -1.198355 0.000000 -0.199726
813 12:00:08.120 0.000000 0.000000 0.000000 0.000000 -0.774121 0.019578 9.108780 -0.497261 -0.298357 -0.149178 -1.193426 0.000000 -0.198904
814 12:00:08.130 0.000000 0.000000 0.000000 0.000000 -0.810666 0.029975 9.047071 -0.493844 -0.296307 -0.148153 -1.185226 0.000000 -0.197538
815 12:00:08.140 0.000000 0.000000 0.000000 0.000000 -0.793255 0.093231 9.139901 -0.489074 -0.293444 -0.146722 -1.173777 0.000000 -0.195630
816 12:00:08.150 0.000000 0.000000 0.000000 0.000000 -0.782133 0.118779 9.128276 -0.482963 -0.289778 -0.144889 -1.159111 0.000000 -0.193185
817 12:00:08.160 0.000000 0.000000 0.000000 0.000000 -0.775954 0.090360 9.092456 -0.475528 -0.285317 -0.142658 -1.141268 0.000000 -0.190211
818 12:00:08.170 0.000000 0.000000 0.000000 0.000000 -0.751617 0.158630 9.212507 -0.466790 -0.280074 -0.140037 -1.120297 0.000000 -0.186716
819 12:00:08.180 0.000000 0.000000 0.000000 0.000000 -0.728644 0.123224 9.152981 -0.456773 -0.274064 -0.137032 -1.096255 0.000000 -0.182709
820 12:00:08.190 0.000000 0.000000 0.000000 0.000000 -0.721493 0.183480 9.192224 -0.445503 -0.267302 -0.133651 -1.069208 0.000000 -0.178201
821 12:00:08.200 0.000000 0.000000 0.000000 0.000000 -0.656866 0.226263 9.167363 -0.433013 -0.259808 -0.129904 -1.039230 0.000000 -0.173205
822 12:00:08.210 0.000000 0.000000 0.000000 0.000000 -0.689097 0.240767 9.234427 -0.419335 -0.251601 -0.125801 -1.006405 0.000000 -0.167734
823 12:00:08.220 0.000000 0.000000 0.000000 0.000000 -0.650459 0.231933 9.271944 -0.404508 -0.242705 -0.121353 -0.970820 0.000000 -0.161803
824 12:00:08.230 0.000000 0.000000 0.000000 0.000000 -0.635860 0.235045 9.222921 -0.388573 -0.233144 -0.116572 -0.932575 0.000000 -0.155429
825 12:00:08.240 0.000000 0.000000 0.000000 0.000000 -0.566877 0.265079 9.306892 -0.371572 -0.222943 -0.111472 -0.891774 0.000000 -0.148629
826 12:00:08.250 0.000000 0.000000 0.000000 0.000000 -0.587160 0.277039 9.328591 -0.353553 -0.212132 -0.106066 -0.848528 0.000000 -0.141421
827 12:00:08.260 0.000000 0.000000 0.000000 0.000000 -0.538708 0.279059 9.392573 -0.334565 -0.200739 -0.100370 -0.802957 0.000000 -0.133826
828 12:00:08.270 0.000000 0.000000 0.000000 0.000000 -0.490656 0.332643 9.375782 -0.314660 -0.188796 -0.094398 -0.755184 0.000000 -0.125864
829 12:00:08.280 0.000000 0.000000 0.000000 0.000000 -0.468275 0.325873 9.353027 -0.293893 -0.176336 -0.088168 -0.705342 0.000000 -0.117557
830 12:00:08.290 0.000000 0.000000 0.000000 0.000000 -0.432798 0.356651 9.475143 -0.272320 -0.163392 -0.081696 -0.653567 0.000000 -0.108928
831 12:00:08.300 0.000000 0.000000 0.000000 0.000000 -0.454878 0.349932 9.462633 -0.250000 -0.150000 -0.075000 -0.600000 0.000000 -0.100000
832 12:00:08.310 0.000000 0.000000 0.000000 0.000000 -0.336609 0.351099 9.493500 -0.226995 -0.136197 -0.068099 -0.544789 0.000000 -0.090798
833 12:00:08.320 0.000000 0.000000 0.000000 0.000000 -0.329627 0.381756 9.544858 -0.203368 -0.122021 -0.061010 -0.488084 0.000000 -0.081347
834 12:00:08.330 0.000000 0.000000 0.000000 0.000000 -0.275133 0.376503 9.573690 -0.179184 -0.107510 -0.053755 -0.430042 0.000000 -0.071674
835 12:00:08.340 0.000000 0.000000 0.000000 0.000000 -0.259823 0.412363 9.626966 -0.154508 -0.092705 -0.046353 -0.370820 0.000000 -0.061803
836 12:00:08.350 0.000000 0.000000 0.000000 0.000000 -0.223191 0.386503 9.630814 -0.129410 -0.077646 -0.038823 -0.310583 0.000000 -0.051764
837 12:00:08.360 0.000000 0.000000 0.000000 0.000000 -0.149701 0.414498 9.615758 -0.103956 -0.062374 -0.031187 -0.249494 0.000000 -0.041582
838 12:00:08.370 0.000000 0.000000 0.000000 0.000000 -0.129014 0.342384 9.725438 -0.078217 -0.046930 -0.023465 -0.187721 0.000000 -0.031287
839 12:00:08.380 0.000000 0.000000 0.000000 0.000000 -0.068348 0.407836 9.783197 -0.052264 -0.031359 -0.015679 -0.125434 0.000000 -0.020906
840 12:00:08.390 0.000000 0.000000 0.000000 0.000000 -0.004544 0.360988 9.813521 -0.026168 -0.015701 -0.007850 -0.062803 0.000000 -0.010467
841 12:00:08.400 0.000000 77.742666 1.203328 0.000000 -0.001987 0.425418 9.847396 0.000000 0.000000 0.000000 0.000000 0.000000 0.000000
842 12:00:08.410 0.157563 93.006110 1.169185 0.513142 0.043609 0.389423 9.815329 0.026168 0.015701 0.007850 0.062803 0.000000 0.010467
843 12:00:08.420 0.333195 106.345364 0.000000 1.089055 0.078333 0.421076 9.922562 0.052264 0.031359 0.015679 0.125434 0.000000 0.020906
844 12:00:08.430 0.000000 124.383162 3.091623 1.197026 0.117116 0.420692 9.880782 0.078217 0.046930 0.023465 0.187721 0.000000 0.031287
845 12:00:08.440 0.954749 142.660726 3.885062 0.049571 0.167180 0.368990 9.978539 0.103956 0.062374 0.031187 0.249494 0.000000 0.041582
846 12:00:08.450 0.000000 155.119357 3.882164 0.000000 0.216786 0.405078 9.969840 0.129410 0.077646 0.038823 0.310583 0.000000 0.051764
847 12:00:08.460 0.702182 171.572684 5.162936 1.007563 0.282548 0.383497 10.024343 0.154508 0.092705 0.046353 0.370820 0.000000 0.061803
848 12:00:08.470 1.627107 184.449736 5.015003 0.004874 0.292958 0.350493 10.079040 0.179184 0.107510 0.053755 0.430042 0.000000 0.071674
849 12:00:08.480 0.000000 196.116464 7.757549 0.372473 0.277882 0.364552 10.096482 0.203368 0.122021 0.061010 0.488084 0.000000 0.081347
850 12:00:08.490 0.000000 202.615964 6.829700 0.128944 0.370056 0.363780 10.127318 0.226995 0.136197 0.068099 0.544789 0.000000 0.090798
851 12:00:08.500 0.000000 208.273419 12.009353 1.084430 0.366656 0.336038 10.209229 0.250000 0.150000 0.075000 0.600000 0.000000 0.100000
852 12:00:08.510 2.372401 209.755557 12.481687 0.000000 0.445997 0.313905 10.179167 0.272320 0.163392 0.081696 0.653567 0.000000 0.108928
853 12:00:08.520 1.161791 208.506212 17.372017 0.000000 0.478665 0.333869 10.233780 0.293893 0.176336 0.088168 0.705342 0.000000 0.117557
854 12:00:08.530 0.197918 204.633203 19.121030 1.726715 0.533216 0.279882 10.294060 0.314660 0.188796 0.094398 0.755184 0.000000 0.125864
855 12:00:08.540 2.039321 193.749293 20.645535 0.731503 0.546696 0.282954 10.278208 0.334565 0.200739 0.100370 0.802957 0.000000 0.133826
856 12:00:08.550 0.354915 184.826043 25.554248 0.000000 0.565910 0.287764 10.273176 0.353553 0.212132 0.106066 0.848528 0.000000 0.141421
857 12:00:08.560 0.000000 170.386732 28.432176 0.288522 0.586863 0.212787 10.296642 0.371572 0.222943 0.111472 0.891774 0.000000 0.148629
858 12:00:08.570 1.680621 156.084211 31.939504 1.182646 0.638518 0.265960 10.363278 0.388573 0.233144 0.116572 0.932575 0.000000 0.155429
859 12:00:08.580 2.158718 140.091687 35.853854 2.038657 0.638358 0.254446 10.351635 0.404508 0.242705 0.121353 0.970820 0.000000 0.161803
860 12:00:08.590 1.457352 122.126824 39.546433 0.691272 0.682066 0.209257 10.425522 0.419335 0.251601 0.125801 1.006405 0.000000 0.167734
861 12:00:08.600 1.757624 105.978153 44.241558 2.966955 0.737872 0.214627 10.411079 0.433013 0.259808 0.129904 1.039230 0.000000 0.173205
862 12:00:08.610 2.518365 91.318315 47.661062 1.320788 0.688911 0.187997 10.483752 0.445503 0.267302 0.133651 1.069208 0.000000 0.178201
863 12:00:08.620 2.459848 75.621677 56.272502 4.070583 0.692030 0.160989 10.509391 0.456773 0.274064 0.137032 1.096255 0.000000 0.182709
864 12:00:08.630 5.100924 62.857623 59.219878 5.535208 0.747386 0.130660 10.465000 0.466790 0.280074 0.140037 1.120297 0.000000 0.186716
865 12:00:08.640 6.293929 52.963487 59.916050 6.345106 0.764495 0.131780 10.497864 0.475528 0.285317 0.142658 1.141268 0.000000 0.190211
866 12:00:08.650 6.658108 40.166962 64.227984 8.350838 0.787082 0.066492 10.464207 0.482963 0.289778 0.144889 1.159111 0.000000 0.193185
867 12:00:08.660 7.292906 31.543857 68.910585 11.102276 0.780163 0.064996 10.477809 0.489074 0.293444 0.146722 1.173777 0.000000 0.195630
868 12:00:08.670 11.509400 26.451903 70.070026 13.508618 0.775762 0.067885 10.492189 0.493844 0.296307 0.148153 1.185226 0.000000 0.197538
869 12:00:08.680 12.800404 19.342389 72.523811 15.270551 0.792660 0.017867 10.530035 0.497261 0.298357 0.149178 1.193426 0.000000 0.198904
870 12:00:08.690 17.759416 15.540109 74.570454 18.888596 0.844464 0.026331 10.455306 0.499315 0.299589 0.149794 1.198355 0.000000 0.199726
871 12:00:08.700 18.720705 11.288298 74.611287 23.195021 0.802756 -0.018581 10.510340 0.500000 0.300000 0.150000 1.200000 0.000000 0.200000
872 12:00:08.710 25.903469 8.991638 74.593838 26.756580 0.807566 -0.020457 10.455348 0.499315 0.299589 0.149794 1.198355 0.000000 0.199726
873 12:00:08.720 29.262438 4.526739 74.544871 31.019625 0.821461 -0.064475 10.483043 0.497261 0.298357 0.149178 1.193426 0.000000 0.198904
874 12:00:08.730 33.187223 2.761396 74.302303 37.239548 0.798671 -0.047564 10.488073 0.493844 0.296307 0.148153 1.185226 0.000000 0.197538
875 12:00:08.740 38.656002 2.759146 70.732292 43.316377 0.768974 -0.068437 10.506274 0.489074 0.293444 0.146722 1.173777 0.000000 0.195630
876 12:00:08.750 42.371841 1.584288 70.472056 50.163614 0.747632 -0.119602 10.479402 0.482963 0.289778 0.144889 1.159111 0.000000 0.193185
877 12:00:08.760 49.997309 0.769868 65.854201 53.872378 0.728596 -0.118252 10.451842 0.475528 0.285317 0.142658 1.141268 0.000000 0.190211
878 12:00:08.770 54.978833 1.137455 61.364760 63.423502 0.713772 -0.127429 10.492269 0.466790 0.280074 0.140037 1.120297 0.000000 0.186716
879 12:00:08.780 60.469952 0.000000 56.437803 69.023595 0.745122 -0.162198 10.432354 0.456773 0.274064 0.137032 1.096255 0.000000 0.182709
880 12:00:08.790 66.904390 0.657983 53.843163 75.252606 0.709971 -0.197066 10.398006 0.445503 0.267302 0.133651 1.069208 0.000000 0.178201
881 12:00:08.800 71.774015 0.266417 49.253724 80.042915 0.698735 -0.194514 10.461520 0.433013 0.259808 0.129904 1.039230 0.000000 0.173205
882 12:00:08.810 76.722225 0.945074 45.034750 84.046723 0.646733 -0.276183 10.418480 0.419335 0.251601 0.125801 1.006405 0.000000 0.167734
883 12:00:08.820 79.933865 0.000000 38.956228 88.891336 0.666428 -0.215022 10.397148 0.404508 0.242705 0.121353 0.970820 0.000000 0.161803
884 12:00:08.830 83.187098 0.298349 37.956960 94.725338 0.614328 -0.274710 10.394231 0.388573 0.233144 0.116572 0.932575 0.000000 0.155429
885 12:00:08.840 86.274615 0.000000 31.597044 98.546683 0.619231 -0.256916 10.327307 0.371572 0.222943 0.111472 0.891774 0.000000 0.148629
886 12:00:08.850 87.725933 0.054456 26.202797 98.880722 0.567459 -0.274509 10.327585 0.353553 0.212132 0.106066 0.848528 0.000000 0.141421
887 12:00:08.860 90.492834 0.352927 24.973592 102.181757 0.527514 -0.260788 10.233142 0.334565 0.200739 0.100370 0.802957 0.000000 0.133826
888 12:00:08.870 88.775619 0.045017 23.760678 100.054668 0.548170 -0.347764 10.245407 0.314660 0.188796 0.094398 0.755184 0.000000 0.125864
889 12:00:08.880 87.627649 0.000000 19.707149 98.563641 0.475577 -0.289489 10.250948 0.293893 0.176336 0.088168 0.705342 0.000000 0.117557
890 12:00:08.890 86.146801 0.000000 14.778301 97.732875 0.433823 -0.330368 10.198500 0.272320 0.163392 0.081696 0.653567 0.000000 0.108928
891 12:00:08.900 85.068506 0.382757 15.472987 94.180397 0.394768 -0.365032 10.142516 0.250000 0.150000 0.075000 0.600000 0.000000 0.100000
892 12:00:08.910 78.220696 0.000000 9.025726 89.140192 0.356105 -0.355260 10.110697 0.226995 0.136197 0.068099 0.544789 0.000000 0.090798
893 12:00:08.920 75.671185 1.048870 7.338325 85.817403 0.344512 -0.355504 10.065424 0.203368 0.122021 0.061010 0.488084 0.000000 0.081347
894 12:00:08.930 68.715781 0.681354 8.549230 79.503997 0.290029 -0.380029 10.057663 0.179184 0.107510 0.053755 0.430042 0.000000 0.071674
895 12:00:08.940 64.907021 0.000000 4.211147 72.244459 0.265504 -0.366296 9.997641 0.154508 0.092705 0.046353 0.370820 0.000000 0.061803
896 12:00:08.950 59.394843 0.000000 3.880282 68.054189 0.189071 -0.369170 9.946177 0.129410 0.077646 0.038823 0.310583 0.000000 0.051764
897 12:00:08.960 54.483433 0.000000 2.387558 60.458958 0.163374 -0.394503 9.907202 0.103956 0.062374 0.031187 0.249494 0.000000 0.041582
898 12:00:08.970 44.531699 0.000000 4.279293 54.157119 0.111624 -0.386166 9.949740 0.078217 0.046930 0.023465 0.187721 0.000000 0.031287
899 12:00:08.980 42.112856 0.000000 0.874451 46.912215 0.078746 -0.402370 9.887780 0.052264 0.031359 0.015679 0.125434 0.000000 0.020906
900 12:00:08.990 36.800029 1.147276 1.393829 40.286563 0.036575 -0.394954 9.826998 0.026168 0.015701 0.007850 0.062803 0.000000 0.010467
901 12:00:09.000 30.331023 0.000000 1.655672 34.705163 -0.008823 -0.384022 9.811372 0.000000 0.000000 0.000000 0.000000 0.000000 0.000000
902 12:00:09.010 27.020499 0.665053 0.975718 31.759332 -0.049860 -0.392257 9.779642 -0.026168 -0.015701 -0.007850 -0.062803 0.000000 -0.010467
903 12:00:09.020 0.000000 0.000000 0.000000 0.000000 -0.051552 -0.430826 9.725710 -0.052264 -0.031359 -0.015679 -0.125434 0.000000 -0.020906
904 12:00:09.030 0.000000 0.000000 0.000000 0.000000 -0.160586 -0.361113 9.720585 -0.078217 -0.046930 -0.023465 -0.187721 0.000000 -0.031287
905 12:00:09.040 0.000000 0.000000 0.000000 0.000000 -0.206571 -0.407561 9.648184 -0.103956 -0.062374 -0.031187 -0.249494 0.000000 -0.041582
906 12:00:09.050 0.000000 0.000000 0.000000 0.000000 -0.193362 -0.369876 9.669585 -0.129410 -0.077646 -0.038823 -0.310583 0.000000 -0.051764
907 12:00:09.060 0.000000 0.000000 0.000000 0.000000 -0.241187 -0.407764 9.671667 -0.154508 -0.092705 -0.046353 -0.370820 0.000000 -0.061803
908 12:00:09.070 0.000000 0.000000 0.000000 0.000000 -0.292834 -0.366769 9.591508 -0.179184 -0.107510 -0.053755 -0.430042 0.000000 -0.071674
909 12:00:09.080 0.000000 0.000000 0.000000 0.000000 -0.336349 -0.342458 9.470087 -0.203368 -0.122021 -0.061010 -0.488084 0.000000 -0.081347
910 12:00:09.090 0.000000 0.000000 0.000000 0.000000 -0.363192 -0.335800 9.475875 -0.226995 -0.136197 -0.068099 -0.544789 0.000000 -0.090798
911 12:00:09.100 0.000000 0.000000 0.000000 0.000000 -0.400615 -0.348913 9.478210 -0.250000 -0.150000 -0.075000 -0.600000 0.000000 -0.100000
912 12:00:09.110 0.000000 0.000000 0.000000 0.000000 -0.413572 -0.328522 9.455747 -0.272320 -0.163392 -0.081696 -0.653567 0.000000 -0.108928
913 12:00:09.120 0.000000 0.000000 0.000000 0.000000 -0.498844 -0.327033 9.397242 -0.293893 -0.176336 -0.088168 -0.705342 0.000000 -0.117557
914 12:00:09.130 0.000000 0.000000 0.000000 0.000000 -0.524708 -0.318795 9.339956 -0.314660 -0.188796 -0.094398 -0.755184 0.000000 -0.125864
915 12:00:09.140 0.000000 0.000000 0.000000 0.000000 -0.584300 -0.273807 9.365142 -0.334565 -0.200739 -0.100370 -0.802957 0.000000 -0.133826
916 12:00:09.150 0.000000 0.000000 0.000000 0.000000 -0.559434 -0.285689 9.321465 -0.353553 -0.212132 -0.106066 -0.848528 0.000000 -0.141421
917 12:00:09.160 0.000000 0.000000 0.000000 0.000000 -0.599520 -0.278743 9.328199 -0.371572 -0.222943 -0.111472 -0.891774 0.000000 -0.148629
918 12:00:09.170 0.000000 0.000000 0.000000 0.000000 -0.643538 -0.205227 9.259176 -0.388573 -0.233144 -0.116572 -0.932575 0.000000 -0.155429
919 12:00:09.180 0.000000 0.000000 0.000000 0.000000 -0.667611 -0.254468 9.238746 -0.404508 -0.242705 -0.121353 -0.970820 0.000000 -0.161803
920 12:00:09.190 0.000000 0.000000 0.000000 0.000000 -0.656240 -0.206866 9.221016 -0.419335 -0.251601 -0.125801 -1.006405 0.000000 -0.167734
921 12:00:09.200 0.000000 0.000000 0.000000 0.000000 -0.738964 -0.215864 9.190645 -0.433013 -0.259808 -0.129904 -1.039230 0.000000 -0.173205
922 12:00:09.210 0.000000 0.000000 0.000000 0.000000 -0.741782 -0.200462 9.155397 -0.445503 -0.267302 -0.133651 -1.069208 0.000000 -0.178201
923 12:00:09.220 0.000000 0.000000 0.000000 0.000000 -0.714839 -0.152635 9.168313 -0.456773 -0.274064 -0.137032 -1.096255 0.000000 -0.182709
924 12:00:09.230 0.000000 0.000000 0.000000 0.000000 -0.765686 -0.142831 9.135449 -0.466790 -0.280074 -0.140037 -1.120297 0.000000 -0.186716
925 12:00:09.240 0.000000 0.000000 0.000000 0.000000 -0.765590 -0.138860 9.101136 -0.475528 -0.285317 -0.142658 -1.141268 0.000000 -0.190211
926 12:00:09.250 0.000000 0.000000 0.000000 0.000000 -0.775818 -0.089666 9.111242 -0.482963 -0.289778 -0.144889 -1.159111 0.000000 -0.193185
927 12:00:09.260 0.000000 0.000000 0.000000 0.000000 -0.786135 -0.134602 9.176100 -0.489074 -0.293444 -0.146722 -1.173777 0.000000 -0.195630
928 12:00:09.270 0.000000 0.000000 0.000000 0.000000 -0.785177 -0.054141 9.129856 -0.493844 -0.296307 -0.148153 -1.185226 0.000000 -0.197538
929 12:00:09.280 0.000000 0.000000 0.000000 0.000000 -0.774708 0.009258 9.083990 -0.497261 -0.298357 -0.149178 -1.193426 0.000000 -0.198904
930 12:00:09.290 0.000000 0.000000 0.000000 0.000000 -0.776889 -0.006273 9.131325 -0.499315 -0.299589 -0.149794 -1.198355 0.000000 -0.199726
931 12:00:09.300 0.000000 0.000000 0.000000 0.000000 -0.792553 -0.003148 9.093421 -0.500000 -0.300000 -0.150000 -1.200000 0.000000 -0.200000
932 12:00:09.310 0.000000 0.000000 0.000000 0.000000 -0.794200 0.024684 9.065532 -0.499315 -0.299589 -0.149794 -1.198355 0.000000 -0.199726
933 12:00:09.320 0.000000 0.000000 0.000000 0.000000 -0.794730 0.019504 9.089303 -0.497261 -0.298357 -0.149178 -1.193426 0.000000 -0.198904
934 12:00:09.330 0.000000 0.000000 0.000000 0.000000 -0.782284 0.051713 9.142158 -0.493844 -0.296307 -0.148153 -1.185226 0.000000 -0.197538
935 12:00:09.340 0.000000 0.000000 0.000000 0.000000 -0.806591 0.077402 9.133069 -0.489074 -0.293444 -0.146722 -1.173777 0.000000 -0.195630
936 12:00:09.350 0.000000 0.000000 0.000000 0.000000 -0.741419 0.128990 9.122196 -0.482963 -0.289778 -0.144889 -1.159111 0.000000 -0.193185
937 12:00:09.360 0.000000 0.000000 0.000000 0.000000 -0.788573 0.099496 9.161641 -0.475528 -0.285317 -0.142658 -1.141268 0.000000 -0.190211
938 12:00:09.370 0.000000 0.000000 0.000000 0.000000 -0.756052 0.139586 9.158345 -0.466790 -0.280074 -0.140037 -1.120297 0.000000 -0.186716
939 12:00:09.380 0.000000 0.000000 0.000000 0.000000 -0.695972 0.172246 9.182856 -0.456773 -0.274064 -0.137032 -1.096255 0.000000 -0.182709
940 12:00:09.390 0.000000 0.000000 0.000000 0.000000 -0.726213 0.207608 9.212353 -0.445503 -0.267302 -0.133651 -1.069208 0.000000 -0.178201
941 12:00:09.400 0.000000 0.000000 0.000000 0.000000 -0.692617 0.207486 9.181102 -0.433013 -0.259808 -0.129904 -1.039230 0.000000 -0.173205
942 12:00:09.410 0.000000 0.000000 0.000000 0.000000 -0.720472 0.209759 9.239378 -0.419335 -0.251601 -0.125801 -1.006405 0.000000 -0.167734
943 12:00:09.420 0.000000 0.000000 0.000000 0.000000 -0.668063 0.240701 9.256649 -0.404508 -0.242705 -0.121353 -0.970820 0.000000 -0.161803
944 12:00:09.430 0.000000 0.000000 0.000000 0.000000 -0.600678 0.241925 9.217349 -0.388573 -0.233144 -0.116572 -0.932575 0.000000 -0.155429
945 12:00:09.440 0.000000 0.000000 0.000000 0.000000 -0.601600 0.296246 9.244791 -0.371572 -0.222943 -0.111472 -0.891774 0.000000 -0.148629
946 12:00:09.450 0.000000 0.000000 0.000000 0.000000 -0.555659 0.330607 9.243592 -0.353553 -0.212132 -0.106066 -0.848528 0.000000 -0.141421
947 12:00:09.460 0.000000 0.000000 0.000000 0.000000 -0.507200 0.309505 9.304213 -0.334565 -0.200739 -0.100370 -0.802957 0.000000 -0.133826
948 12:00:09.470 0.000000 0.000000 0.000000 0.000000 -0.529642 0.308053 9.375360 -0.314660 -0.188796 -0.094398 -0.755184 0.000000 -0.125864
949 12:00:09.480 0.000000 0.000000 0.000000 0.000000 -0.464606 0.344073 9.348866 -0.293893 -0.176336 -0.088168 -0.705342 0.000000 -0.117557
950 12:00:09.490 0.000000 0.000000 0.000000 0.000000 -0.415671 0.325110 9.361955 -0.272320 -0.163392 -0.081696 -0.653567 0.000000 -0.108928
951 12:00:09.500 0.000000 0.000000 0.000000 0.000000 -0.393404 0.329521 9.466171 -0.250000 -0.150000 -0.075000 -0.600000 0.000000 -0.100000
952 12:00:09.510 0.000000 0.000000 0.000000 0.000000 -0.369917 0.333604 9.560519 -0.226995 -0.136197 -0.068099 -0.544789 0.000000 -0.090798
953 12:00:09.520 0.000000 0.000000 0.000000 0.000000 -0.340213 0.350397 9.491428 -0.203368 -0.122021 -0.061010 -0.488084 0.000000 -0.081347
954 12:00:09.530 0.000000 0.000000 0.000000 0.000000 -0.318236 0.372626 9.617897 -0.179184 -0.107510 -0.053755 -0.430042 0.000000 -0.071674
955 12:00:09.540 0.000000 0.000000 0.000000 0.000000 -0.233425 0.403047 9.577132 -0.154508 -0.092705 -0.046353 -0.370820 0.000000 -0.061803
956 12:00:09.550 0.000000 0.000000 0.000000 0.000000 -0.196767 0.391351 9.615753 -0.129410 -0.077646 -0.038823 -0.310583 0.000000 -0.051764
957 12:00:09.560 0.000000 0.000000 0.000000 0.000000 -0.155411 0.372393 9.732816 -0.103956 -0.062374 -0.031187 -0.249494 0.000000 -0.041582
958 12:00:09.570 0.000000 0.000000 0.000000 0.000000 -0.136652 0.375053 9.719202 -0.078217 -0.046930 -0.023465 -0.187721 0.000000 -0.031287
959 12:00:09.580 0.000000 0.000000 0.000000 0.000000 -0.083079 0.420286 9.732397 -0.052264 -0.031359 -0.015679 -0.125434 0.000000 -0.020906
960 12:00:09.590 0.000000 0.000000 0.000000 0.000000 -0.052526 0.408918 9.742189 -0.026168 -0.015701 -0.007850 -0.062803 0.000000 -0.010467
